rank,playerId,name,team,opponent,isHome,battingOrder,position,bats,lineupSource,gameStatus,pitcher,pitcherThrows,pitcherHr9,pitcherMixLabel,pHr,pHrRaw,xHr,expectedPa,confidence,confidenceBand,confidenceNotes,reasons,factor_batter,factor_pitcher,factor_park,factor_platoon,factor_weather,factor_form,parkHrFactor,parkAirLabel,season_hr,season_pa,season_slg,recent_hr,recent_pa,recent_games,barrelPct,evAvg,hardHitPct,xIso,pullPct
1,701398,Sal Stewart,CIN,SD,True,3,1B,R,projected,preview,Randy Vásquez,R,1.1,71% hard · 21% break,0.16471528410094458,0.17634041577083837,0.1746900455776047,3,0.69588576,fair,Weather not posted; Projected order,21.7% vs RHP last 10; 4S-FB 31%; trending +5.2 brl; 102.5 last game,1.427679756996046,1.1370818403503964,1.15,1.42,1,1.22,115,115 air · 72° dew · RHB,31,599,.489,4,46,10,13.6,90.1,38.7,0.227,32.4
2,682829,Elly De La Cruz,CIN,SD,True,2,DH,S,projected,preview,Randy Vásquez,R,1.1,71% hard · 21% break,0.1614574128123634,0.16993853311254203,0.17102161369785562,3,0.69588576,fair,Weather not posted; Projected order,22.2% vs RHP last 10; 4S-FB 31%; trending +4.5 brl; 102.2 last game,1.3586559682362245,1.1115223308443232,1.16,1.42,1,1.22,116,116 air · 72° dew · switch,21,533,.477,1,46,10,14,93.9,50.9,0.199,33.8
3,691718,Pete Crow-Armstrong,CHC,MIL,True,1,CF,L,projected,preview,Robert Gasser,L,1.42,65% hard · 26% break,0.16140035487914658,0.16982641137389043,0.17095744999235418,3,0.69588576,fair,Weather not posted; Projected order,18.2% vs LHP last 10; 5 tanks last 10; trending +8.1 brl; 102.1 last game,1.574016754361811,1.0389628291100232,1.07,1.42,1,1.22,107,107 air · 74° dew · LHB,38,618,.573,7,48,10,13.1,90.2,48.8,0.239,50.7
4,665487,Fernando Tatis Jr.,SD,CIN,False,1,RF,R,projected,preview,Nick Lodolo,L,1.71,52% hard · 25% break,0.1570082836210649,0.16384126176184854,0.1660271167056706,3,0.69588576,fair,Weather not posted; Projected order,14.3% vs LHP last 10; Changeup 24%; 110.2 last game; 4× 100+ last 3,1.2055701683832067,1.2548355304001082,1.15,1.3429592598177025,1,1.22,115,115 air · 72° dew · RHB,17,600,.438,2,45,10,12.3,92.8,53.7,0.187,34.9
5,663886,Tyler Stephenson,CIN,SD,True,5,C,R,projected,preview,Randy Vásquez,R,1.1,71% hard · 21% break,0.15642520996953013,0.16321108861435674,0.16537387419041605,3,0.69588576,fair,Weather not posted; Projected order,20% vs RHP last 10; 4S-FB 31%; 31.8% pull air; 72.7% ideal AA,1.2825523488351218,1.1667121163185046,1.15,1.42,1,1.1587946878306878,115,115 air · 72° dew · RHB,14,394,.427,2,43,10,12.6,91.2,45.7,0.208,35.8
6,808959,Munetaka Murakami,CWS,HOU,False,2,1B,L,projected,preview,Ronel Blanco,R,2.7,36% hard · 34% break,0.15358935123919282,0.1654883683710806,0.16220102443332263,3,0.40083019776,thin,Starter sample thin; Weather not posted; Starter outing length thin; Projected order,4S-FB 36%; 107.5 last game; 28.6% pull air; 23.4% blast,1.7896448032264258,1.374618856252021,1.06,1.2490690795504467,1,0.8902400000000001,106,106 air · 77° dew · pull × porch · LHB,29,447,.495,0,45,10,19.5,94,57.2,0.271,43.7
7,669394,Jake Burger,TEX,ATH,True,5,1B,R,projected,preview,Brady Basso,L,0.96,61% hard · 38% break,0.14918583168508498,0.1581887479946643,0.15728824176706369,3,0.527968526112,fair,Weather not posted; Starter outing length thin; Projected order,30% vs LHP last 10; 4S-FB 44%; trending +12.2 brl; 105.4 last game,1.3125578831501525,1.0929607920614755,1.08,1.42,1,1.22,108,108 air · 64° dew · RHB,23,521,.427,2,37,10,11.6,90.2,46.9,0.184,44.2
8,665833,Oneil Cruz,PIT,SF,True,2,DH,L,projected,preview,Logan Webb,R,0.67,56% hard · 20% break,0.14849593885590848,0.15464130721224,0.15652010042250153,3,0.69588576,fair,Weather not posted; Projected order,33.3% vs RHP last 10; 22.2% vs hard; trending +5.6 brl; 106.9 last game,1.5612518299354141,1.0264998454464456,0.93,1.42,1,1.22,93,93 air · 74° dew · LHB,17,328,.484,2,42,10,17.9,95.5,57.1,0.243,42.3
9,621566,Matt Olson,ATL,WSH,False,3,1B,L,projected,preview,Jake Irvin,R,1.54,59% hard · 33% break,0.14652761747597848,0.15251398886060297,0.1543308075723362,3,0.69588576,fair,Weather not posted; Projected order,4S-FB 29%; 102.9 last game; 5× 100+ last 3; 25% pull air,1.6811316431128327,1.2418142156600174,1.05,1.2784902321006224,1,0.8998080000000002,105,105 air · 71° dew · LHB,37,600,.523,1,43,10,15.3,92.7,50.4,0.269,39.3
10,679822,Justin Foscue,TEX,ATH,True,6,2B,R,projected,preview,Brady Basso,L,0.96,61% hard · 38% break,0.14555410351592402,0.15413110682006337,0.15324924707753607,3,0.527968526112,fair,Weather not posted; Starter outing length thin; Projected order,18.2% vs LHP last 10; 4S-FB 44%; tank last game; trending +6.2 brl,1.3223137013233204,1.0377818018822142,1.08,1.42,1,1.22,108,108 air · 64° dew · RHB,10,199,.494,,,,11.4,89.3,40.9,0.209,47
11,699302,Héctor Rodríguez,CIN,SD,True,1,RF,L,projected,preview,Randy Vásquez,R,1.1,71% hard · 21% break,0.14389085011452338,0.15394228647318997,0.15140329485176074,3,0.42614035200000006,thin,Short season sample; Weather not posted; Projected order,18.8% vs RHP last 10; Cutter 24%; trending +6.5 brl; 58.3% ideal AA,1.1258870556988156,1.132407292222337,1.16,1.42,1,1.22,116,116 air · 72° dew · LHB,4,73,.439,4,42,10,10.2,87.6,30.6,0.161,40.8
12,668709,JJ Bleday,CIN,SD,True,4,LF,L,projected,preview,Randy Vásquez,R,1.1,71% hard · 21% break,0.1436993932461485,0.14945730646716382,0.15119096104138274,3,0.69588576,fair,Weather not posted; Projected order,4S-FB 31%; 24.1% pull air; 62.1% ideal AA; 40.3% sweet,1.2714124301890604,1.1081624943675954,1.16,1.3223145023381422,1,1.127251162790698,116,116 air · 72° dew · LHB,21,459,.425,1,44,10,9.6,88.5,39.7,0.185,45.1
13,696100,Hunter Goodman,COL,BAL,True,3,C,R,projected,preview,Kyle Bradish,R,1.01,52% hard · 47% break,0.1415373608144538,0.1471206294815477,0.1487953688705237,3,0.69588576,fair,Weather not posted; Projected order,Sinker 36%; 105.8 last game; 80% ideal AA; 17.2% blast,1.7256371420661327,1.0788268719545429,1.12,1.228649534569178,1,0.9257640000000001,112,112 air · 50° dew · RHB,36,488,.543,2,39,10,16.3,90.3,45.6,0.238,47.7
14,691406,Junior Caminero,TB,NYM,True,3,3B,R,projected,preview,Sean Manaea,L,1.47,66% hard · 31% break,0.1402191364133979,0.14569592161192035,0.14733671275464177,3,0.69588576,fair,Weather not posted; Projected order,Sweeper 31%; 102.2 last game; 25.3% blast; 79.7 bat,1.5463020761837347,1.2115855078763742,1.01,1.3439509835220156,1,0.9172800000000002,101,101 air · roof closed · RHB,37,597,.536,2,42,10,13,93.1,50.5,0.224,46.5
15,671277,Luis García Jr.,NYY,LAA,False,3,1B,L,projected,preview,Grayson Rodriguez,R,1.26,54% hard · 21% break,0.13896355195020466,0.14433891360610562,0.14594875538037522,3,0.69588576,fair,Weather not posted; Projected order,4S-FB 54%; 4× 100+ last 3; 25.9% pull air; 85.2% ideal AA,1.4559668407977444,1.1396512003886357,0.84,1.3501440572179497,1,1.22,84,84 air · 58° dew · LHB,28,471,.549,3,38,10,12.3,91.8,46.6,0.217,43.1
16,670541,Yordan Alvarez,HOU,CWS,True,2,DH,L,projected,preview,Sean Burke,R,1.09,61% hard · 37% break,0.1379955059658352,0.14329267084881214,0.14487957180424405,3,0.69588576,fair,Weather not posted; Projected order,4S-FB 37%; 109.5 last game; 4× 100+ last 3; 20.8% pull air,1.820800875113442,1.0330450705906253,1.05,1.1925226472946258,1,0.9627945600000002,105,105 air · 77° dew · LHB,37,597,.605,1,44,10,16.7,94.5,53.5,0.335,41.4
17,681715,Heriberto Hernández,MIA,KC,False,1,LF,R,projected,preview,Randy Dobnak,R,0.52,49% hard · 30% break,0.1379157665630083,0.14377644506340248,0.14479153723681448,3,0.6548285001599999,fair,Weather not posted; Projected order,23.1% vs RHP last 10; Changeup 21%; trending +9.6 brl; 20–30° last 5,1.4987491004704705,0.9246105136734721,0.95,1.42,1,1.22,95,95 air · 63° dew · RHB,22,395,.464,4,44,10,13.5,91.2,47.3,0.237,47.3
18,660670,Ronald Acuña Jr.,ATL,WSH,False,2,RF,R,projected,preview,Jake Irvin,R,1.54,59% hard · 33% break,0.13674036879720664,0.14193614626910134,0.14349449400221248,3,0.69588576,fair,Weather not posted; Projected order,12.5% vs RHP last 10; 4S-FB 29%; 61.9% ideal AA; 14.3% barrels last 10,1.2606620327735674,1.2209749661153562,1.05,1.193415258492443,1,1.15681875,105,105 air · 71° dew · RHB,13,374,.409,0,44,10,12.8,90.1,45.1,0.215,36.6
19,665953,Andrés Chaparro,WSH,ATL,True,3,1B,R,projected,preview,AJ Smith-Shawver,R,0.66,50% hard · 15% break,0.13555384431666342,0.14480899143587922,0.1421863660890561,3,0.40083019776,thin,Starter sample thin; Weather not posted; Starter outing length thin; Projected order,13.3% vs RHP last 10; 4S-FB 44%; 29.4% pull air; 61.1% ideal AA,1.4205111357419513,1.1127977621761829,1.05,1.3939325059007608,1,0.9978199100719425,105,105 air · 71° dew · RHB,9,171,.507,2,39,10,13.9,89.6,46.3,0.227,51.9
20,646240,Rafael Devers,SF,PIT,False,2,DH,L,projected,preview,Paul Skenes,R,0.87,52% hard · 24% break,0.1353714285459322,0.1404566258266956,0.14198536123815697,3,0.69588576,fair,Weather not posted; Projected order,25% vs RHP last 10; 4S-FB 41%; 3 tanks last 10; trending +5.4 brl,1.4158867740233338,0.9608672080371125,0.93,1.42,1,1.22,93,93 air · 74° dew · LHB,30,587,.490,4,45,10,11.3,92.8,50.5,0.223,33.4
21,660271,Shohei Ohtani,LAD,STL,True,1,DH,L,projected,preview,Michael McGreevy,R,1.26,53% hard · 27% break,0.13448990665109345,0.13950389639776106,0.1410144060640448,3,0.69588576,fair,Weather not posted; Projected order,Sinker 17%; 107.5 last game; 19.0% pull air; 21.2% blast,1.592009200800753,1.2236741015784358,1.1,1.1649028467390548,1,0.8679840000000002,110,110 air · 60° dew · LHB,30,582,.529,0,47,10,15.9,93.4,51.9,0.271,48.1
22,691023,Jordan Walker,STL,LAD,False,4,RF,R,projected,preview,Eric Lauer,L,2.05,65% hard · 20% break,0.13428701236957513,0.13928461273152792,0.14079102083677253,3,0.69588576,fair,Weather not posted; Projected order,4S-FB 42%; 100 last game; 21.8% blast; 79.2 bat,1.404700296898663,1.387558891775474,1.03,1.38,1,0.78,103,103 air · 60° dew · RHB,27,572,.496,2,42,10,13.5,92.4,48.2,0.211,38.3
23,665019,Kody Clemens,MIN,DET,True,3,2B,L,projected,preview,Troy Melton,R,0.93,64% hard · 25% break,0.13408985677775734,0.1390715313146016,0.1405739873013081,3,0.69588576,fair,Weather not posted; Projected order,20% vs RHP last 10; 4S-FB 33%; tank last game; 33.3% pull air,1.3904488688697825,1.0369862042342517,0.89,1.42,1,1.1828001227664202,89,89 air · 62° dew · LHB,23,488,.466,2,39,10,12.1,92.5,47.1,0.21,47.1
24,700250,Ben Rice,NYY,LAA,False,1,DH,L,projected,preview,Grayson Rodriguez,R,1.26,54% hard · 21% break,0.13220732430108528,0.13703693171820863,0.13850330820670465,3,0.69588576,fair,Weather not posted; Projected order,13.3% vs RHP last 10; 4S-FB 54%; 23.1% pull air; 84.6% ideal AA,1.6211675847460525,1.1445924594863635,0.84,1.3939325059007608,1,0.9675231428571431,84,84 air · 58° dew · LHB,35,567,.522,1,44,10,14.7,92.1,48.7,0.245,46.2
25,665161,Jeremy Peña,HOU,CWS,True,1,SS,R,projected,preview,Sean Burke,R,1.09,61% hard · 37% break,0.13175237222522065,0.13654522954499104,0.13800333608986082,3,0.69588576,fair,Weather not posted; Projected order,18.8% vs RHP last 10; 4S-FB 37%; trending +11.0 brl; 82.6% ideal AA,1.0957516981790787,1.0897651984299512,1.01,1.42,1,1.22,101,101 air · 77° dew · RHB,17,380,.481,3,41,10,6.4,88.3,39.3,0.148,47.2
26,641343,Jake Bauers,MIL,CHC,False,3,1B,L,projected,preview,Matthew Boyd,L,1.39,46% hard · 28% break,0.13045198473185157,0.13513979941193943,0.13657523037607133,3,0.69588576,fair,Weather not posted; Projected order,4S-FB 45%; 103 last game; 33.3% pull air; 66.7% ideal AA,1.450815036583542,1.2003798276359374,1.07,1.1957331341867647,1,0.9214064233576643,107,107 air · 74° dew · LHB,23,493,.498,1,41,10,13.7,92.5,53.3,0.217,43.2
27,805811,Bryce Eldridge,SF,PIT,False,3,1B,L,projected,preview,Paul Skenes,R,0.87,52% hard · 24% break,0.12879769596417961,0.1333518805841204,0.13476052106154612,3,0.69588576,fair,Weather not posted; Projected order,16.7% vs RHP last 10; 4S-FB 41%; 110.1 last game; 6× 100+ last 3,1.3052212644625463,1.0007792501661363,0.93,1.354374632623773,1,1.22,93,93 air · 74° dew · LHB,15,379,.450,1,44,10,12.1,92.6,52.6,0.213,38.4
28,695734,Daylen Lile,WSH,ATL,True,1,LF,L,projected,preview,AJ Smith-Shawver,R,0.66,50% hard · 15% break,0.12860103587355837,0.13683695343490598,0.13454494317202914,3,0.40083019776,thin,Starter sample thin; Weather not posted; Starter outing length thin; Projected order,17.9% vs RHP last 10; 4 tanks last 10; trending +6.6 brl; 5× 100+ last 3,1.1374836013689007,1.0134522334979361,1.05,1.42,1,1.22,105,105 air · 71° dew · LHB,20,573,.443,5,43,10,9,88.7,38.2,0.183,41.8
29,656941,Kyle Schwarber,PHI,AZ,False,1,DH,L,projected,preview,Eduardo Rodriguez,L,0.78,61% hard · 12% break,0.12854721992971005,0.13308117160833755,0.13448595603357671,3,0.69588576,fair,Weather not posted; Projected order,4S-FB 40%; 82.1% ideal AA; 14.3% barrels last 10; 16.8% blast,1.7810945044447397,1.0465358769829436,1.06,1.0515,1,0.9628391812865497,106,106 air · 64° dew · LHB,40,592,.524,3,47,10,17.1,92.5,49.8,0.257,53.8
30,545361,Mike Trout,LAA,NYY,True,2,CF,R,projected,preview,Gerrit Cole,R,1.19,53% hard · 33% break,0.12839225878601676,0.13291369302067868,0.13431611817720313,3,0.69588576,fair,Weather not posted; Projected order,22.2% vs RHP last 10; 108.5 last game; 4× 100+ last 3; 55.6% ideal AA,1.4133926524210618,0.9918205595465917,0.84,1.42,1,1.19377,84,84 air · 58° dew · RHB,20,532,.428,0,45,10,16.1,89.8,45.5,0.239,36.1
31,695506,Jac Caglianone,KC,MIA,True,3,RF,L,projected,preview,Tyler Phillips,R,1.2,34% hard · 43% break,0.1282329996699812,0.13274156927927017,0.13414159070484166,3,0.69588576,fair,Weather not posted; Projected order,16.7% vs RHP last 10; Curve 17%; 108 last game; 4× 100+ last 3,1.4646893079784904,1.0905408119976299,0.95,1.42,1,0.9243410896498508,95,95 air · 63° dew · LHB,23,492,.499,1,42,10,14.2,93.2,54.8,0.23,45.2
32,643217,Andrew Benintendi,CWS,HOU,False,4,DH,L,projected,preview,Ronel Blanco,R,2.7,36% hard · 34% break,0.12797874579857124,0.1361234403033389,0.1338630052692208,3,0.40083019776,thin,Starter sample thin; Weather not posted; Starter outing length thin; Projected order,20–30° last 5; 33.3% pull air; 61.9% ideal AA; Air starter,1.1110025663430987,1.2296935772544817,1.05,1.1876161643299952,1,1.22,105,105 air · 77° dew · LHB,14,408,.429,1,38,10,8.7,89,44,0.162,51.1
33,624413,Pete Alonso,BAL,COL,False,2,1B,R,projected,preview,Gabriel Hughes,R,0.94,63% hard · 26% break,0.1273786327258213,0.1323782746751958,0.1332056773047373,3,0.6478696425599999,fair,Weather not posted; Projected order,4S-FB 54%; 21.7% pull air; 65.2% ideal AA; 22.7% blast,1.55001630177188,1.066880846912799,1.12,1.2490690795504467,1,0.85696,112,112 air · 50° dew · RHB,32,598,.500,3,43,10,13.8,94.1,56.8,0.26,34.7
34,669357,Nolan Gorman,STL,LAD,False,5,DH,L,projected,preview,Eric Lauer,L,2.05,65% hard · 20% break,0.12737133771742543,0.1318103040381008,0.13319768864315573,3,0.69588576,fair,Weather not posted; Projected order,trending +6.8 brl; 104 last game; 50% pull air; 16.7% barrels last 10,1.1298070514084722,1.3894752181161136,1.12,0.9175387650753071,1,1.22,112,112 air · 60° dew · pull × porch · LHB,8,248,.320,,,,9.9,89.4,43.7,0.165,45.1
35,695657,Colson Montgomery,CWS,HOU,False,6,SS,L,projected,preview,Ronel Blanco,R,2.7,36% hard · 34% break,0.12726653719217673,0.13530682725822796,0.13248543231001247,2.5,0.40083019776,thin,Starter sample thin; Weather not posted; Starter outing length thin; Projected order,115.4 last game; 20% pull air; 80% ideal AA; 13.3% barrels last 10,1.4237752544693936,1.2307987185506397,1.06,1.2490690795504467,1,1.1806887181171324,106,106 air · 77° dew · pull × porch · LHB,29,545,.435,3,42,10,12.6,88.9,42.2,0.201,49
36,663728,Cal Raleigh,SEA,BOS,False,4,C,S,projected,preview,Jedixson Paez,R,6,66% hard · 11% break,0.12719470296649554,0.13500871988485097,0.1330042719885689,3,0.4175314559999999,thin,No established starter; Weather not posted; Projected order,63.6% vs RHP last 10; 4S-FB 35%; trending +22.3 brl; 57.9% pull air,1.3757495624155684,1,0.86,1.42,1,1.22,86,86 air · 62° dew · spray vs wall · switch,20,432,.359,7,40,10,14.5,89.8,38.3,0.209,55.3
37,606466,Ketel Marte,AZ,PHI,True,4,DH,S,projected,preview,Jesús Luzardo,L,0.77,43% hard · 38% break,0.12689594128552398,0.13175116436546652,0.13267718462547606,3,0.656496,fair,Weather not posted; Projected order,Sweeper 38%; 18.7% blast; xSLG 0.468; Platoon,1.2202953542051374,0.9731971619909074,1.06,1.38,1,1.1320793234315047,106,106 air · 64° dew · switch,21,523,.445,2,40,10,10.1,90.2,42.7,0.19,50.8
38,673548,Seiya Suzuki,CHC,MIL,True,2,RF,R,projected,preview,Robert Gasser,L,1.42,65% hard · 26% break,0.12689073473617102,0.1312908789318662,0.13267148510320825,3,0.69588576,fair,Weather not posted; Projected order,4S-FB 24%; 106.9 last game; 6× 100+ last 3; 24.2% pull air,1.256481099872782,1.0642489680985472,1.07,1.228649534569178,1,1.1121036645544073,107,107 air · 74° dew · RHB,24,533,.495,2,50,10,10.5,88.5,38.9,0.183,42.8
39,608324,Alex Bregman,CHC,MIL,True,3,3B,R,projected,preview,Robert Gasser,L,1.42,65% hard · 26% break,0.1264459611195289,0.13081017741297074,0.13218468250321613,3,0.69588576,fair,Weather not posted; Projected order,30% vs LHP last 10; 4S-FB 24%; trending +6.2 brl; 100.6 last game,1.0013986607378702,1.0467013481692624,1.07,1.42,1,1.22,107,107 air · 74° dew · RHB,23,620,.440,7,49,10,5.6,88.1,37.6,0.132,47.2
40,681508,Mickey Gasper,BOS,SEA,True,2,1B,S,projected,preview,Bryan Woo,R,1.07,66% hard · 28% break,0.12439557978932596,0.1287312356793221,0.1299426840436273,3,0.68337416448,fair,Weather not posted; Projected order,28.6% vs RHP last 10; 4S-FB 48%; tank last game; trending +15.5 brl,1.1303096472394905,1.0974151524324371,0.88,1.42,1,1.22,88,88 air · 62° dew · switch,6,161,.482,,,,9.5,88.8,37.9,0.187,43.1
41,695600,Carter Jensen,KC,MIA,True,1,C,L,projected,preview,Tyler Phillips,R,1.2,34% hard · 43% break,0.12418854219343943,0.12837040880720896,0.12971649250273454,3,0.69588576,fair,Weather not posted; Projected order,18.2% vs RHP last 10; 109.9 last game; 18.9% K; #1,1.1880591509130758,1.0627114776822044,0.95,1.42,1,1.1050297619047618,95,95 air · 63° dew · LHB,19,512,.409,3,44,10,10.5,91.1,44.1,0.162,39.5
42,672960,Kazuma Okamoto,TOR,CLE,False,6,3B,R,projected,preview,Gavin Williams,R,1.56,49% hard · 51% break,0.12374393303020242,0.12788988502592802,0.12837030136594593,2.296969696969697,0.69588576,fair,Weather not posted; Projected order,21.4% vs RHP last 10; 4S-FB 27%; trending +15.2 brl; 107.7 last game,1.4282696266544355,1.1977141931947397,0.96,1.42,1,1.22,96,96 air · 73° dew · RHB,28,543,.444,3,41,10,13.4,90.4,43.5,0.216,50.8
43,669065,Kyle Stowers,MIA,KC,False,5,1B,L,projected,preview,Randy Dobnak,R,0.52,49% hard · 30% break,0.12355487907395882,0.12813054629720377,0.12902442789620627,3,0.6548285001599999,fair,Weather not posted; Projected order,Sinker 39%; trending +15.2 brl; 108.9 last game; 27.3% pull air,1.308280345221994,0.9388291961679027,0.95,1.317941575412894,1,1.22,95,95 air · 63° dew · LHB,16,424,.457,0,38,10,12.1,92.2,55.8,0.201,46.7
44,687263,Zach Neto,LAA,NYY,True,1,SS,R,projected,preview,Gerrit Cole,R,1.19,53% hard · 33% break,0.12270707879520537,0.12676927582837905,0.1280990117148998,3,0.69588576,fair,Weather not posted; Projected order,16.7% vs RHP last 10; 4S-FB 49%; 3 tanks last 10; trending +4.2 brl,1.2568301890669566,1.0642015567293985,0.84,1.3442883198177382,1,1.22,84,84 air · 58° dew · RHB,23,595,.432,3,47,10,11.8,89.6,41.1,0.195,47.9
45,686948,Drake Baldwin,ATL,WSH,False,1,DH,L,projected,preview,Jake Irvin,R,1.54,59% hard · 33% break,0.12203055772710142,0.1260381067733044,0.1273609829179677,3,0.69588576,fair,Weather not posted; Projected order,20% pull air; 60% ideal AA; 19.0% blast; 75.3 bat,1.3469242043630034,1.1136389502790236,1.05,1.287549466581578,1,0.8998080000000002,105,105 air · 71° dew · LHB,22,509,.456,1,43,10,12.8,91.8,51.5,0.218,31.1
46,680777,Ryan Jeffers,MIN,DET,True,4,C,R,projected,preview,Troy Melton,R,0.93,64% hard · 25% break,0.12152065283875527,0.12548701281190733,0.1268049691855181,3,0.69588576,fair,Weather not posted; Projected order,21.4% vs RHP last 10; tank last game; 26.1% pull air; 69.6% ideal AA,1.2463259388496208,0.942558979102577,0.89,1.42,1,1.22,89,89 air · 62° dew · RHB,12,296,.490,2,37,10,11.3,88.6,40.2,0.192,37.7
47,694192,Jackson Chourio,MIL,CHC,False,2,LF,R,projected,preview,Matthew Boyd,L,1.39,46% hard · 28% break,0.12119716161276844,0.12513739062690632,0.12645233736324735,3,0.69588576,fair,Weather not posted; Projected order,4S-FB 45%; 75% ideal AA; 18.9% blast; 13.1% barrels,1.335828745977568,1.215516402714309,1.07,1.1132112038108173,1,0.9320957106506724,107,107 air · 74° dew · RHB,20,465,.476,3,45,10,13.1,92,47.9,0.212,29.3
48,682998,Corbin Carroll,AZ,PHI,True,2,RF,L,projected,preview,Jesús Luzardo,L,0.77,43% hard · 38% break,0.12098106497983632,0.12490383815033879,0.12621682261667744,3,0.69588576,fair,Weather not posted; Projected order,22.2% vs LHP last 10; 4S-FB 26%; 75.9% ideal AA; 13.8% barrels last 10,1.194928932581183,0.904554119745468,1.06,1.309767615967336,1,1.197533515731874,106,106 air · 64° dew · LHB,19,586,.476,1,43,10,11.9,91.7,47.6,0.193,43.7
49,596019,Francisco Lindor,NYM,TB,False,1,SS,S,projected,preview,Freddy Peralta,R,1.4,52% hard · 25% break,0.1206034828045536,0.12449575565988769,0.125805404109554,3,0.69588576,fair,Weather not posted; Projected order,4S-FB 52%; 20–30° last 5; 75% ideal AA; Platoon,1.1783927247576553,1.0539379927027712,1.01,1.192680209259219,1,1.1945819989868287,101,101 air · roof closed · switch,14,351,.420,2,42,10,9.4,90.9,46.9,0.202,45.7
50,547180,Bryce Harper,PHI,AZ,False,3,RF,L,projected,preview,Eduardo Rodriguez,L,0.78,61% hard · 12% break,0.11890606382337102,0.12266122264820278,0.12395732733152287,3,0.69588576,fair,Weather not posted; Projected order,4S-FB 40%; trending +8.6 brl; 108 last game; 28% pull air,1.3295514800085355,1.0963068260561786,1.06,0.9246774535910938,1,1.22,106,106 air · 64° dew · LHB,27,590,.505,2,44,10,11.4,90.4,44.6,0.228,38.1
51,687637,Dylan Beavers,BAL,COL,False,5,LF,L,projected,preview,Gabriel Hughes,R,0.94,63% hard · 26% break,0.11871399836696975,0.12292542932301687,0.12374836424853741,3,0.6478696425599999,fair,Weather not posted; Projected order,15.4% vs RHP last 10; 4S-FB 54%; 104.8 last game; 38.2% sweet,0.9959091955778372,1.0581574062082992,1.12,1.2148448469795905,1,1.22,112,112 air · 50° dew · LHB,6,273,.390,,,,7.6,88.4,39.3,0.148,40.5
52,621438,Tyrone Taylor,CHC,MIL,True,4,LF,R,projected,preview,Robert Gasser,L,1.42,65% hard · 26% break,0.11831883744734015,0.12202656132763112,0.12331853314420804,3,0.69588576,fair,Weather not posted; Projected order,4S-FB 24%; 101.8 last game; 35% pull air; 60% ideal AA,1.2658104592902915,1.1350285586362017,1.07,1.2490690795504467,1,0.8998080000000002,107,107 air · 74° dew · RHB,11,209,.513,,,,9.6,86.6,34.4,0.183,52.9
53,699013,Esmerlyn Valdez,PIT,SF,True,6,RF,R,projected,preview,Logan Webb,R,0.67,56% hard · 20% break,0.11670365735575665,0.12028091029469534,0.12156297628113721,3,0.69588576,fair,Weather not posted; Projected order,36.4% pull air; 72.7% ideal AA; 18.2% barrels last 10; 20.3% barrels,1.7542873636034384,0.8831888907492191,0.85,1.1932465979956566,1,1.0731207724137932,85,85 air · 74° dew · spray vs wall · RHB,16,259,.535,2,42,10,20.3,91.8,48.8,0.245,37.4
54,701538,Jackson Merrill,SD,CIN,False,5,CF,L,projected,preview,Nick Lodolo,L,1.71,52% hard · 25% break,0.11635177511087735,0.11990060372241518,0.12072839450748551,2.5363636363636353,0.69588576,fair,Weather not posted; Projected order,14.3% vs LHP last 10; 4S-FB 25%; 103.6 last game; 21.4% pull air,1.249103244762277,1.2046592846138486,1.16,1.085268193068346,1,1.153638972972973,116,116 air · 72° dew · LHB,22,568,.419,3,45,10,11.1,90.8,46.6,0.209,37.9
55,642708,Amed Rosario,NYY,LAA,False,4,3B,R,projected,preview,Grayson Rodriguez,R,1.26,54% hard · 21% break,0.1150131374261266,0.11845383362582429,0.1195983344860654,2.847619047619048,0.69588576,fair,Weather not posted; Projected order,103.2 last game; 6× 100+ last 3; 57.1% ideal AA; 14.3% barrels last 10,1.244158885706277,1.0141413220746285,0.84,1.38,1,1.22,84,84 air · 58° dew · RHB,10,218,.423,,,,11.3,90.6,40.7,0.185,36
56,804668,Rafael Flores Jr.,PIT,SF,True,4,C,R,projected,preview,Logan Webb,R,0.67,56% hard · 20% break,0.11479349287041157,0.11932033281281029,0.11948955756489887,3,0.57490207488,fair,Weather not posted; Projected order,Changeup 24%; 103.3 last game; 58.8% ideal AA; 17.3% barrels,1.6111501750655233,0.9675782711316216,0.84,1.3699847162785526,1,0.9274079283982847,84,84 air · 74° dew · spray vs wall · RHB,7,91,.519,3,37,10,17.3,90.3,44.2,0.262,44.2
57,664040,Brandon Lowe,PIT,SF,True,5,2B,L,projected,preview,Logan Webb,R,0.67,56% hard · 20% break,0.11222369282787564,0.11543906340321708,0.11670482721941466,3,0.69588576,fair,Weather not posted; Projected order,Changeup 24%; 101.5 last game; 12% barrels; Platoon,1.3723509144077788,0.9144645416281079,0.93,1.38,1,0.9770833333333333,93,93 air · 74° dew · LHB,28,563,.476,2,41,10,12,91.1,46,0.189,47.2
58,553993,Eugenio Suárez,CIN,SD,True,6,3B,R,projected,preview,Randy Vásquez,R,1.1,71% hard · 21% break,0.11212958796791833,0.1153373569453151,0.11660295377085272,3,0.69588576,fair,Weather not posted; Projected order,4S-FB 31%; Air starter; 14.7% K; 115 air,1.2515911226013823,1.198448645136914,1.15,1.1387081364227079,1,0.8,115,115 air · 72° dew · RHB,20,426,.410,2,42,10,10.8,88.3,34.8,0.146,48.9
59,664983,Jake McCarthy,COL,BAL,True,1,CF,L,projected,preview,Kyle Bradish,R,1.01,52% hard · 47% break,0.11066170372802511,0.11375090002143884,0.11501482308273459,3,0.69588576,fair,Weather not posted; Projected order,16.7% vs RHP last 10; trending +5.5 brl; 102.9 last game; 21.6% pull air,0.8812243975062022,0.9462819283515417,1.12,1.3473745650903783,1,1.22,112,112 air · 50° dew · LHB,14,490,.473,1,46,10,5.3,85.1,27.5,0.133,38.4
60,521692,Salvador Perez,KC,MIA,True,4,DH,R,projected,preview,Tyler Phillips,R,1.2,34% hard · 43% break,0.11058170848062097,0.11366444292170819,0.11492832499584082,3,0.69588576,fair,Weather not posted; Projected order,100.1 last game; 4× 100+ last 3; 12.5% barrels last 10; 18.9% K,1.107847810829667,1.0462856973670747,0.95,1.1413127248241914,1,1.22,95,95 air · 63° dew · RHB,17,535,.372,1,43,10,9.9,88.8,42.3,0.179,39.7
61,678246,Miguel Vargas,CWS,HOU,False,3,3B,R,projected,preview,Ronel Blanco,R,2.7,36% hard · 34% break,0.11041278977890709,0.11598244691079718,0.11474569187578465,3,0.40083019776,thin,Starter sample thin; Weather not posted; Starter outing length thin; Projected order,4S-FB 36%; 30.4% pull air; 56.5% ideal AA; 17.4% blast,1.488606236183187,1.3502676147577681,1.01,0.9351224639960458,1,0.8355360000000001,101,101 air · 77° dew · RHB,29,596,.488,1,45,10,14.1,90.6,45.8,0.25,45.7
62,608369,Corey Seager,TEX,ATH,True,2,SS,L,projected,preview,Brady Basso,L,0.96,61% hard · 38% break,0.11023018264960664,0.11466455286026356,0.11454828497582303,3,0.527968526112,fair,Weather not posted; Starter outing length thin; Projected order,4S-FB 44%; tank last game; 24% pull air; 64% ideal AA,1.3737040782454437,1.0619799805672445,1.11,1.0366965482393917,1,0.9268879360000003,111,111 air · 64° dew · LHB,13,331,.400,0,45,10,14.5,91.8,48.8,0.222,44.4
63,686527,Dominic Canzone,SEA,BOS,False,2,DH,L,projected,preview,Jedixson Paez,R,6,66% hard · 11% break,0.10856280201084571,0.113718906240308,0.1127470160489007,3,0.4175314559999999,thin,No established starter; Weather not posted; Projected order,13.3% vs RHP last 10; 4S-FB 35%; 104.3 last game; 18.2% pull air,1.3523274903751532,1,0.89,1.3837260489136023,1,0.9213953358677688,89,89 air · 62° dew · LHB,20,424,.482,1,43,10,12.1,91.1,44.6,0.212,40.8
64,691723,Coby Mayo,BAL,COL,False,4,DH,R,projected,preview,Gabriel Hughes,R,0.94,63% hard · 26% break,0.10814341104406405,0.11139324884005708,0.11229430216965508,3,0.6478696425599999,fair,Weather not posted; Projected order,4S-FB 54%; trending +7.1 brl; 60% ideal AA; 20% barrels last 10,1.451670106023827,1.067467458291917,1.12,0.7,1,1.22,112,112 air · 50° dew · RHB,19,366,.446,2,39,10,12.9,91.7,48.8,0.219,50.7
65,664034,Ty France,SD,CIN,False,4,1B,R,projected,preview,Nick Lodolo,L,1.71,52% hard · 25% break,0.10750957670986208,0.11034415063548864,0.11161037547365527,3,0.69588576,fair,Weather not posted; Projected order,106.2 last game; 20–30° last 5; Air starter; 17.8% K,1.2230140598909598,1.1009223194498574,1.15,1.0815533568128133,1,0.8710998400000001,115,115 air · 72° dew · RHB,19,410,.508,2,45,10,9.7,91.9,48.2,0.177,36.3
66,676369,Nelson Velázquez,HOU,CWS,True,7,LF,R,projected,preview,Sean Burke,R,1.09,61% hard · 37% break,0.10677987092390656,0.1106204152262602,0.11082340140241731,3,0.552593664,fair,Weather not posted; Projected order,4S-FB 37%; tank last game; 40.4% sweet; 14% barrels,1.456125615164913,1.1067800390201232,1.01,0.9,1,1,101,101 air · 77° dew · RHB,5,98,.409,,,,14,94.9,63.2,0.251,45.6
67,607043,Brandon Nimmo,TEX,ATH,True,4,RF,L,projected,preview,Brady Basso,L,0.96,61% hard · 38% break,0.10485074350035006,0.10865423689729137,0.10874493573878163,3,0.527968526112,fair,Weather not posted; Starter outing length thin; Projected order,105.7 last game; 5× 100+ last 3; 65.4% ideal AA; 16.6% blast,1.096540758846754,0.9779399821100974,1.11,0.9789029783031855,1,1.22,111,111 air · 64° dew · LHB,14,559,.423,1,45,10,10.3,92.3,50.8,0.195,31.7
68,687093,Vaughn Grissom,LAA,NYY,True,4,1B,R,projected,preview,Gerrit Cole,R,1.19,53% hard · 33% break,0.10475815146722842,0.10737047089421581,0.10864525107616385,3,0.69588576,fair,Weather not posted; Projected order,17.6% vs RHP last 10; 4S-FB 49%; tank last game; trending +8.3 brl,0.9311310782388706,1.065574456909651,0.84,1.370479965471481,1,1.22,84,84 air · 58° dew · RHB,9,372,.389,2,43,10,7.3,87.9,38.1,0.142,40.7
69,677594,Julio Rodríguez,SEA,BOS,False,3,CF,R,projected,preview,Jedixson Paez,R,6,66% hard · 11% break,0.10418256800957959,0.10871381492791732,0.10802573154553308,3,0.4175314559999999,thin,No established starter; Weather not posted; Projected order,13.3% vs RHP last 10; 4S-FB 35%; trending +4.8 brl; 107 last game,1.1681874084981945,1,0.87,1.172752044731952,1,1.19377,87,87 air · 62° dew · RHB,20,551,.401,1,43,10,9.5,90,43.4,0.186,38.7
70,672386,Alejandro Kirk,TOR,CLE,False,3,C,R,projected,preview,Gavin Williams,R,1.56,49% hard · 51% break,0.10336835298463921,0.1058684073352687,0.10714981800218937,3,0.69588576,fair,Weather not posted; Projected order,4S-FB 27%; 109.2 last game; 59.1% ideal AA; Air starter,0.8835981809763904,1.1932922171094225,0.96,1.1026348304120817,1,1.2194124222222225,96,96 air · 73° dew · RHB,8,238,.421,2,41,10,3.8,88.4,40,0.111,24.3
71,606192,Teoscar Hernández,LAD,STL,True,5,LF,R,projected,preview,Michael McGreevy,R,1.26,53% hard · 27% break,0.10254743173695939,0.1049811737497146,0.10596415097080554,2.5874999999999986,0.69588576,fair,Weather not posted; Projected order,12.5% vs RHP last 10; 4S-FB 25%; tank last game; trending +5.0 brl,1.0668302442381807,1.2110460015717877,1.03,1.0443476196400512,1,1.22,103,103 air · 60° dew · RHB,12,391,.395,1,42,10,9.3,89.6,43.3,0.168,34
72,592518,Manny Machado,SD,CIN,False,3,3B,R,projected,preview,Nick Lodolo,L,1.71,52% hard · 25% break,0.10167876755509006,0.10404234065348206,0.10533389182455122,3,0.69588576,fair,Weather not posted; Projected order,108.3 last game; 5× 100+ last 3; Air starter; 17.8% K,1.191061720369335,1.0852281042859864,1.15,1.008646273205268,1,0.8816800000000001,115,115 air · 72° dew · RHB,24,578,.405,0,46,10,9.3,90.5,44.7,0.176,41.1
73,677951,Bobby Witt Jr.,KC,MIA,True,2,SS,R,projected,preview,Tyler Phillips,R,1.2,34% hard · 43% break,0.10165980342131661,0.104021844635804,0.10531352255238824,3,0.69588576,fair,Weather not posted; Projected order,5× 100+ last 3; 21.6% blast; 8.2% solid; 92.3 EV,1.2151698087385538,1.0257360889886993,0.95,1.0966784504463232,1,1.0176168267879289,95,95 air · 63° dew · RHB,16,527,.452,1,46,10,11.8,92.3,51.2,0.207,28.8
74,665877,José Fermín,STL,LAD,False,6,2B,R,projected,preview,Eric Lauer,L,2.05,65% hard · 20% break,0.1015264456319578,0.10387771447721839,0.10517029177683124,3,0.69588576,fair,Weather not posted; Projected order,16.7% vs LHP last 10; Air starter; 15.6% K,0.7404761742168002,1.1998045222453406,1.03,1.180954829688468,1,1.22,103,103 air · 60° dew · RHB,6,308,.356,1,39,10,2.5,86.3,31.5,0.092,49.6
75,686797,Brooks Lee,MIN,DET,True,2,3B,S,projected,preview,Troy Melton,R,0.93,64% hard · 25% break,0.10126897012955993,0.10359944063081661,0.10489379447274305,3,0.69588576,fair,Weather not posted; Projected order,4S-FB 33%; trending +5.5 brl; 18.8% pull air; 56.3% ideal AA,0.9640482484601864,1.0040583210739398,0.89,1.248805075980587,1,1.22,89,89 air · 62° dew · switch,22,530,.437,4,41,10,3.9,88,33.6,0.117,42.6
76,592885,Christian Yelich,MIL,CHC,False,5,DH,L,projected,preview,Matthew Boyd,L,1.39,46% hard · 28% break,0.10122353335437537,0.10355033356594656,0.10484500639686112,3,0.69588576,fair,Weather not posted; Projected order,4S-FB 45%; 100.7 last game; 63.6% ideal AA; Air starter,0.9940167008570903,1.1844111579047096,1.07,0.9496364160123103,1,1.0962770000000002,107,107 air · 74° dew · LHB,9,419,.381,0,38,10,10.3,88.9,43.2,0.161,34.5
77,572233,Christian Walker,HOU,CWS,True,4,1B,R,projected,preview,Sean Burke,R,1.09,61% hard · 37% break,0.1011989474964785,0.10352376171277866,0.10481860783434283,3,0.69588576,fair,Weather not posted; Projected order,16.3% blast; Platoon,1.1859133313190513,0.9933381476019342,1.01,1.2210190796913167,1,0.9023545219638242,101,101 air · 77° dew · RHB,24,546,.431,1,42,10,9,89.2,41.4,0.16,42.2
78,662139,Daulton Varsho,HOU,CWS,True,5,CF,L,projected,preview,Sean Burke,R,1.09,61% hard · 37% break,0.1010688583622286,0.10338316424457039,0.10467893529670347,3,0.69588576,fair,Weather not posted; Projected order,15.8% vs RHP last 10; trending +4.0 brl; 62.1% ideal AA,0.8320278819317606,0.9715540951771017,1.05,1.2630757286188927,1,1.22,105,105 air · 77° dew · LHB,10,466,.359,2,43,10,6.3,86.8,37.5,0.121,36.9
79,602104,Ramón Urías,STL,LAD,False,8,3B,R,projected,preview,Eric Lauer,L,2.05,65% hard · 20% break,0.10052492960702641,0.10357557570619591,0.10366403376321431,2.4260869565217362,0.56715406848,fair,Weather not posted; Projected order,16.7% vs LHP last 10; 10.4% vs hard; 102.7 last game; 84.6% ideal AA,1.1366635253918251,1.3472805442537936,1.03,1.2201993794255706,1,0.9534793028322441,103,103 air · 60° dew · RHB,3,86,.315,,,,10.2,89.5,39,0.2,30.5
80,543807,George Springer,TOR,CLE,False,4,DH,R,projected,preview,Gavin Williams,R,1.56,49% hard · 51% break,0.10043615025953245,0.10269934727655938,0.10399980894647387,3,0.69588576,fair,Weather not posted; Projected order,20% pull air; 72% ideal AA; Air starter,0.9832466568896454,1.131684816765758,0.96,1.0053538020557342,1,1.2044338308457714,96,96 air · 73° dew · RHB,14,440,.421,2,36,10,6.7,88.3,37.2,0.141,41.7
81,664770,Nathan Lukes,TOR,CLE,False,5,RF,L,projected,preview,Gavin Williams,R,1.56,49% hard · 51% break,0.09955198121803642,0.10174375686987958,0.10305130660262107,3,0.69588576,fair,Weather not posted; Projected order,18.8% vs RHP last 10; trending +14.2 brl; 22.2% pull air; 16.7% barrels last 10,0.7439078972213332,1.0545917084510035,0.96,1.3859120315623263,1,1.22,96,96 air · 73° dew · LHB,10,364,.389,4,36,10,2.5,86.9,27.9,0.09,34.3
82,687551,Drew Gilbert,SF,PIT,False,1,LF,L,projected,preview,Paul Skenes,R,0.87,52% hard · 24% break,0.09945275767201057,0.10163651824892694,0.10294490217636076,3,0.69588576,fair,Weather not posted; Projected order,15% vs RHP last 10; 4S-FB 41%; 3 tanks last 10; trending +8.8 brl,0.8663974142704292,1.0331780777697486,0.93,1.2516106113075778,1,1.22,93,93 air · 74° dew · LHB,8,342,.382,,,,5.5,86.7,35.4,0.135,44.2
83,668901,Mark Vientos,NYM,TB,False,4,DH,R,projected,preview,Freddy Peralta,R,1.4,52% hard · 25% break,0.09913747729178225,0.10151876104029567,0.10260685658992619,3,0.656496,fair,Weather not posted; Projected order,102.7 last game; xSLG 0.452,1.2527775098731733,1.0188017702977266,1.01,0.9841865112652843,1,1,101,101 air · roof closed · RHB,12,258,.398,,,,10.5,89.6,44.2,0.218,37
84,677649,Ezequiel Duran,TEX,ATH,True,1,CF,R,projected,preview,Brady Basso,L,0.96,61% hard · 38% break,0.09901356595225377,0.10213250100204019,0.102474019670865,3,0.527968526112,fair,Weather not posted; Starter outing length thin; Projected order,4S-FB 44%; 110.9 last game; 4× 100+ last 3; 56% ideal AA,0.9488391354210362,1.0358417244805844,1.08,0.9896249071988825,1,1.22,108,108 air · 64° dew · RHB,15,499,.448,2,44,10,6.3,89,37.9,0.131,37.6
85,683737,Michael Busch,CHC,MIL,True,6,1B,L,projected,preview,Robert Gasser,L,1.42,65% hard · 26% break,0.09893935923993968,0.10108164854249468,0.10209279193604155,2.5619047619047635,0.69588576,fair,Weather not posted; Projected order,12.5% vs LHP last 10; trending +5.1 brl; 100.6 last game; 4× 100+ last 3,1.063465040594603,1.0408340046732159,1.07,1.1190378923315736,1,1.22,107,107 air · 74° dew · LHB,17,613,.391,2,49,10,9.2,88.4,39.8,0.169,37.7
86,677800,Wilyer Abreu,BOS,SEA,True,4,RF,L,projected,preview,Bryan Woo,R,1.07,66% hard · 28% break,0.09836085256921578,0.10045641128717453,0.10177449102264235,3,0.69588576,fair,Weather not posted; Projected order,4S-FB 48%; 104.3 last game; 19.2% pull air; 61.5% ideal AA,1.2998204194785057,1.0542671537701085,0.89,1.0818350731432365,1,0.9447984000000003,89,89 air · 62° dew · LHB,23,590,.464,1,45,10,12.4,89.8,43.9,0.219,36.7
87,663457,Lars Nootbaar,AZ,PHI,True,5,LF,L,projected,preview,Jesús Luzardo,L,0.77,43% hard · 38% break,0.09771665132546897,0.09976017278570648,0.10108441598681395,3,0.69588576,fair,Weather not posted; Projected order,4S-FB 26%; trending +6.9 brl; 4× 100+ last 3; 56.5% ideal AA,1.1049781310697515,0.9526926812663278,1.06,0.9051152853830327,1,1.22,106,106 air · 64° dew · LHB,6,257,.376,,,,10.5,91.7,49.4,0.199,40.1
88,694212,Samuel Basallo,BAL,COL,False,6,C,L,projected,preview,Gabriel Hughes,R,0.94,63% hard · 26% break,0.09761275691297451,0.09990463422162466,0.10033659541368037,2.1866666666666674,0.6478696425599999,fair,Weather not posted; Projected order,18.2% vs RHP last 10; 4S-FB 54%; 73.3% ideal AA; 13.3% barrels last 10,1.3664274259554146,0.9755767629743681,1.12,1.42,1,0.9601676392572946,112,112 air · 50° dew · LHB,17,348,.430,1,37,10,13,90.4,43.8,0.212,42.9
89,694673,Abimelec Ortiz,WSH,ATL,True,2,DH,L,projected,preview,AJ Smith-Shawver,R,0.66,50% hard · 15% break,0.09632475178805427,0.10022399334931442,0.09959451956992593,3,0.33203616546816,thin,Starter sample thin; Weather not posted; Starter outing length thin; Projected order,4S-FB 44%; 56% ideal AA; 41.5% sweet; 75.6 bat,1.2649085435376646,1.0790906189379559,1.05,1.0515,1,0.8240000000000001,105,105 air · 71° dew · LHB,5,92,.425,0,40,10,9.2,90.2,40,0.211,43.1
90,813841,Jonah Cox,SF,PIT,False,4,CF,R,projected,preview,Paul Skenes,R,0.87,52% hard · 24% break,0.09629325671559046,0.0996508439688828,0.09956082478862416,3,0.42614035200000006,thin,Short season sample; Weather not posted; Projected order,4S-FB 41%; tank last game; trending +7.1 brl; 20–30° last 5,1.3888301768113371,1.0375799125986802,0.88,0.7950000000000002,1,1.22,88,88 air · 74° dew · pull × porch · RHB,4,69,.556,,,,14.3,92.3,45.7,0.21,17.1
91,663993,Nathaniel Lowe,CLE,TOR,True,5,1B,L,projected,preview,Spencer Miles,R,0.54,59% hard · 41% break,0.09570024103807999,0.09758088100310902,0.0989265372361946,3,0.69588576,fair,Weather not posted; Projected order,Sinker 43%; 100.7 last game; Platoon,1.1624531972375647,0.8560714785328561,0.96,1.2484610181529292,1,0.9956831460674158,96,96 air · 73° dew · LHB,15,360,.463,1,43,10,8.9,89.2,41.3,0.171,36.4
92,680869,Zack Gelof,ATH,TEX,False,3,3B,R,projected,preview,MacKenzie Gore,L,1.08,59% hard · 29% break,0.09531574601765286,0.09716532726203408,0.09851543083928616,3,0.69588576,fair,Weather not posted; Projected order,4S-FB 47%; 73.9% ideal AA; Platoon; #3,1.1238267402701312,1.1105887658161921,1.08,1.0888053052940605,1,0.8034,108,108 air · 64° dew · RHB,14,333,.442,0,43,10,7.8,88.7,41.4,0.165,37.3
93,682987,Spencer Jones,NYY,LAA,False,7,RF,L,projected,preview,Grayson Rodriguez,R,1.26,54% hard · 21% break,0.09485776529200193,0.09667035179090044,0.097220733024455,2,0.69588576,fair,Weather not posted; Projected order,21.4% vs RHP last 10; 4S-FB 54%; tank last game; 4× 100+ last 3,1.4106729307964647,1.174274616912584,0.84,1.42,1,1.1225810380622838,84,84 air · 58° dew · LHB,8,201,.431,,,,15.3,94.4,57.3,0.212,33.3
94,668227,Randy Arozarena,SEA,BOS,False,1,LF,R,projected,preview,Jedixson Paez,R,6,66% hard · 11% break,0.09339661362622896,0.09638920246101579,0.09646521268925701,3,0.4175314559999999,thin,No established starter; Weather not posted; Projected order,4S-FB 35%; tank last game; trending +5.3 brl; 30.4% pull air,1.0916863881823555,1,0.87,1.0040786701542548,1,1.22,87,87 air · 62° dew · RHB,21,561,.465,4,45,10,7.7,90.7,41.6,0.157,34.8
95,676475,Alec Burleson,STL,LAD,False,3,1B,L,projected,preview,Eric Lauer,L,2.05,65% hard · 20% break,0.09309493833310248,0.09476512727895581,0.09614319478390276,3,0.69588576,fair,Weather not posted; Projected order,4S-FB 42%; 109.1 last game; 56% ideal AA; 19.0% blast,1.2578637279380307,1.3218417832768237,1.1,0.7013181684852752,1,0.8816800000000001,110,110 air · 60° dew · LHB,21,578,.476,0,39,10,11,92.1,50,0.233,47.9
96,683002,Gunnar Henderson,BAL,COL,False,3,SS,L,projected,preview,Gabriel Hughes,R,0.94,63% hard · 26% break,0.09207360559304284,0.09386159320672693,0.09505352122930133,3,0.6478696425599999,fair,Weather not posted; Projected order,4× 100+ last 3; 57.1% ideal AA; 18.0% K; 112 air,1.0586177552685765,0.9336556876502986,1.12,0.8901781192686045,1,1.1294642116402118,112,112 air · 50° dew · LHB,22,614,.407,2,39,10,7.2,89.7,44.2,0.155,42.8
97,650490,Yandy Díaz,TB,NYM,True,1,DH,R,projected,preview,Sean Manaea,L,1.47,66% hard · 31% break,0.09189816035462399,0.09347167602530793,0.09486641861619349,3,0.69588576,fair,Weather not posted; Projected order,4S-FB 38%; 4× 100+ last 3; Air starter; #1,1.0280839420724777,1.2305046314334398,1.01,0.9701410703040991,1,0.8916841142857143,101,101 air · roof closed · RHB,20,587,.461,1,45,10,7,90.8,47.6,0.159,22.6
98,671976,Tristan Peters,CWS,HOU,False,8,CF,L,projected,preview,Ronel Blanco,R,2.7,36% hard · 34% break,0.08993836828391041,0.09250662882351457,0.09205699066655604,2,0.40083019776,thin,Starter sample thin; Weather not posted; Starter outing length thin; Projected order,15% vs RHP last 10; 4S-FB 36%; trending +6.8 brl; 37.5% pull air,0.9377147748442488,1.334080607122299,1.05,1.2869291336148638,1,1.22,105,105 air · 77° dew · LHB,12,414,.465,5,38,10,5.7,87.4,32.7,0.136,50.8
99,695731,Braden Montgomery,CWS,HOU,False,5,RF,S,projected,preview,Ronel Blanco,R,2.7,36% hard · 34% break,0.08980740644070195,0.09235646895656602,0.09263859801411434,3,0.40083019776,thin,Starter sample thin; Weather not posted; Starter outing length thin; Projected order,61.8% ideal AA; 8.1% solid; Air starter,0.784262794512455,1.214848647078928,1.03,0.9049192767145512,1,1.22,103,103 air · 77° dew · switch,5,288,.354,1,41,10,4.1,88.8,40.6,0.13,37.1
100,670231,John Rave,KC,MIA,True,7,LF,L,projected,preview,Tyler Phillips,R,1.2,34% hard · 43% break,0.08957851691300195,0.09139995987683269,0.09239491010001533,3,0.5780012774400001,fair,Weather not posted; Projected order,12.1% barrels; 18.9% K,1.1208812721848567,1.0550051580046547,0.95,0.9934779395740534,1,0.9540289256198348,95,95 air · 63° dew · LHB,3,93,.410,,,,12.1,87.4,33.3,0.17,40.9
101,671732,Lawrence Butler,ATH,TEX,False,4,RF,L,projected,preview,MacKenzie Gore,L,1.08,59% hard · 29% break,0.08874097027832917,0.09005945459775466,0.09150356160196826,3,0.69588576,fair,Weather not posted; Projected order,4S-FB 47%; 100.4 last game; 111 air,0.9563810396937333,1.0294818772597276,1.11,1.026782051044542,1,0.9258064516129031,111,111 air · 64° dew · LHB,12,435,.373,1,43,10,7.5,89.4,45.7,0.139,35.1
102,553869,Elias Díaz,TEX,ATH,True,7,DH,R,projected,preview,Brady Basso,L,0.96,61% hard · 38% break,0.0886862494520271,0.09059404253196779,0.09074490908315447,2,0.527968526112,fair,Weather not posted; Starter outing length thin; Projected order,42.9% vs LHP last 10; trending +24.5 brl; 104.8 last game; 20–30° last 5,1.067294207328267,0.997714897392274,1.08,1.42,1,1.22,108,108 air · 64° dew · RHB,6,189,.392,,,,8.8,87.4,38.7,0.148,36.5
103,650489,Willi Castro,COL,BAL,True,5,3B,S,projected,preview,Kyle Bradish,R,1.01,52% hard · 47% break,0.08858905279718508,0.08989526553347504,0.09134194385232197,3,0.69588576,fair,Weather not posted; Projected order,4S-FB 17%; 32% pull air; 112 air,1.0462910749755767,1.0065091786935794,1.12,1.0247143546635846,1,0.85696,112,112 air · 50° dew · switch,15,477,.417,1,43,10,8,87.6,39.9,0.154,44.5
104,701807,Carson Benge,NYM,TB,False,3,RF,L,projected,preview,Freddy Peralta,R,1.4,52% hard · 25% break,0.08808794282195294,0.08935367692026919,0.09080896418230511,3,0.69588576,fair,Weather not posted; Projected order,19.2% pull air; #3,0.989674679931583,1.0236694889695273,1.01,0.9394329092505762,1,1.0667027027027025,101,101 air · roof closed · LHB,16,545,.421,1,42,10,7.4,88.9,39.9,0.157,33.1
105,681393,Connor Norby,COL,BAL,True,2,2B,R,projected,preview,Kyle Bradish,R,1.01,52% hard · 47% break,0.08765122159005964,0.08888167824127846,0.09034462747393768,3,0.69588576,fair,Weather not posted; Projected order,112 air; #2,0.9151321763209097,0.9904885881166954,1.12,0.8936518390116265,1,1.1203007518796992,112,112 air · 50° dew · RHB,6,303,.360,2,40,10,7,87.1,37.2,0.135,40.1
106,663494,Bryan Torres,STL,LAD,False,1,LF,L,projected,preview,Eric Lauer,L,2.05,65% hard · 20% break,0.0876270282966087,0.08912163317336819,0.0903189086824272,3,0.6139929599999999,fair,Weather not posted; Projected order,Air starter; 15.6% K; 110 air; #1,0.863950586316294,1.1936553996832568,1.1,0.9,1,1,110,110 air · 60° dew · LHB,4,140,.400,,,,4,87.1,27.7,0.119,47.5
107,666018,Jonathan Aranda,TB,NYM,True,2,1B,L,projected,preview,Sean Manaea,L,1.47,66% hard · 31% break,0.08761740971683511,0.08884513511415137,0.09030868373341672,3,0.69588576,fair,Weather not posted; Projected order,67.9% ideal AA; 38.8% sweet; Air starter; #2,1.1008207594156887,1.1160268580775625,1.01,0.9327423252219178,1,0.8775720116618075,101,101 air · roof closed · LHB,17,583,.419,2,39,10,9.8,91.1,45.8,0.184,29.3
108,695720,Tommy White,ATH,TEX,False,5,1B,R,projected,preview,MacKenzie Gore,L,1.08,59% hard · 29% break,0.08760241426230914,0.08890384077274671,0.09020396688560359,2.8176470588235283,0.67252695552,fair,Weather not posted; Projected order,16.7% vs LHP last 10; trending +4.8 brl; 80.6% ideal AA; 12.9% barrels last 10,0.8326771302894642,0.993250729920915,1.08,1.0307243794255707,1,1.22,108,108 air · 64° dew · RHB,2,154,.329,0,41,10,8.1,85.8,32.3,0.126,27.4
109,693307,Dillon Dingler,DET,MIN,False,4,C,R,projected,preview,Andrew Morris,R,0.57,78% hard · 11% break,0.08749773525218418,0.08894965726438386,0.09018147082566319,3,0.6231656980799999,fair,Weather not posted; Starter outing length thin; Projected order,61.1% ideal AA; 39.2% sweet; 9% solid; xSLG 0.469,1.3297845061899753,0.8711155777873156,0.89,1.228649534569178,1,0.8034,89,89 air · 62° dew · RHB,26,535,.468,0,39,10,10.2,88.4,42.2,0.205,41.4
110,672515,Gabriel Moreno,AZ,PHI,True,3,C,R,projected,preview,Jesús Luzardo,L,0.77,43% hard · 38% break,0.08740496911923738,0.08861553399996824,0.09008286889109163,3,0.69588576,fair,Weather not posted; Projected order,Sweeper 38%; trending +3.6 brl; xSLG 0.453; #3,0.9639152714483148,0.9409072497042096,1.06,0.8622546048688604,1,1.22,106,106 air · 64° dew · RHB,11,453,.468,1,45,10,7.9,89.3,42.7,0.163,35.8
111,686469,Vinnie Pasquantino,KC,MIA,True,5,1B,L,projected,preview,Tyler Phillips,R,1.2,34% hard · 43% break,0.08596355044768036,0.08705768047886053,0.08855163018475343,3,0.69588576,fair,Weather not posted; Projected order,82.6% ideal AA; 18.9% K,0.9684021881053402,0.9984883834116887,0.95,0.9524438810466131,1,1.1223044096728307,95,95 air · 63° dew · LHB,9,388,.383,3,44,10,7.6,89.6,41.6,0.161,44.1
112,605141,Mookie Betts,LAD,STL,True,3,SS,R,projected,preview,Michael McGreevy,R,1.26,53% hard · 27% break,0.08530245643442762,0.08634318464454716,0.08784987945426093,3,0.69588576,fair,Weather not posted; Projected order,104.1 last game; 20.7% pull air; 65.5% ideal AA; 39.9% sweet,1.063274733040353,1.049374217197978,1.03,0.9366080341172525,1,0.8998080000000002,103,103 air · 60° dew · RHB,16,423,.404,1,46,10,7,89.9,37,0.148,37.9
113,805808,Kevin McGonigle,DET,MIN,False,3,SS,L,projected,preview,Andrew Morris,R,0.57,78% hard · 11% break,0.08513299764199746,0.08635722596082673,0.08767005353823532,3,0.6231656980799999,fair,Weather not posted; Starter outing length thin; Projected order,trending +5.7 brl; 103.8 last game; 61.3% ideal AA; 12.9% barrels last 10,0.9665488495682577,0.8871704814702688,0.89,1.0405370003580132,1,1.22,89,89 air · 62° dew · LHB,14,598,.415,1,43,10,7.2,88.3,37.1,0.174,37.3
114,703607,Henry Bolte,ATH,TEX,False,1,CF,R,projected,preview,MacKenzie Gore,L,1.08,59% hard · 29% break,0.08450920608494591,0.08548585715570234,0.08700829101321972,3,0.69588576,fair,Weather not posted; Projected order,4S-FB 47%; 106.4 last game; 5× 100+ last 3; 60% ideal AA,0.7956360984908943,1.0480002478376849,1.08,1.1648456780811585,1,0.9081304000000001,108,108 air · 64° dew · RHB,6,364,.368,0,46,10,6.6,90.9,48,0.111,32.3
115,681297,Colton Cowser,BAL,COL,False,8,CF,L,projected,preview,Gabriel Hughes,R,0.94,63% hard · 26% break,0.08308058648803916,0.08405049035713619,0.08488181721131283,2,0.6478696425599999,fair,Weather not posted; Projected order,12.5% vs RHP last 10; 21.1% pull air; 9.3% solid; 18.0% K,1.2500946104226447,0.9157011070629051,1.12,1.3008239214704287,1,1.0555708193041526,112,112 air · 50° dew · LHB,13,333,.377,2,36,10,10.8,87.8,40.2,0.202,38.1
116,671739,Michael Harris II,ATL,WSH,False,5,CF,L,projected,preview,Jake Irvin,R,1.54,59% hard · 33% break,0.08173429846074826,0.08248679817415372,0.08347637474592906,2,0.69588576,fair,Weather not posted; Projected order,4S-FB 29%; 103.6 last game; 21.0% blast; 75 bat,1.271421453163902,1.1686519031211844,1.05,1.2843770940998436,1,0.8517600000000001,105,105 air · 71° dew · LHB,23,528,.502,3,41,10,10.7,90.4,48.5,0.191,36.8
117,690993,Colt Keith,DET,MIN,False,2,DH,L,projected,preview,Andrew Morris,R,0.57,78% hard · 11% break,0.0805939455781095,0.0813811218010212,0.08286155307102405,3,0.6231656980799999,fair,Weather not posted; Starter outing length thin; Projected order,4S-FB 46%; 25% pull air; 66.7% ideal AA; 17.8% blast,0.9758687218700224,0.8906569063596008,0.89,0.9783701891674195,1,1.1599173333333335,89,89 air · 62° dew · LHB,9,389,.401,,,,7.5,89,42,0.152,38.8
118,661388,William Contreras,MIL,CHC,False,4,C,R,projected,preview,Matthew Boyd,L,1.39,46% hard · 28% break,0.08014525115620146,0.08076939088129487,0.08238708339430123,3,0.69588576,fair,Weather not posted; Projected order,20–30° last 5; 18.6% blast; 9.3% solid; Air starter,1.0116144513112073,1.0518738818704592,1.07,0.7666944513311806,1,0.9931149487643157,107,107 air · 74° dew · RHB,13,549,.401,1,45,10,7.9,90.1,43.5,0.177,36.8
119,666160,Mickey Moniak,COL,BAL,True,6,RF,L,projected,preview,Kyle Bradish,R,1.01,52% hard · 47% break,0.08012582055151078,0.0807483907121338,0.08204394532466171,2.3374999999999986,0.69588576,fair,Weather not posted; Projected order,30.8% pull air; 57.7% ideal AA; 112 air,1.3176972505216362,0.9683049712987405,1.12,1.0515,1,0.85696,112,112 air · 50° dew · LHB,21,374,.506,1,42,10,9.9,89.6,41.5,0.181,46.6
120,656775,Cedric Mullins,TB,NYM,True,6,CF,L,projected,preview,Sean Manaea,L,1.47,66% hard · 31% break,0.08006015865417788,0.08067742478115125,0.08229712015888002,3,0.69588576,fair,Weather not posted; Projected order,trending +5.3 brl; 81.0% ideal AA; Air starter,0.8841598560080424,1.1031101097437706,1.01,0.72,1,1.22,101,101 air · roof closed · LHB,14,451,.354,,,,4.2,87.8,32.1,0.123,44.9
121,641355,Cody Bellinger,NYY,LAA,False,2,LF,L,projected,preview,Grayson Rodriguez,R,1.26,54% hard · 21% break,0.07978926542336003,0.08038464934969525,0.08201075781371281,3,0.69588576,fair,Weather not posted; Projected order,4S-FB 54%; 81.3% ideal AA; 39.9% sweet; #2,0.9223197972628601,1.1327244673832455,0.84,0.9462193535163308,1,1.0357784011220195,84,84 air · 58° dew · LHB,12,471,.416,1,41,10,6.2,88.9,35.9,0.141,41.9
122,691781,Brady House,WSH,ATL,True,5,3B,R,projected,preview,AJ Smith-Shawver,R,0.66,50% hard · 15% break,0.07970924018682628,0.08077798728620222,0.08163551653607394,2.3846153846153832,0.40083019776,thin,Starter sample thin; Weather not posted; Starter outing length thin; Projected order,4S-FB 44%; 57.1% ideal AA; xSLG 0.451; 15.9% K,1.156913501059151,1.0380397344937757,1.05,1.062815719240911,1,0.9315063512450851,105,105 air · 71° dew · RHB,10,287,.402,1,38,10,10.9,90,47.8,0.187,32.6
123,695681,Christian Moore,LAA,NYY,True,6,2B,R,projected,preview,Gerrit Cole,R,1.19,53% hard · 33% break,0.07940377525668403,0.08038612392582412,0.08133896651021434,2.4260869565217362,0.42614035200000006,thin,Short season sample; Weather not posted; Projected order,18.2% vs RHP last 10; 4S-FB 49%; 104.5 last game; 13.0% barrels last 10,0.9907328798318935,1.1270904814155682,0.84,1.2684127779072942,1,1.0128219790037973,84,84 air · 58° dew · RHB,1,60,.283,1,39,10,12.1,87.7,32.4,0.103,26.5
124,669221,Sean Murphy,ATL,WSH,False,7,C,R,projected,preview,Jake Irvin,R,1.54,59% hard · 33% break,0.07898323307214136,0.07990643913080997,0.08060763059987286,2,0.42614035200000006,thin,Short season sample; Weather not posted; Projected order,4S-FB 29%; trending +14.8 brl; 4× 100+ last 3; 61.5% ideal AA,1.012130767797427,1.2075090343790664,1.05,1.0345557321825858,1,1.22,105,105 air · 71° dew · RHB,2,61,.379,2,36,10,8.3,85.2,36.1,0.137,47.2
125,694671,Wyatt Langford,TEX,ATH,True,3,LF,R,projected,preview,Brady Basso,L,0.96,61% hard · 38% break,0.07834020041537232,0.07903465465650628,0.08047989884585727,3,0.527968526112,fair,Weather not posted; Starter outing length thin; Projected order,26.9% pull air; 57.7% ideal AA; 17.9% K; #3,1.0753186150351821,0.9540374955780964,1.08,0.8807585335269272,1,0.85696,108,108 air · 64° dew · RHB,15,370,.448,1,46,10,6.7,89.1,38.5,0.153,42.9
126,695336,Thomas Saggese,STL,LAD,False,9,SS,R,projected,preview,Eric Lauer,L,2.05,65% hard · 20% break,0.07827924733556127,0.07895532093423863,0.07987422009448686,2,0.5365128960000001,fair,Weather not posted; Projected order,103.2 last game; 11.1% solid; Air starter; 15.6% K,1.0274326524111341,1.3894752181161136,1.03,1.08,1,1,103,103 air · 60° dew · RHB,1,87,.296,,,,9.3,88.3,37,0.158,40.7
127,701358,Cam Smith,HOU,CWS,True,6,RF,R,projected,preview,Sean Burke,R,1.09,61% hard · 37% break,0.07752922804634886,0.07794205077990657,0.07962385050132215,3,0.69588576,fair,Weather not posted; Projected order,4S-FB 37%; 16.6% blast; 77.8 bat,1.1646247128097555,1.0743165993845571,1.01,0.8290610563762932,1,0.78,101,101 air · 77° dew · RHB,17,483,.392,,,,11,89.2,44.4,0.185,38.4
128,518692,Freddie Freeman,LAD,STL,True,4,1B,L,projected,preview,Michael McGreevy,R,1.26,53% hard · 27% break,0.07723052486500688,0.07761921896705304,0.07930867104532335,3,0.69588576,fair,Weather not posted; Projected order,101.6 last game; 39.4% sweet; 8.4% solid; xSLG 0.483,1.023193560767672,1.0221561646659747,1.1,0.8398198531225234,1,0.8400000000000001,110,110 air · 60° dew · LHB,15,572,.461,0,45,10,8.2,89.7,42.1,0.183,32.9
129,643376,Danny Jansen,TEX,ATH,True,9,C,R,projected,preview,Brady Basso,L,0.96,61% hard · 38% break,0.07700799559326026,0.07754873052567635,0.07855054252604421,2,0.525530073537792,fair,Weather not posted; Starter outing length thin; Projected order,17.3% vs hard; trending +9.7 brl; 16.7% barrels last 10; 17.9% K,0.91986717748003,1.1134944823689448,1.08,1.1423918967408577,1,1.22,108,108 air · 64° dew · RHB,5,167,.329,,,,7,87.1,32,0.122,56
130,701675,Nathan Church,STL,LAD,False,7,CF,L,projected,preview,Eric Lauer,L,2.05,65% hard · 20% break,0.07691200871431134,0.07727497373374081,0.07897266067364284,3,0.69588576,fair,Weather not posted; Projected order,Air starter; 15.6% K; 110 air,0.8616819859653353,1.2014495472512698,1.1,0.9069726719120927,1,0.78,110,110 air · 60° dew · LHB,10,383,.366,,,,6.2,85.8,30.1,0.121,33.2
131,807712,Luke Keaschall,MIN,DET,True,1,RF,R,projected,preview,Troy Melton,R,0.93,64% hard · 25% break,0.07587603731239577,0.0761553186827224,0.07788032369583608,3,0.69588576,fair,Weather not posted; Projected order,4S-FB 33%; trending +9.5 brl; 105.1 last game; 56.7% ideal AA,0.7359728579601578,0.9766404834918239,0.89,1.0075949028706477,1,1.22,89,89 air · 62° dew · RHB,9,516,.395,2,45,10,3.8,85.5,29.5,0.117,38.5
132,669242,Tommy Edman,LAD,STL,True,2,2B,S,projected,preview,Michael McGreevy,R,1.26,53% hard · 27% break,0.07491780556293663,0.0751196829341445,0.07687068259600305,3,0.69588576,fair,Weather not posted; Projected order,107.6 last game; 20–30° last 5; 22.7% pull air; 72.7% ideal AA,0.8336606244780651,1.0516832781712189,1.07,0.7921770216733184,1,1.0344366456920078,107,107 air · 60° dew · switch,5,231,.397,1,45,10,5.7,87.9,34.8,0.108,42.4
133,680776,Jarren Duran,BOS,SEA,True,7,LF,L,projected,preview,Bryan Woo,R,1.07,66% hard · 28% break,0.07488887596956958,0.07508841646744724,0.0763460560376974,2,0.69588576,fair,Weather not posted; Projected order,tank last game; trending +3.2 brl; 13.0% barrels last 10; 17.3% blast,1.1131261188394739,1.0065638284171181,0.89,1.2018097118385613,1,1.22,89,89 air · 62° dew · LHB,19,537,.369,,,,9.8,89.8,40.4,0.154,40.1
134,701678,Hao-Yu Lee,DET,MIN,False,9,3B,R,projected,preview,Andrew Morris,R,0.57,78% hard · 11% break,0.07472002609098544,0.07494161972375168,0.07617051284786203,2,0.6231656980799999,fair,Weather not posted; Starter outing length thin; Projected order,21.4% vs RHP last 10; trending +7.6 brl; 109.6 last game; heart vs in-zone,1.0947283262178331,0.882404803752235,0.89,1.42,1,1.19377,89,89 air · 62° dew · RHB,8,264,.426,2,37,10,9.1,89.7,41.2,0.171,28.9
135,682626,Francisco Alvarez,NYM,TB,False,9,C,R,projected,preview,Freddy Peralta,R,1.4,52% hard · 25% break,0.07421608808416923,0.07437628333987312,0.07564669364918264,2,0.656496,fair,Weather not posted; Projected order,14.3% vs RHP last 10; 66.7% ideal AA; 18.2% blast; 15.6% barrels,1.3156017405658817,0.9985158067796062,1.01,1.24934363098613,1,0.8683232998885173,101,101 air · roof closed · RHB,13,355,.397,,,,15.6,90,44.4,0.194,41
136,571448,Nolan Arenado,AZ,PHI,True,6,3B,R,projected,preview,Jesús Luzardo,L,0.77,43% hard · 38% break,0.07415884826089361,0.07429941861490896,0.0760715017520388,3,0.69588576,fair,Weather not posted; Projected order,64.3% ideal AA,1.0129274867282518,0.8664210704482789,1.06,0.9848032238027207,1,0.8240000000000001,106,106 air · 64° dew · RHB,21,504,.429,1,41,10,6.3,84.8,30.9,0.121,48
137,676724,Jared Young,NYM,TB,False,5,1B,L,projected,preview,Freddy Peralta,R,1.4,52% hard · 25% break,0.07360960119584348,0.07370580449631137,0.07548166511090744,2.963636363636361,0.69588576,fair,Weather not posted; Projected order,20–30° last 5; 23.1% pull air; 69.2% ideal AA; 8.1% solid,0.981903738180569,0.9732181329638383,1.01,0.8915770678132822,1,0.8826688,101,101 air · roof closed · LHB,8,290,.443,0,38,10,7.1,89.8,45,0.151,41.2
138,689414,Liam Hicks,TB,NYM,True,4,C,L,projected,preview,Sean Manaea,L,1.47,66% hard · 31% break,0.07214623629913981,0.07212423197891593,0.07395433709405108,3,0.69588576,fair,Weather not posted; Projected order,Air starter,0.843008143996385,1.0942312213063035,1.01,0.72,1,1.0713790713790714,101,101 air · roof closed · LHB,17,489,.447,,,,3.9,84.9,27.7,0.098,43.9
139,671056,Iván Herrera,STL,LAD,False,2,C,R,projected,preview,Eric Lauer,L,2.05,65% hard · 20% break,0.07186324263852234,0.07181837866971197,0.07365688784966784,3,0.69588576,fair,Weather not posted; Projected order,107.5 last game; Air starter; 15.6% K; #2,0.8490186807387711,1.1845101805869966,1.03,0.8254937595803387,1,0.8346000000000001,103,103 air · 60° dew · RHB,14,612,.375,0,44,10,5.4,89.2,40.4,0.125,38.1
140,663538,Nico Hoerner,CHC,MIL,True,5,SS,R,projected,preview,Robert Gasser,L,1.42,65% hard · 26% break,0.07160162078321104,0.07153562353649645,0.0733819558835539,3,0.69588576,fair,Weather not posted; Projected order,trending +5.1 brl; heart vs in-zone,0.6043297316258386,0.9537950969418836,1.07,0.9629832690963811,1,1.19377,107,107 air · 74° dew · RHB,8,592,.362,1,43,10,1.4,85.9,28.3,0.077,30.7
141,605137,Josh Bell,MIN,DET,True,5,DH,S,projected,preview,Troy Melton,R,0.93,64% hard · 25% break,0.07149958501103752,0.07142534552352486,0.07327474300332515,3,0.69588576,fair,Weather not posted; Projected order,72.4% ideal AA,1.0960908990399028,0.9267861071289025,0.89,0.9216451671408749,1,0.8487200000000001,89,89 air · 62° dew · switch,17,538,.417,0,43,10,9.4,89.6,41,0.182,41.3
142,641680,Jonah Heim,ATH,TEX,False,8,C,S,projected,preview,MacKenzie Gore,L,1.08,59% hard · 29% break,0.07148511355702943,0.0714097050950866,0.07281045411410503,2,0.69588576,fair,Weather not posted; Projected order,57.9% ideal AA; 110 air; Platoon,1.023105926170799,0.9886790196422168,1.1,1.38,1,0.876708092691622,110,110 air · 64° dew · switch,12,322,.389,1,36,10,6.8,87.9,32.9,0.145,40.1
143,701785,Kaelen Culpepper,MIN,DET,True,8,SS,R,projected,preview,Troy Melton,R,0.93,64% hard · 25% break,0.0714013439927008,0.07125827720420908,0.0727235216427311,2,0.42614035200000006,thin,Short season sample; Weather not posted; Projected order,12.5% vs RHP last 10; 4S-FB 33%; 108.4 last game; 25% pull air,1.0179489319151251,0.9960338612958404,0.89,1.2185343544794298,1,1.22,89,89 air · 62° dew · RHB,3,78,.486,2,38,10,5.7,87.4,31.5,0.161,40.7
144,694374,Tim Tawa,AZ,PHI,True,7,1B,R,projected,preview,Jesús Luzardo,L,0.77,43% hard · 38% break,0.07068031634376182,0.07053989801043692,0.07221609086373003,2.4484848484848456,0.69588576,fair,Weather not posted; Projected order,trending +11.2 brl; 69.6% ideal AA; 21.7% barrels last 10,1.142726476138149,0.880599308709072,1.06,0.7355,1,1.22,106,106 air · 64° dew · RHB,9,269,.402,2,39,10,10.5,90.9,45.4,0.166,38.8
145,680574,Matt McLain,CIN,SD,True,7,SS,R,projected,preview,Randy Vásquez,R,1.1,71% hard · 21% break,0.07030636506165408,0.07013573970927867,0.0716935224944472,2.177777777777777,0.69588576,fair,Weather not posted; Projected order,Cutter 24%; 104.6 last game; 20–30° last 5; 56.5% ideal AA,1.0827228680259366,1.150517756731586,1.15,0.8944950132348717,1,0.8911560000000001,115,115 air · 72° dew · RHB,13,427,.341,1,42,10,9.7,88.3,36.9,0.158,37.7
146,607208,Trea Turner,PHI,AZ,False,2,SS,R,projected,preview,Eduardo Rodriguez,L,0.78,61% hard · 12% break,0.07002598081244661,0.06983270659439667,0.07172724592715052,3,0.69588576,fair,Weather not posted; Projected order,18.0% K; #2,0.9022363352795211,0.938837758957004,1.06,0.7217773149620659,1,1.0513196480938416,106,106 air · 64° dew · RHB,17,593,.378,0,46,10,6.2,88.2,38.9,0.121,33.6
147,691777,Max Muncy,ATH,TEX,False,6,DH,R,projected,preview,MacKenzie Gore,L,1.08,59% hard · 29% break,0.06983283503569462,0.06962395889718864,0.07109651359711067,2,0.69588576,fair,Weather not posted; Projected order,4S-FB 47%; 13.3% barrels last 10,1.0908762325417327,1.1105887658161921,1.08,0.9028824357620556,1,1.0930729325602684,108,108 air · 64° dew · RHB,7,246,.373,,,,11.3,89.6,43,0.145,41.5
148,676356,Jonny DeLuca,TB,NYM,True,7,RF,R,projected,preview,Sean Manaea,L,1.47,66% hard · 31% break,0.06928815823054507,0.0690352842147306,0.07095303984063839,3,0.69588576,fair,Weather not posted; Projected order,4S-FB 38%; 104.9 last game; 26.9% pull air; 73.1% ideal AA,0.8419828394017596,1.1704274606799945,1.01,0.7464386417634636,1,0.8998080000000002,101,101 air · roof closed · RHB,9,296,.434,1,40,10,3.6,85.8,29.7,0.103,45.5
149,660688,Keibert Ruiz,WSH,ATL,True,4,C,S,projected,preview,AJ Smith-Shawver,R,0.66,50% hard · 15% break,0.06926404151982386,0.06880160085438058,0.07092774079356112,3,0.40083019776,thin,Starter sample thin; Weather not posted; Starter outing length thin; Projected order,101.6 last game; 57.9% pull air; 63.2% ideal AA; 15.9% K,0.9054953297055657,0.9529263784435307,1.05,0.8154466948068415,1,0.8998080000000002,105,105 air · 71° dew · switch,9,314,.451,2,37,10,4.6,88.2,36.4,0.119,60.2
150,668930,Brice Turang,MIL,CHC,False,1,2B,L,projected,preview,Matthew Boyd,L,1.39,46% hard · 28% break,0.0692222678895633,0.06896407138688887,0.07088392021984513,3,0.69588576,fair,Weather not posted; Projected order,59.1% ideal AA; 9.4% solid; Air starter; 19.0% K,1.0289271994989349,1.0203323582955075,1.07,0.7,1,0.8487200000000001,107,107 air · 74° dew · LHB,17,578,.425,1,46,10,7.5,90.2,41.1,0.171,28.6
151,664761,Alec Bohm,PHI,AZ,False,5,1B,R,projected,preview,Eduardo Rodriguez,L,0.78,61% hard · 12% break,0.0691925342496057,0.06893193592436342,0.070852730404946,3,0.69588576,fair,Weather not posted; Projected order,101.9 last game; 18.0% K,0.9079596871777034,0.8891768463241703,1.06,0.9276802021278716,1,0.8400000000000001,106,106 air · 64° dew · RHB,14,538,.379,0,42,10,5.5,90.4,42.3,0.144,29.4
152,668800,Andrew Knizner,SF,PIT,False,7,C,R,projected,preview,Paul Skenes,R,0.87,52% hard · 24% break,0.0685309511555633,0.06792597562422975,0.06974711621048302,2,0.3630084480000001,thin,Short season sample; Weather not posted; Projected order,16.7% vs RHP last 10; 4S-FB 41%; 104.7 last game; 77.8% ideal AA,1.0180197527796757,1.023543280518457,0.87,1.1211993794255706,1,1.22,87,87 air · 74° dew · RHB,1,30,.407,,,,8.7,87.5,30.4,0.136,26.1
153,663586,Austin Riley,ATL,WSH,False,8,3B,R,projected,preview,Jake Irvin,R,1.54,59% hard · 33% break,0.06793844195878646,0.0675765406255524,0.06913329508097488,2,0.69588576,fair,Weather not posted; Projected order,4S-FB 29%; 38.9% pull air; 16.1% blast; 75.7 bat,1.1740570984276155,1.1631523960294365,1.05,0.9910036806118177,1,0.8652800000000002,105,105 air · 71° dew · RHB,15,542,.362,0,38,10,11.9,91.3,44.8,0.18,39.2
154,668804,Bryan Reynolds,PIT,SF,True,3,LF,S,projected,preview,Logan Webb,R,0.67,56% hard · 20% break,0.0668436463647984,0.0663933096846453,0.06839090399017045,3,0.69588576,fair,Weather not posted; Projected order,103.7 last game; 16.6% blast; #3,1.0875592616182914,0.8647357700474335,0.9,0.9279966378692939,1,0.798,90,90 air · 74° dew · switch,15,601,.421,0,45,10,10.8,90.7,47.2,0.184,38.5
155,669134,Luis Campusano,SD,CIN,False,8,C,R,projected,preview,Nick Lodolo,L,1.71,52% hard · 25% break,0.06681407340444259,0.06636134788109094,0.06796902033579455,2,0.69588576,fair,Weather not posted; Projected order,Sinker 26%; 103.1 last game; 39.6% sweet; Air starter,1.0306107294964346,1.1822155776221641,1.15,1.0140131409128244,1,0.8400000000000001,115,115 air · 72° dew · RHB,5,176,.460,,,,9.1,88.2,42.3,0.145,41.4
156,702616,Jackson Holliday,BAL,COL,False,1,2B,L,projected,preview,Gabriel Hughes,R,0.94,63% hard · 26% break,0.06629331973373111,0.06573610685956388,0.06781471419443574,3,0.6478696425599999,fair,Weather not posted; Projected order,56.7% ideal AA; 18.0% K; 112 air; #1,0.8606370496383295,0.9215500487051034,1.12,0.8307606277825073,1,0.8355360000000001,112,112 air · 50° dew · LHB,6,304,.347,0,41,10,6.5,87,34,0.122,33.5
157,663757,Trent Grisham,NYY,LAA,False,5,CF,L,projected,preview,Grayson Rodriguez,R,1.26,54% hard · 21% break,0.06627152662752911,0.06577497528618947,0.06740746832399158,2,0.69588576,fair,Weather not posted; Projected order,4S-FB 54%; 72% ideal AA; 18.3% blast; 11.3% solid,1.2415564082361992,1.1494311379279196,0.84,1.0797525171459517,1,0.9087284144427001,84,84 air · 58° dew · LHB,18,476,.397,1,43,10,9.8,90.6,45.4,0.186,44.8
158,686765,Nick Sogard,BOS,SEA,True,5,2B,S,projected,preview,Bryan Woo,R,1.07,66% hard · 28% break,0.06612277578418838,0.06561420865423251,0.06763620131062742,3,0.69588576,fair,Weather not posted; Projected order,4S-FB 48%; trending +5.2 brl; 34.5% pull air; 66.7% ideal AA,0.7742174583088159,1.016527474172706,0.88,0.7275173185194198,1,1.22,88,88 air · 62° dew · switch,3,185,.413,2,44,10,4.8,86.4,28.6,0.106,46.8
159,670623,Isaac Paredes,HOU,CWS,True,3,3B,R,projected,preview,Sean Burke,R,1.09,61% hard · 37% break,0.0658062541639115,0.06527211906542318,0.06730494731007286,3,0.69588576,fair,Weather not posted; Projected order,22.2% pull air; #3,0.88289189671044,0.9119705420813914,1.01,0.90071855750616,1,0.8320000000000001,101,101 air · 77° dew · RHB,17,557,.416,1,44,10,4.9,85.9,27.9,0.12,49.8
160,678662,Ezequiel Tovar,COL,BAL,True,9,SS,R,projected,preview,Kyle Bradish,R,1.01,52% hard · 47% break,0.06517877565912217,0.06459395413153235,0.06627693364238141,2,0.69588576,fair,Weather not posted; Projected order,12.5% vs RHP last 10; trending +5.9 brl; 81.3% ideal AA; 12.5% barrels last 10,0.8810819658642257,0.9034187388131512,1.12,1.0497710957336392,1,1.22,112,112 air · 50° dew · RHB,10,447,.333,,,,6.6,87.5,34.1,0.142,37.4
161,672640,Otto Lopez,MIA,KC,False,2,SS,R,projected,preview,Randy Dobnak,R,0.52,49% hard · 30% break,0.065175968976152,0.0645278951262519,0.06664554851007098,3,0.6548285001599999,fair,Weather not posted; Projected order,103.3 last game; 18.6% blast; 15.4% K; #2,0.8382548947555917,0.8440943095946476,0.95,0.7595996396664604,1,1.1712,95,95 air · 63° dew · RHB,10,583,.442,1,45,10,6.4,89.1,41,0.141,32.1
162,668670,Jake Rogers,CWS,HOU,False,9,C,R,projected,preview,Ronel Blanco,R,2.7,36% hard · 34% break,0.06451607136228599,0.06329415571520869,0.06559163707585869,2,0.3671327047679999,thin,Starter sample thin; Weather not posted; Starter outing length thin; Projected order,4S-FB 36%; 102.6 last game; Air starter,1.032876945019721,1.374618856252021,1.01,0.7701003778283719,1,1,101,101 air · 77° dew · RHB,4,156,.305,,,,10.1,88.3,38.2,0.135,46.1
163,805805,Walker Jenkins,MIN,DET,True,9,CF,L,projected,preview,Troy Melton,R,0.93,64% hard · 25% break,0.0643181795727711,0.06305764158234017,0.06538704601956224,2,0.3630084480000001,thin,Short season sample; Weather not posted; Projected order,36.4% pull air; 90.9% ideal AA; Platoon,1.123788038782759,0.9063919041672279,0.89,1.130742325221918,1,1.070729142857143,89,89 air · 62° dew · LHB,1,14,.583,,,,9.1,86.2,36.4,0.156,54.5
164,681082,Bryson Stott,PHI,AZ,False,6,3B,L,projected,preview,Eduardo Rodriguez,L,0.78,61% hard · 12% break,0.06419116686655767,0.06352656832244497,0.06561585031929018,3,0.69588576,fair,Weather not posted; Projected order,tank last game; 26.1% pull air; 69.6% ideal AA; 18.0% K,0.8433261896635771,0.9240697204546373,1.06,0.7279723585315859,1,0.9691350040861201,106,106 air · 64° dew · LHB,10,518,.409,1,37,10,5.9,89.2,38,0.135,37.2
165,650402,Gleyber Torres,DET,MIN,False,1,2B,R,projected,preview,Andrew Morris,R,0.57,78% hard · 11% break,0.06387789889361603,0.0630555356937399,0.06528845224888746,3,0.6231656980799999,fair,Weather not posted; Starter outing length thin; Projected order,103.4 last game; heart vs in-zone; 76.9% ideal AA; #1,0.8542124398449185,0.8891762392117599,0.89,0.7637217199049631,1,1.1150583088235293,89,89 air · 62° dew · RHB,8,350,.381,0,42,10,6.8,86.4,33.1,0.124,25.4
166,666176,Jo Adell,CLE,TOR,True,4,LF,R,projected,preview,Spencer Miles,R,0.54,59% hard · 41% break,0.06383641097289565,0.06314315597391607,0.06524509847368865,3,0.69588576,fair,Weather not posted; Projected order,20–30° last 5; 77.2 bat; 8.7% solid,1.1771453294988736,0.8296326129724884,0.96,0.7468894563698871,1,0.8240000000000001,96,96 air · 73° dew · RHB,20,554,.406,1,44,10,9.6,90.2,44.6,0.19,39.2
167,686475,Tyler Tolbert,KC,MIA,True,8,2B,R,projected,preview,Tyler Phillips,R,1.2,34% hard · 43% break,0.06382647967037171,0.06302746352807465,0.06523472071634018,3,0.63843572736,fair,Weather not posted; Projected order,18.9% K,0.7616041275456205,1.0074845730777864,0.95,1.0117465961443217,1,0.78,95,95 air · 63° dew · RHB,3,132,.430,,,,3.2,85.1,26.3,0.073,33.7
168,687605,Andrew Pinckney,WSH,ATL,True,9,RF,R,projected,preview,AJ Smith-Shawver,R,0.66,50% hard · 15% break,0.06381693571666533,0.06234638651456392,0.06486893024442941,2,0.3,thin,Short season sample; Starter sample thin; Weather not posted; Starter outing length thin; Projected order,4S-FB 44%; 110.9 last game; 46.7% sweet; 76.2 bat,1.0488688361972416,1.0869363462582637,1.05,0.9,1,1,105,105 air · 71° dew · RHB,1,25,.500,,,,13.3,96.2,60,0.152,26.7
169,571771,Enrique Hernández,LAD,STL,True,8,CF,R,projected,preview,Michael McGreevy,R,1.26,53% hard · 27% break,0.06373332506940885,0.06246256602672795,0.06478251875341812,2,0.4020192,thin,Short season sample; Weather not posted; Projected order,Air starter; 16.7% K,1.0997931998830783,1.0599656085228912,1.03,0.9,1,1,103,103 air · 60° dew · RHB,2,47,.409,,,,10.3,88.7,37.9,0.15,20.7
170,803011,Sam Antonacci,CWS,HOU,False,1,LF,L,projected,preview,Ronel Blanco,R,2.7,36% hard · 34% break,0.06366377323022444,0.062380375246675834,0.06506471037097084,3,0.40083019776,thin,Starter sample thin; Weather not posted; Starter outing length thin; Projected order,Air starter; #1,0.7607469659677815,1.1810943861025436,1.05,0.7685307600973671,1,0.78,105,105 air · 77° dew · LHB,8,468,.393,0,39,10,5.2,87.2,32.3,0.117,32.8
171,806198,Cooper Pratt,MIL,CHC,False,9,SS,R,projected,preview,Matthew Boyd,L,1.39,46% hard · 28% break,0.06343824159932662,0.0627128232934453,0.06447758121929947,2,0.69588576,fair,Weather not posted; Projected order,tank last game; 27.8% pull air; 39.7% sweet; Air starter,0.7543590816575836,1.05170673612141,1.07,1.0502991259518675,1,1.22,107,107 air · 74° dew · RHB,3,187,.371,,,,3.9,87.2,29.8,0.105,34.4
172,666182,Bo Bichette,NYM,TB,False,2,3B,R,projected,preview,Freddy Peralta,R,1.4,52% hard · 25% break,0.06306527613471533,0.06230973044210275,0.06443951610409648,3,0.69588576,fair,Weather not posted; Projected order,#2,0.8791991567475441,0.9374627652898838,1.01,0.8693640103710074,1,0.78,101,101 air · roof closed · RHB,14,584,.391,2,40,10,6.2,89.6,41.6,0.135,25.8
173,678545,Osleivis Basabe,SF,PIT,False,6,3B,R,projected,preview,Paul Skenes,R,0.87,52% hard · 24% break,0.06279962330233739,0.06179499700818003,0.06381780124115122,2,0.58574928384,fair,Weather not posted; Projected order,14.3% vs RHP last 10; 4S-FB 41%; 105.4 last game; spray vs wall,1.0499675041717027,0.9767818642407089,0.86,1.3522415173505404,1,0.8902400000000001,86,86 air · 74° dew · spray vs wall · RHB,4,98,.359,,,,8,87.8,36.8,0.135,40.8
174,681198,TJ Rumfield,COL,BAL,True,4,1B,L,projected,preview,Kyle Bradish,R,1.01,52% hard · 47% break,0.06278903004704134,0.06201116976097165,0.06415103730465477,3,0.69588576,fair,Weather not posted; Projected order,20.8% pull air; 112 air,0.7989195821209292,0.8882786722272813,1.12,0.8468911000625758,1,0.8320000000000001,112,112 air · 50° dew · LHB,13,543,.437,0,42,10,4.3,84.1,27.8,0.119,41.7
175,814430,Brett Callahan,DET,MIN,False,5,LF,L,projected,preview,Andrew Morris,R,0.57,78% hard · 11% break,0.062408873013964056,0.06075922039252202,0.06375413884854186,3,0.32507406518400006,thin,Short season sample; Weather not posted; Starter outing length thin; Projected order,4S-FB 46%,0.9946169998422119,0.8910963878675715,0.89,0.8581573917634637,1,0.8,89,89 air · 62° dew · LHB,1,34,.467,,,,4.5,90.3,45.5,0.147,36.4
176,664728,Kyle Isbel,KC,MIA,True,9,CF,L,projected,preview,Tyler Phillips,R,1.2,34% hard · 43% break,0.06212983660277671,0.061298728019718585,0.06333246306837158,2.5142857142857125,0.69588576,fair,Weather not posted; Projected order,18.9% K,0.729429389766812,0.983783976871111,0.95,0.9913473527999508,1,1.077504,95,95 air · 63° dew · LHB,6,259,.361,2,38,10,3.3,88.7,33.7,0.088,31.5
177,694208,Moisés Ballesteros,LAA,NYY,True,5,DH,L,projected,preview,Gerrit Cole,R,1.19,53% hard · 33% break,0.06086405073376405,0.059930694559405695,0.06214238828951357,3,0.69588576,fair,Weather not posted; Projected order,,0.9573678489410617,1.00572665377553,0.84,0.8182365012319608,1,0.8,84,84 air · 58° dew · LHB,6,273,.315,0,43,10,8.6,90.3,45.5,0.133,36.4
178,670770,TJ Friedl,CIN,SD,True,8,CF,L,projected,preview,Randy Vásquez,R,1.1,71% hard · 21% break,0.05975475618102585,0.058626102825073745,0.06067512384440943,2,0.656496,fair,Weather not posted; Projected order,trending +8.1 brl; 55.6% pull air; 66.7% ideal AA; Air starter,0.6655618718331953,1.0512291527017,1.16,0.983724832010272,1,1.22,116,116 air · 72° dew · LHB,4,261,.252,,,,3,87.7,28.4,0.078,39.2
179,669003,Garrett Mitchell,MIL,CHC,False,6,CF,L,projected,preview,Matthew Boyd,L,1.39,46% hard · 28% break,0.05921493717530054,0.05814836898360076,0.06026530774284601,2.3826086956521735,0.69588576,fair,Weather not posted; Projected order,112.3 last game; 64.7% ideal AA; 22.2% blast; 77.6 bat,1.0796513028654204,1.0203323582955075,1.07,0.7,1,0.8816800000000001,107,107 air · 74° dew · LHB,9,452,.411,,,,11.9,92.9,51.6,0.177,34.1
180,800050,Chase DeLauter,CLE,TOR,True,2,RF,L,projected,preview,Spencer Miles,R,0.54,59% hard · 41% break,0.05906200340239162,0.057983081533588,0.06026450047425036,3,0.69588576,fair,Weather not posted; Projected order,104.7 last game; 4× 100+ last 3; 18.4% blast; #2,0.9416453277980223,0.7914362695850995,0.96,0.888182785562261,1,0.7890623999999999,96,96 air · 73° dew · LHB,13,480,.454,,,,6.1,91.4,45.8,0.149,36.8
181,679529,Spencer Torkelson,DET,MIN,False,7,1B,R,projected,preview,Andrew Morris,R,0.57,78% hard · 11% break,0.0589944092878618,0.057701829104891966,0.05989114664961326,2,0.6231656980799999,fair,Weather not posted; Starter outing length thin; Projected order,20% pull air; 70% ideal AA; 41.2% sweet; 12.3% barrels,1.2539436076584902,0.7952547104387659,0.89,1.2477909432479557,1,0.85696,89,89 air · 62° dew · RHB,20,524,.402,,,,12.3,89.2,40.8,0.179,45.9
182,665489,Vladimir Guerrero Jr.,TOR,CLE,False,2,1B,R,projected,preview,Gavin Williams,R,1.56,49% hard · 51% break,0.05897644384465275,0.05789061064992451,0.0601753997234209,3,0.69588576,fair,Weather not posted; Projected order,108.5 last game; 4× 100+ last 3; 76.3 bat; Air starter,0.7747520571782349,1.1348367393264955,0.96,0.7,1,0.8464128000000001,96,96 air · 73° dew · RHB,7,520,.348,0,41,10,6.5,90.1,42.9,0.115,35.7
183,679845,Nick Loftin,KC,MIA,True,6,3B,R,projected,preview,Tyler Phillips,R,1.2,34% hard · 43% break,0.058407716923799514,0.05727594313264939,0.05958327119570961,3,0.69588576,fair,Weather not posted; Projected order,105.9 last game; 73.9% ideal AA; 18.9% K,0.7681779285823299,0.9965140776163288,0.95,0.7663731006714656,1,0.8816800000000001,95,95 air · 63° dew · RHB,6,354,.385,1,42,10,3.9,87.2,28.1,0.104,45.3
184,683227,Cody Freeman,TEX,ATH,True,8,3B,R,projected,preview,Brady Basso,L,0.96,61% hard · 38% break,0.05840433009266917,0.05608868102962017,0.05928294704526205,2,0.3233126850624,thin,Short season sample; Weather not posted; Starter outing length thin; Projected order,21.4% pull air; 78.6% ideal AA; 17.9% K,0.6670903506338504,0.9837456306294596,1.08,1.0477763070525001,1,1.22,108,108 air · 64° dew · RHB,1,69,.400,1,37,10,2,83.4,23.1,0.064,40.4
185,573262,Mike Yastrzemski,ATL,WSH,False,9,LF,L,projected,preview,Jake Irvin,R,1.54,59% hard · 33% break,0.05817306692101801,0.05702233858299677,0.05904463412577976,2,0.69588576,fair,Weather not posted; Projected order,Curve 24%; 78.6% ideal AA; 10.3% solid; Air starter,0.9937771796105261,1.2427459528044302,1.05,0.8457256281552414,1,0.8487200000000001,105,105 air · 71° dew · LHB,9,346,.369,,,,6.7,90.7,43.9,0.131,47.5
186,701350,Roman Anthony,BOS,SEA,True,1,DH,L,projected,preview,Bryan Woo,R,1.07,66% hard · 28% break,0.05810452386630219,0.056693258729970775,0.05926769997938164,3,0.612531072,fair,Weather not posted; Projected order,106.5 last game; 5× 100+ last 3; 25% pull air; 40.5% sweet,0.9203532137233026,0.9031154752143391,0.89,0.7123327952934079,1,0.9169472000000002,89,89 air · 62° dew · LHB,1,139,.368,0,42,10,8.4,92.6,48.8,0.147,39.3
187,807713,Matt Shaw,CHC,MIL,True,9,2B,R,projected,preview,Robert Gasser,L,1.42,65% hard · 26% break,0.05782618977097355,0.05646588151455256,0.058687237739342146,2,0.6373831679999999,fair,Weather not posted; Projected order,tank last game,0.9260944043029051,0.9307928890098334,1.07,0.993096604408659,1,1,107,107 air · 74° dew · RHB,5,156,.438,,,,5.4,86.7,35.7,0.128,31.3
188,630105,Jake Cronenworth,SD,CIN,False,2,2B,L,projected,preview,Nick Lodolo,L,1.71,52% hard · 25% break,0.05723159749471784,0.05600481918372835,0.058359513517519,3,0.69588576,fair,Weather not posted; Projected order,20–30° last 5; Air starter; 17.8% K; 116 air,0.6370260832651125,1.0465855304001082,1.16,0.7621967397043294,1,0.8034,116,116 air · 72° dew · LHB,4,336,.295,0,44,10,3.2,87.2,29.4,0.085,29.9
189,608348,Carson Kelly,CHC,MIL,True,7,C,R,projected,preview,Robert Gasser,L,1.42,65% hard · 26% break,0.05700068449514406,0.05575525350475252,0.057836963069417324,2,0.69588576,fair,Weather not posted; Projected order,42.9% pull air; 66.7% ideal AA,0.8748104548082292,0.9493605479705862,1.07,1.0036411269506045,1,1.005946307277628,107,107 air · 74° dew · RHB,10,365,.398,3,41,10,5.3,87.2,36.4,0.135,39.8
190,663616,Trevor Larnach,MIN,DET,True,6,LF,L,projected,preview,Troy Melton,R,0.93,64% hard · 25% break,0.05682157004820156,0.05556167055945238,0.05784202132290518,2.5818181818181785,0.69588576,fair,Weather not posted; Projected order,25% pull air,0.9691478505971817,0.8833707956459105,0.89,0.9201468035642593,1,0.8472522159548753,89,89 air · 62° dew · LHB,11,404,.422,,,,7.3,87.7,36.9,0.138,43.6
191,678882,Ceddanne Rafaela,BOS,SEA,True,3,CF,R,projected,preview,Bryan Woo,R,1.07,66% hard · 28% break,0.055511409171276296,0.054145677568928074,0.05657148120161193,3,0.69588576,fair,Weather not posted; Projected order,106.5 last game; 55.9% ideal AA; #3,0.8498214387651661,0.9216972897019822,0.87,0.784905981294313,1,0.837596,87,87 air · 62° dew · RHB,16,563,.446,0,45,10,5.3,86.3,31.6,0.11,34
192,669016,Brandon Marsh,PHI,AZ,False,7,LF,L,projected,preview,Eduardo Rodriguez,L,0.78,61% hard · 12% break,0.05523467670445914,0.053846591219942286,0.05608323873793626,2.175757575757576,0.69588576,fair,Weather not posted; Projected order,42.1% sweet; 8.6% solid; 18.0% K,1.0918200935246924,0.9103845008873379,1.06,0.8812347347257767,1,0.798251068791294,106,106 air · 64° dew · LHB,17,511,.426,,,,8.3,89.3,43.8,0.154,37.5
193,666163,Ben Rortvedt,LAD,STL,True,9,C,L,projected,preview,Michael McGreevy,R,1.26,53% hard · 27% break,0.05500188103295111,0.052205210212821984,0.05577972547650978,2,0.3424608,thin,Short season sample; Weather not posted; Projected order,62.5% ideal AA; Air starter; 16.7% K; spray vs wall,0.8333333333333333,1.022232106362009,1.09,1.08,1,0.8034,109,109 air · 60° dew · spray vs wall · LHB,0,28,.185,,,,0,85.5,5.3,0.031,21.1
194,669224,Austin Wells,NYY,LAA,False,9,C,L,projected,preview,Grayson Rodriguez,R,1.26,54% hard · 21% break,0.05472258767152549,0.0532931366832291,0.055492440407109545,2,0.69588576,fair,Weather not posted; Projected order,26.7% pull air; 80% ideal AA; 8.5% solid,1.0175390235788275,0.9851982113006563,0.84,0.8510971004325123,1,1.1626878675862076,84,84 air · 58° dew · LHB,10,325,.312,,,,6.5,89.2,42.7,0.145,48.7
195,665926,Andrés Giménez,TOR,CLE,False,7,SS,L,projected,preview,Gavin Williams,R,1.56,49% hard · 51% break,0.054597219230545946,0.05315764123622979,0.055363498471291184,2,0.69588576,fair,Weather not posted; Projected order,trending +4.9 brl; 83.3% ideal AA; Air starter,0.6831742242565483,1.100046971377991,0.96,0.942789087256146,1,1.22,96,96 air · 73° dew · LHB,8,436,.356,,,,3.4,85.6,24.5,0.094,39.6
196,680700,Richie Palacios,TB,NYM,True,8,2B,L,projected,preview,Sean Manaea,L,1.47,66% hard · 31% break,0.05376412372124084,0.052257249977118336,0.05475750425496473,3,0.69588576,fair,Weather not posted; Projected order,Air starter,0.6653492529933784,1.0918610633224626,1.01,0.72,1,0.8,101,101 air · roof closed · LHB,5,338,.332,,,,3.5,86,27.2,0.086,37
197,702284,Cole Young,SEA,BOS,False,7,2B,L,projected,preview,Jedixson Paez,R,6,66% hard · 11% break,0.053197822551658995,0.05045589845995535,0.05392479338711986,2,0.4175314559999999,thin,No established starter; Weather not posted; Projected order,66.7% ideal AA; 0% K,0.8914618813317787,1,0.89,0.9914418774845244,1,0.9687185354691077,89,89 air · 62° dew · LHB,16,550,.384,1,40,10,4.6,88.3,37.5,0.128,42.6
198,645277,Ozzie Albies,ATL,WSH,False,6,2B,S,projected,preview,Jake Irvin,R,1.54,59% hard · 33% break,0.053174613806501965,0.051620120658256496,0.05390094168513815,2,0.69588576,fair,Weather not posted; Projected order,104.6 last game; 32.1% pull air; 67.9% ideal AA; Air starter,0.9061981898302608,1.0476188414059595,1.05,0.8818265876567011,1,0.8998080000000002,105,105 air · 71° dew · switch,20,588,.412,0,42,10,4,86.9,27.6,0.124,45.4
199,596115,Trevor Story,BOS,SEA,True,8,SS,R,projected,preview,Bryan Woo,R,1.07,66% hard · 28% break,0.05305089739407554,0.05132477077990849,0.05377380286265332,2,0.656496,fair,Weather not posted; Projected order,16.7% vs RHP last 10; 105.2 last game; 8.6% solid,0.7984002630955085,0.9870461601174474,0.87,1.088051219349939,1,1.0503860473210902,87,87 air · 62° dew · RHB,3,184,.324,1,40,10,4.3,88.8,41.4,0.099,45.7
200,643446,Jeff McNeil,ATH,TEX,False,2,2B,L,projected,preview,MacKenzie Gore,L,1.08,59% hard · 29% break,0.05275930608482107,0.0511712652289974,0.05371534526667843,3,0.69588576,fair,Weather not posted; Projected order,4S-FB 47%; 38.2% sweet; 111 air; #2,0.6251439454477397,1.0215528982607767,1.11,0.72,1,0.8,111,111 air · 64° dew · LHB,6,427,.358,0,44,10,1.7,86.6,30.2,0.09,41.4
201,665923,Esteury Ruiz,MIA,KC,False,8,RF,R,projected,preview,Randy Dobnak,R,0.52,49% hard · 30% break,0.052672304100903816,0.05074788199886382,0.05354172936911453,2.557142857142857,0.6177627359999999,fair,Weather not posted; Projected order,77.8% ideal AA; 40.6% sweet; 15.4% K,0.9979839626415863,0.8488847134769817,0.95,0.8040209028839028,1,0.8034,95,95 air · 63° dew · RHB,6,204,.417,,,,7.5,85.2,27.4,0.122,55.7
202,608070,José Ramírez,CLE,TOR,True,3,DH,S,projected,preview,Spencer Miles,R,0.54,59% hard · 41% break,0.05258322329877603,0.05098095883595588,0.05353279473820083,3,0.69588576,fair,Weather not posted; Projected order,33.3% pull air; 70.8% ideal AA; 38% sweet; 8.2% solid,0.8979290446990886,0.7508103043822669,0.96,0.7316883054550767,1,0.85696,96,96 air · 73° dew · switch,11,447,.393,1,45,10,4.6,89.5,42.1,0.139,50.8
203,683953,Travis Bazzana,CLE,TOR,True,6,2B,L,projected,preview,Spencer Miles,R,0.54,59% hard · 41% break,0.05245821071182513,0.050845847988145176,0.05340320401081211,3,0.69588576,fair,Weather not posted; Projected order,101.2 last game,0.7849703656272844,0.7772444096881524,0.96,0.8212531005659505,1,0.8400000000000001,96,96 air · 73° dew · LHB,9,432,.366,0,43,10,4.5,87.9,36.6,0.114,38.8
204,696285,Jacob Young,WSH,ATL,True,7,CF,R,projected,preview,AJ Smith-Shawver,R,0.66,50% hard · 15% break,0.052333499421839694,0.04938916829756901,0.05303672291626382,2,0.40083019776,thin,Starter sample thin; Weather not posted; Starter outing length thin; Projected order,4S-FB 44%; 21.7% pull air; 60.9% ideal AA; 15.9% K,0.8746851884604958,1.0795624669512338,1.05,0.8434471047152434,1,0.8799312361541871,105,105 air · 71° dew · RHB,10,418,.393,,,,6.1,87.7,31.3,0.13,38.4
205,823550,Sung-Mun Song,SD,CIN,False,9,SS,L,projected,preview,Nick Lodolo,L,1.71,52% hard · 25% break,0.05226076116601815,0.050292533522737104,0.0529620046501591,2,0.616916736,fair,Weather not posted; Projected order,Air starter; 17.8% K; 116 air,0.693714912536818,1.0465855304001082,1.16,0.9,1,1,116,116 air · 72° dew · LHB,1,142,.250,,,,4.1,87.4,27.6,0.087,39.8
206,666139,Josh Lowe,LAA,NYY,True,7,RF,L,projected,preview,Gerrit Cole,R,1.19,53% hard · 33% break,0.0515197281590105,0.049831556735888016,0.05220096330140933,2,0.69588576,fair,Weather not posted; Projected order,4S-FB 49%; 23.5% pull air; 64.7% ideal AA,1.034492479337261,1.0309769643083124,0.84,0.9725370025748217,1,0.85696,84,84 air · 58° dew · LHB,10,288,.352,,,,7.6,88.5,36.4,0.16,35.9
207,665804,Miguel Amaya,CHC,MIL,True,8,DH,R,projected,preview,Robert Gasser,L,1.42,65% hard · 26% break,0.051491378708025476,0.04962626188833452,0.05217185430338889,2,0.656496,fair,Weather not posted; Projected order,Sweeper 26%,0.91868037878661,1.11823733946758,1.07,0.843375468960603,1,0.8,107,107 air · 74° dew · RHB,5,223,.358,,,,6.8,87.6,34.6,0.116,36.1
208,665862,Jazz Chisholm Jr.,NYY,LAA,False,6,2B,L,projected,preview,Grayson Rodriguez,R,1.26,54% hard · 21% break,0.05099430773405998,0.049263693924601615,0.05166153631773729,2,0.69588576,fair,Weather not posted; Projected order,73.9% ideal AA,1.120686770459049,1.0401279028746746,0.84,0.931555363625379,1,0.8034,84,84 air · 58° dew · LHB,18,500,.400,,,,8.8,90.7,42.3,0.155,51.7
209,687957,Dustin Harris,SD,CIN,False,7,LF,L,projected,preview,Nick Lodolo,L,1.71,52% hard · 25% break,0.05094750692885569,0.047927931284469594,0.051613495149235744,2,0.42614035200000006,thin,Short season sample; Weather not posted; Projected order,25% pull air; 56.3% ideal AA; 44.4% sweet; Air starter,0.7264733166461546,1.0465855304001082,1.16,0.9,1,0.8826688,116,116 air · 72° dew · LHB,0,70,.367,,,,0,84.6,18.5,0.073,55.6
210,665750,Leody Taveras,BAL,COL,False,9,RF,S,projected,preview,Gabriel Hughes,R,0.94,63% hard · 26% break,0.050826382962616934,0.04886216211890537,0.051489166530108266,2,0.6478696425599999,fair,Weather not posted; Projected order,18.0% K; 112 air,0.7530411071864018,0.9662173265925786,1.12,0.8812135611557954,1,1.006913890634821,112,112 air · 50° dew · switch,8,431,.358,1,40,10,4.3,88.3,33.5,0.11,35.2
211,807727,Charles McAdoo,TOR,CLE,False,8,2B,R,projected,preview,Gavin Williams,R,1.56,49% hard · 51% break,0.05074427377054298,0.04769611659507922,0.05140488943499921,2,0.42614035200000006,thin,Short season sample; Weather not posted; Projected order,23.1% pull air; Air starter,0.8309878453448708,1.117477906816918,0.96,0.9371867682842845,1,0.8320000000000001,96,96 air · 73° dew · RHB,2,79,.342,0,38,10,5.6,85.9,31.5,0.107,20.4
212,676609,José Caballero,NYY,LAA,False,8,SS,R,projected,preview,Grayson Rodriguez,R,1.26,54% hard · 21% break,0.050705110842109505,0.04895113629973624,0.05136469378399022,2,0.69588576,fair,Weather not posted; Projected order,4S-FB 54%; 21.4% pull air; 64.3% ideal AA,0.8358729485112668,1.114313351140092,0.84,0.9379938692499818,1,0.9882086910299004,84,84 air · 58° dew · RHB,13,405,.378,1,36,10,4.3,83.8,25.9,0.112,43.4
213,669707,Jared Triolo,PIT,SF,True,1,SS,R,projected,preview,Logan Webb,R,0.67,56% hard · 20% break,0.050410554567743765,0.048632786372515335,0.05128218023551401,3,0.69588576,fair,Weather not posted; Projected order,tank last game; 66.7% ideal AA; pull × porch; #1,0.5985120247938871,0.8350564858477973,0.88,0.7,1,1.22,88,88 air · 74° dew · pull × porch · RHB,3,322,.319,,,,2.7,86.9,35.6,0.078,38.7
214,703520,Brett Bateman,TOR,CLE,False,1,CF,L,projected,preview,Gavin Williams,R,1.56,49% hard · 51% break,0.050109254914868166,0.04770308664095324,0.05097034241627052,3,0.57025327104,fair,Weather not posted; Projected order,Air starter; #1,0.6567045598177601,1.0571810511046242,0.96,0.7,1,0.78,96,96 air · 73° dew · LHB,0,88,.410,0,45,10,0,83,17.7,0.051,29
215,678391,Jorbit Vivas,WSH,ATL,True,6,2B,L,projected,preview,AJ Smith-Shawver,R,0.66,50% hard · 15% break,0.05004657807234343,0.04676700143469492,0.05068891971788503,2,0.40083019776,thin,Starter sample thin; Weather not posted; Starter outing length thin; Projected order,trending +4.8 brl; 15.9% K,0.6070945931285423,0.9367445236048209,1.05,0.9240152321006225,1,1.22,105,105 air · 71° dew · LHB,3,309,.324,0,37,10,3.5,82.7,21.9,0.079,39
216,643289,Mauricio Dubón,ATL,WSH,False,4,SS,R,projected,preview,Jake Irvin,R,1.54,59% hard · 33% break,0.04974083398494511,0.047908967132027636,0.05053918217767133,2.6869565217391305,0.69588576,fair,Weather not posted; Projected order,20–30° last 5; Air starter,0.7155345642196369,1.0344959528044302,1.05,0.7,1,0.8034,105,105 air · 71° dew · RHB,10,528,.387,0,40,10,3.7,86.5,29.7,0.107,30.5
217,647304,Josh Naylor,SEA,BOS,False,5,1B,L,projected,preview,Jedixson Paez,R,6,66% hard · 11% break,0.0495601721833325,0.04629932320603902,0.05037182344901151,2.8000000000000007,0.4175314559999999,thin,No established starter; Weather not posted; Projected order,0% K,0.7524507661998745,1,0.89,0.7407839279959944,1,0.78,89,89 air · 62° dew · LHB,10,547,.363,0,41,10,4.4,87.2,35.9,0.113,42.2
218,666126,Carlos Cortes,ATH,TEX,False,7,LF,L,projected,preview,MacKenzie Gore,L,1.08,59% hard · 29% break,0.04930408567496769,0.04743693918764058,0.0499272687153105,2,0.69588576,fair,Weather not posted; Projected order,111 air,0.8843319973302941,0.9136896118383546,1.11,0.9,1,0.853514739229025,111,111 air · 64° dew · LHB,8,326,.399,,,,6.3,89,36.7,0.129,30.3
219,543760,Marcus Semien,NYM,TB,False,7,2B,R,projected,preview,Freddy Peralta,R,1.4,52% hard · 25% break,0.04915202548001102,0.047272595881418744,0.04977132159329689,2,0.69588576,fair,Weather not posted; Projected order,28.6% pull air; 60.7% ideal AA,0.9386882549758142,0.9936575211573551,1.01,0.8485739264118486,1,0.85696,101,101 air · roof closed · RHB,14,460,.347,0,40,10,6.2,86.5,32.8,0.138,48.5
220,668904,Royce Lewis,MIN,DET,True,7,1B,R,projected,preview,Troy Melton,R,0.93,64% hard · 25% break,0.048950528152974127,0.04705482201279032,0.04956469284723419,2,0.69588576,fair,Weather not posted; Projected order,24.1% pull air; 75.9% ideal AA; 75.2 bat,1.136891581276024,0.9599429458052939,0.89,0.8168470871216245,1,0.85696,89,89 air · 62° dew · RHB,13,419,.393,0,38,10,10.8,89.7,40.3,0.163,47.8
221,543877,Christian Vázquez,HOU,CWS,True,9,C,R,projected,preview,Sean Burke,R,1.09,61% hard · 37% break,0.04860147642496813,0.04647880058026577,0.04920680381027376,2,0.656496,fair,Weather not posted; Projected order,4S-FB 37%,0.7524903002114455,1.0419811277576367,1.01,0.8414752148419057,1,1,101,101 air · 77° dew · RHB,7,249,.338,,,,2.2,85.9,22.5,0.076,32.4
222,669397,Nick Allen,HOU,CWS,True,8,2B,R,projected,preview,Sean Burke,R,1.09,61% hard · 37% break,0.04855279837502133,0.046260299953746475,0.04933979082257765,2.8551724137931025,0.624226176,fair,Weather not posted; Projected order,37.5% pull air; 75% ideal AA,0.6343385696688844,0.947468719138096,1.01,0.72,1,0.85696,101,101 air · 77° dew · RHB,2,147,.359,,,,1.9,86,28,0.056,39.3
223,694197,Angel Genao,CLE,TOR,True,7,3B,S,projected,preview,Spencer Miles,R,0.54,59% hard · 41% break,0.04814448541860808,0.045468111622823604,0.04893846902627508,3,0.55940606208,fair,Weather not posted; Projected order,,0.7365134467258916,0.7754022146876032,0.96,0.7669386006595158,1,0.8,96,96 air · 73° dew · switch,1,81,.338,0,39,10,4.6,91,52.3,0.091,38.5
224,808982,Jung Hoo Lee,SF,PIT,False,5,RF,L,projected,preview,Paul Skenes,R,0.87,52% hard · 24% break,0.048088364369940115,0.046123014404304,0.04872133883439392,2.1454545454545446,0.69588576,fair,Weather not posted; Projected order,18.5% pull air,0.6777870214782207,0.8421393283961798,0.93,0.908528317396883,1,1.22,93,93 air · 74° dew · LHB,9,511,.419,0,39,10,2.6,87.4,30.8,0.094,36.8
225,680757,Steven Kwan,CLE,TOR,True,1,CF,L,projected,preview,Spencer Miles,R,0.54,59% hard · 41% break,0.047687319938788816,0.045689574424985,0.04846609077553765,3,0.69588576,fair,Weather not posted; Projected order,39.9% sweet; #1,0.5302332713260373,0.7807461360443062,0.96,0.7176246897127854,1,1.1888888888888889,96,96 air · 73° dew · LHB,2,530,.336,0,49,10,0.5,83.9,9.5,0.062,27.9
226,642215,Weston Wilson,SEA,BOS,False,8,3B,R,projected,preview,Jedixson Paez,R,6,66% hard · 11% break,0.047108719629588694,0.04318692160420812,0.0476769935582777,2,0.3657643775999999,thin,No established starter; Weather not posted; Projected order,103.7 last game; 55.6% ideal AA; 0% K,0.923920246047468,1,0.87,0.8499643241322821,1,0.8652000000000001,87,87 air · 62° dew · RHB,4,137,.331,,,,5.3,85.4,35.5,0.102,46.1
227,695490,Edwin Arroyo,CIN,SD,True,9,2B,S,projected,preview,Randy Vásquez,R,1.1,71% hard · 21% break,0.047045885082255684,0.04464068248964892,0.047612625611664905,2,0.6300737279999999,fair,Weather not posted; Projected order,4S-FB 31%; 43.4% sweet; Air starter; 14.7% K,0.6233264682942462,1.198448645136914,1.16,0.72,1,1,116,116 air · 72° dew · switch,0,151,.264,,,,2.9,87.6,26.4,0.08,41.5
228,595978,Austin Hedges,CLE,TOR,True,8,C,R,projected,preview,Spencer Miles,R,0.54,59% hard · 41% break,0.04701728380525676,0.044965414144221616,0.04762650681221156,2.163636363636364,0.69588576,fair,Weather not posted; Projected order,trending +3.1 brl; 69.2% ideal AA,0.7688601106432799,0.773224613612798,0.96,0.7998284934882085,1,1.22,96,96 air · 73° dew · RHB,5,209,.375,,,,4.6,86.4,31.4,0.09,49.7
229,686217,Sal Frelick,MIL,CHC,False,7,RF,L,projected,preview,Matthew Boyd,L,1.39,46% hard · 28% break,0.04692294234749459,0.04486345197662844,0.04748668874959483,2,0.69588576,fair,Weather not posted; Projected order,9.3% vs hard; trending +5.4 brl; 20–30° last 5; Air starter,0.604394456931021,1.154338573670846,1.07,0.7,1,1.20369714,107,107 air · 74° dew · LHB,4,334,.333,,,,2.3,85.9,28,0.079,38.9
230,593428,Xander Bogaerts,SD,CIN,False,6,DH,R,projected,preview,Nick Lodolo,L,1.71,52% hard · 25% break,0.046833186867688656,0.04476644623290282,0.0473947525090368,2,0.69588576,fair,Weather not posted; Projected order,104.2 last game; 62.5% ideal AA; Air starter; 17.8% K,0.8450780090372028,1.0668453654475156,1.15,0.7355,1,0.8219400000000001,115,115 air · 72° dew · RHB,11,519,.322,0,38,10,6.1,89.2,41.2,0.129,43.7
231,672695,Geraldo Perdomo,AZ,PHI,True,1,SS,S,projected,preview,Jesús Luzardo,L,0.77,43% hard · 38% break,0.04663840292609067,0.04455592804324604,0.04738284076241095,3,0.69588576,fair,Weather not posted; Projected order,100.4 last game; #1,0.6483868340396806,0.805184798598183,1.06,0.7,1,0.8400000000000001,106,106 air · 64° dew · switch,9,580,.373,0,42,10,2.9,87.5,30.8,0.091,44.2
232,687859,Troy Johnston,COL,BAL,True,8,DH,L,projected,preview,Kyle Bradish,R,1.01,52% hard · 47% break,0.04573644617289674,0.04358111306993073,0.04627171405325314,2,0.69588576,fair,Weather not posted; Projected order,trending +3.2 brl; 102.5 last game; 40.4% sweet; 112 air,0.6780241776478196,0.9250939911585246,1.12,0.7,1,1.22,112,112 air · 50° dew · LHB,4,402,.407,,,,2.4,89.6,37.3,0.105,38
233,663656,Kyle Tucker,LAD,STL,True,7,RF,L,projected,preview,Michael McGreevy,R,1.26,53% hard · 27% break,0.04561240937233152,0.043447056830532405,0.04614474371547317,2,0.69588576,fair,Weather not posted; Projected order,Air starter; 16.7% K; 110 air,0.8244025339633079,1.0333279700862534,1.1,0.79627759219874,1,0.8,110,110 air · 60° dew · LHB,11,528,.357,0,40,10,5.5,88.7,37,0.122,42.2
234,650333,Luis Arraez,PHI,AZ,False,4,2B,L,projected,preview,Eduardo Rodriguez,L,0.78,61% hard · 12% break,0.04555616703328163,0.04338627135046813,0.04626601376772743,3,0.69588576,fair,Weather not posted; Projected order,39.6% sweet; 18.0% K,0.6061173715072389,0.8880568260561785,1.06,0.7,1,0.78,106,106 air · 64° dew · LHB,6,567,.432,,,,1.2,86.4,19.1,0.09,30.7
235,596117,Garrett Stubbs,PHI,AZ,False,9,C,L,projected,preview,Eduardo Rodriguez,L,0.78,61% hard · 12% break,0.04547899414903565,0.04153742204594524,0.04600818236005466,2,0.4020192,thin,Short season sample; Weather not posted; Projected order,18.0% K,0.6515155959597261,0.8925258808477603,1.06,0.9,1,1,106,106 air · 64° dew · LHB,0,56,.157,,,,0,84.8,26.8,0.042,31.7
236,687231,Darell Hernaiz,ATH,TEX,False,9,SS,R,projected,preview,MacKenzie Gore,L,1.08,59% hard · 29% break,0.04547065767846698,0.042950089575378714,0.045999649619752114,2,0.63592128,fair,Weather not posted; Projected order,,0.6132585122114071,0.9897459456984714,1.08,0.8936863304698575,1,1,108,108 air · 64° dew · RHB,1,155,.281,,,,0.9,85.2,27.5,0.053,26.6
237,640459,Brian Navarreto,MIA,KC,False,9,C,R,projected,preview,Randy Dobnak,R,0.52,49% hard · 30% break,0.04529730175466386,0.04117624223892491,0.04582222073288711,2,0.37830006720000003,thin,Short season sample; Weather not posted; Projected order,15.4% K,0.8192176139008265,0.7808108968153069,0.95,0.9,1,1,95,95 air · 63° dew · RHB,1,49,.220,,,,7.1,83.6,17.9,0.058,57.1
238,682663,Agustín Ramírez,MIA,KC,False,3,DH,R,projected,preview,Randy Dobnak,R,0.52,49% hard · 30% break,0.045015982375637906,0.04256399423780877,0.04570887923229272,3,0.6548285001599999,fair,Weather not posted; Projected order,75.7 bat; 15.4% K; #3,0.6691235568494298,0.8005796668175635,0.95,0.72,1,0.8240000000000001,95,95 air · 63° dew · RHB,2,191,.333,,,,3.3,89.4,39.8,0.072,43.1
239,677942,Blaze Alexander,BAL,COL,False,7,3B,R,projected,preview,Gabriel Hughes,R,0.94,63% hard · 26% break,0.04501423221321716,0.04252128725654025,0.04553253515257216,2,0.6478696425599999,fair,Weather not posted; Projected order,102.7 last game; 72.7% ideal AA; 40.3% sweet; 92.2 EV,0.9019942084185746,0.8602878353073173,1.12,0.766457423632714,1,0.8652000000000001,112,112 air · 50° dew · RHB,4,259,.425,1,41,10,6.7,92.2,48.6,0.158,32
240,801501,Nate Furman,SF,PIT,False,8,2B,L,projected,preview,Paul Skenes,R,0.87,52% hard · 24% break,0.04494668079439863,0.04053541089679291,0.0454634112346719,2,0.3424608,thin,Short season sample; Weather not posted; Projected order,22.2% pull air; 66.7% ideal AA,0.8588957055214724,0.8785075578441236,0.93,0.8865000000000001,1,0.85696,93,93 air · 74° dew · LHB,0,23,.158,,,,0,83.8,21.4,0.033,42.9
241,641487,J.P. Crawford,SEA,BOS,False,9,SS,L,projected,preview,Jedixson Paez,R,6,66% hard · 11% break,0.04471975439586079,0.04076840111159996,0.04523122021642756,2,0.4175314559999999,thin,No established starter; Weather not posted; Projected order,0% K,0.8750192033203154,1,0.89,0.885855211855239,1,0.78,89,89 air · 62° dew · LHB,10,385,.335,,,,6.1,87.8,35.5,0.121,35.5
242,685133,Wade Meckler,LAA,NYY,True,3,LF,L,projected,preview,Gerrit Cole,R,1.19,53% hard · 33% break,0.04445536522858546,0.04219654902944725,0.04513089319884278,3,0.69588576,fair,Weather not posted; Projected order,72.7% ideal AA; #3,0.6791282954753678,0.9188404814155683,0.84,0.7068530015938367,1,0.8034,84,84 air · 58° dew · LHB,3,247,.385,0,41,10,3,86.7,32.1,0.098,34.5
243,805367,Chase Meidroth,CWS,HOU,False,7,2B,R,projected,preview,Ronel Blanco,R,2.7,36% hard · 34% break,0.04442515361480069,0.040321518323539696,0.044929825929310274,2,0.40083019776,thin,Starter sample thin; Weather not posted; Starter outing length thin; Projected order,74.1% ideal AA; Air starter,0.7411903461449038,1.1897749242081552,1.01,0.7201457768407091,1,0.8240000000000001,101,101 air · 77° dew · RHB,12,553,.398,0,43,10,4.3,87.5,34.4,0.098,40.8
244,805300,Jakob Marsee,MIA,KC,False,7,CF,L,projected,preview,Randy Dobnak,R,0.52,49% hard · 30% break,0.044323050541499626,0.04180905890828468,0.04499451215067407,3,0.6548285001599999,fair,Weather not posted; Projected order,15.4% K,0.6839045306098803,0.7791762232257928,0.95,0.7239885443805537,1,0.8,95,95 air · 63° dew · LHB,8,522,.325,1,40,10,3.4,87.2,34.7,0.095,41.7
245,802415,Chandler Simpson,TB,NYM,True,5,LF,L,projected,preview,Sean Manaea,L,1.47,66% hard · 31% break,0.044304656172369714,0.0420336660041879,0.0449755534732591,3,0.69588576,fair,Weather not posted; Projected order,Air starter,0.5168976729476368,1.0376839766338095,1.01,0.7,1,0.78,101,101 air · roof closed · LHB,0,522,.364,0,41,10,0,83.6,13,0.037,29.4
246,677870,Leo Jiménez,MIA,KC,False,6,3B,R,projected,preview,Randy Dobnak,R,0.52,49% hard · 30% break,0.04418548348919153,0.04165918236509625,0.04485273066586348,3,0.6548285001599999,fair,Weather not posted; Projected order,15.4% K,0.7011942164914824,0.7791762232257928,0.95,0.72,1,0.78,95,95 air · 63° dew · RHB,2,194,.259,,,,3.9,90,40,0.095,34.6
247,664702,Myles Straw,TOR,CLE,False,9,LF,R,projected,preview,Gavin Williams,R,1.56,49% hard · 51% break,0.04378989691492677,0.04147732554769579,0.04428007824732405,2,0.69588576,fair,Weather not posted; Projected order,Air starter,0.657613728863941,1.0805512795779006,0.96,0.7,1,1.159,96,96 air · 73° dew · RHB,3,273,.343,,,,3.3,85.8,25.7,0.1,36
248,545121,Ildemaro Vargas,AZ,PHI,True,8,2B,S,projected,preview,Jesús Luzardo,L,0.77,43% hard · 38% break,0.0436918473848624,0.04137135577731066,0.04417981131686077,2,0.69588576,fair,Weather not posted; Projected order,106.2 last game; 20–30° last 5; 27.3% pull air,0.7311849925357431,0.8379692683656942,1.06,0.9254486593650679,1,0.9169472000000002,106,106 air · 64° dew · switch,9,436,.388,0,40,10,3.3,87.4,35.6,0.098,40.4
249,691594,Javier Sanoja,MIA,KC,False,4,2B,R,projected,preview,Randy Dobnak,R,0.52,49% hard · 30% break,0.04326446943637825,0.04065575603482585,0.0439038511598242,3,0.6548285001599999,fair,Weather not posted; Projected order,100.1 last game; 15.4% K,0.6299249391187508,0.8504299042674228,0.95,0.7,1,0.78624,95,95 air · 63° dew · RHB,6,388,.418,0,40,10,2.1,86.8,30.5,0.074,38
250,670764,Taylor Walls,TB,NYM,True,9,SS,S,projected,preview,Sean Manaea,L,1.47,66% hard · 31% break,0.0422433203805,0.039805819726825065,0.042782016871940554,2.4399999999999977,0.69588576,fair,Weather not posted; Projected order,22.2% pull air; 75% ideal AA; Air starter,0.5878138955020096,1.028225297152524,1.01,0.72,1,0.85696,101,101 air · roof closed · switch,2,394,.290,0,37,10,2,85.5,22,0.068,40.4
251,814439,Ryan Waldschmidt,AZ,PHI,True,9,CF,R,projected,preview,Jesús Luzardo,L,0.77,43% hard · 38% break,0.04104292495866018,0.03850845882014642,0.041472925853369924,2,0.69588576,fair,Weather not posted; Projected order,46.8% sweet,0.8363729058277628,0.8055486515391598,1.06,0.7355,1,0.933531746031746,106,106 air · 64° dew · RHB,3,253,.387,,,,6.3,87.1,30.4,0.123,38
252,683083,Nasim Nuñez,WSH,ATL,True,8,SS,S,projected,preview,AJ Smith-Shawver,R,0.66,50% hard · 15% break,0.040932111971478245,0.03631642298006543,0.04135976960696364,2,0.40083019776,thin,Starter sample thin; Weather not posted; Starter outing length thin; Projected order,trending +3.4 brl; 15.9% K,0.5357084572318666,0.904547762176183,1.05,0.7180453951331507,1,1.22,105,105 air · 71° dew · switch,1,455,.251,0,36,10,0.6,85.1,21.5,0.051,32.9
253,805999,A.J. Ewing,NYM,TB,False,8,CF,L,projected,preview,Freddy Peralta,R,1.4,52% hard · 25% break,0.0404071702761575,0.037821349175848784,0.04082381626986642,2,0.69588576,fair,Weather not posted; Projected order,,0.852013809133537,0.9709575743391979,1.01,0.7280394577338845,1,0.7828,101,101 air · roof closed · LHB,7,400,.352,0,42,10,7,89.2,41.6,0.138,30.7
254,672724,Oswald Peraza,LAA,NYY,True,8,3B,R,projected,preview,Gerrit Cole,R,1.19,53% hard · 33% break,0.03993326521230461,0.0370380455893522,0.04034009604962785,2,0.656496,fair,Weather not posted; Projected order,,0.8216483654865345,0.92613749409393,0.84,0.72,1,1,84,84 air · 58° dew · RHB,7,338,.344,,,,6.6,87.3,36.3,0.112,34.9
255,500743,Miguel Rojas,LAD,STL,True,6,3B,R,projected,preview,Michael McGreevy,R,1.26,53% hard · 27% break,0.039520865929949245,0.036863450978913304,0.03991925261222895,2,0.69588576,fair,Weather not posted; Projected order,101.2 last game; Air starter; 16.7% K,0.7496786423186714,1.053155594454265,1.03,0.72,1,0.78,103,103 air · 60° dew · RHB,3,207,.399,,,,5.3,87.1,36.8,0.11,33.9
256,687462,Spencer Horwitz,PIT,SF,True,8,1B,L,projected,preview,Logan Webb,R,0.67,56% hard · 20% break,0.03941242107652349,0.036746246172225994,0.03980860228040339,2,0.69588576,fair,Weather not posted; Projected order,57.9% ideal AA,0.8942697049047819,0.8003998454464455,0.93,0.8495519509048841,1,0.8034,93,93 air · 74° dew · LHB,10,381,.383,0,42,10,6.7,86.9,31.1,0.131,40.4
257,687597,Jordan Beck,COL,BAL,True,7,LF,R,projected,preview,Kyle Bradish,R,1.01,52% hard · 47% break,0.0393050271875608,0.03607179382164383,0.039699030442071015,2,0.616916736,fair,Weather not posted; Projected order,55.6% ideal AA; 112 air,0.6909418676827334,0.9848242785927827,1.12,0.72,1,0.8034,112,112 air · 50° dew · RHB,1,142,.313,,,,4.4,86.9,30.8,0.083,37.4
258,621493,Taylor Ward,SEA,BOS,False,6,RF,R,projected,preview,Jedixson Paez,R,6,66% hard · 11% break,0.03914193338546406,0.03439488237421351,0.03953264080777319,2,0.4175314559999999,thin,No established starter; Weather not posted; Projected order,100.2 last game; 25% pull air; 75% ideal AA; 0% K,0.744507004199825,1,0.87,0.7,1,0.8998080000000002,87,87 air · 62° dew · RHB,7,581,.319,0,39,10,5.4,88.9,38.3,0.123,32.4
259,666152,David Hamilton,MIL,CHC,False,8,3B,L,projected,preview,Matthew Boyd,L,1.39,46% hard · 28% break,0.03905098993322416,0.03635561936105902,0.03943986568452762,2,0.69588576,fair,Weather not posted; Projected order,104.1 last game; 20% pull air; Air starter; 19.0% K,0.6486718118658291,1.0203323582955075,1.07,0.7217065079283318,1,0.8736000000000002,107,107 air · 74° dew · LHB,4,339,.332,1,36,10,3.4,87,27.8,0.089,32.8
260,666624,Christopher Morel,NYM,TB,False,6,LF,R,projected,preview,Freddy Peralta,R,1.4,52% hard · 25% break,0.03863879703835916,0.03476409114474577,0.03901942593850172,2,0.539436672,fair,Weather not posted; Projected order,25% pull air; 62.5% ideal AA; 76.2 bat,0.6538487766302497,1.0188017702977266,1.01,0.72,1,0.85696,101,101 air · roof closed · RHB,0,89,.207,,,,2,87.3,39.2,0.048,52.9
261,656716,Zach McKinstry,DET,MIN,False,6,RF,L,projected,preview,Andrew Morris,R,0.57,78% hard · 11% break,0.03811526778750177,0.03481229591365631,0.0385788736825162,2.666666666666668,0.6231656980799999,fair,Weather not posted; Starter outing length thin; Projected order,20–30° last 3; 23.5% pull air; 38% sweet,0.6268044916097253,0.776992881709867,0.89,0.7,1,0.8652800000000002,89,89 air · 62° dew · LHB,4,377,.313,,,,2.2,85.7,22.1,0.082,39.1
262,702332,Caleb Durbin,BOS,SEA,True,6,3B,R,projected,preview,Bryan Woo,R,1.07,66% hard · 28% break,0.03752727692386014,0.03470882393400154,0.03791207749483721,2.154838709677417,0.69588576,fair,Weather not posted; Projected order,64% ideal AA,0.7157529341478623,0.9088205170104069,0.87,0.7651415778543067,1,0.8487200000000001,87,87 air · 62° dew · RHB,12,499,.390,0,37,10,2.6,83.6,25.7,0.083,39.6
263,657136,Connor Wong,BOS,SEA,True,9,C,R,projected,preview,Bryan Woo,R,1.07,66% hard · 28% break,0.037413643926232615,0.034586011895444524,0.037770292678487305,2,0.69588576,fair,Weather not posted; Projected order,4S-FB 48%,0.7889137957352561,1.0710633741321067,0.87,0.7,1,0.8,87,87 air · 62° dew · RHB,4,214,.369,1,37,10,5,86,36.2,0.118,41.8
264,663968,Jake Mangum,PIT,SF,True,7,CF,S,projected,preview,Logan Webb,R,0.67,56% hard · 20% break,0.03713541848986135,0.03428531197788032,0.037574587327974605,2.66,0.69588576,fair,Weather not posted; Projected order,pull × porch,0.5741918173429936,0.8531174664923924,0.91,0.7,1,0.8240000000000001,91,91 air · 74° dew · pull × porch · switch,4,411,.373,,,,2,85.5,27.7,0.078,29.4
265,703601,Max Clark,DET,MIN,False,8,CF,L,projected,preview,Andrew Morris,R,0.57,78% hard · 11% break,0.03522561636315556,0.03095090337403239,0.03554141439749925,2,0.53841516314112,fair,Weather not posted; Starter outing length thin; Projected order,104.7 last game; 39% sweet,0.7962737982823773,0.771452349275831,0.89,0.7482948856313765,1,0.8400000000000001,89,89 air · 62° dew · LHB,2,108,.398,,,,1.3,86.4,39,0.092,36.4
266,677587,Brayan Rocchio,CLE,TOR,True,9,SS,S,projected,preview,Spencer Miles,R,0.54,59% hard · 41% break,0.034083424965316994,0.030986784664179368,0.034378902194339034,2,0.69588576,fair,Weather not posted; Projected order,101.5 last game; 26.1% pull air; 56.5% ideal AA,0.7232286728301505,0.7398602450011468,0.96,0.7448781099908028,1,0.8998080000000002,96,96 air · 73° dew · switch,10,509,.363,0,38,10,3.1,86.8,31.1,0.104,43.4
267,694377,Nick Yorke,PIT,SF,True,9,3B,R,projected,preview,Logan Webb,R,0.67,56% hard · 20% break,0.03354995824624735,0.029674795466741566,0.03383618001576205,2,0.6074437017600001,fair,Weather not posted; Projected order,60% ideal AA,0.7734404366353705,0.8038706787797789,0.87,0.72,1,0.8240000000000001,87,87 air · 74° dew · RHB,1,112,.275,,,,5.2,88.2,44.2,0.102,32.5
268,683766,Christian Koss,SF,PIT,False,9,SS,R,projected,preview,Paul Skenes,R,0.87,52% hard · 24% break,0.03338029073104985,0.02977597418906963,0.03366360022609549,2,0.6415349299199999,fair,Weather not posted; Projected order,,0.6858034480093377,0.9116934539531522,0.87,0.7,1,0.8474783625730994,87,87 air · 74° dew · RHB,1,134,.260,1,36,10,5.7,85.7,30,0.075,43.3
269,702222,Justin Crawford,PHI,AZ,False,8,CF,L,projected,preview,Eduardo Rodriguez,L,0.78,61% hard · 12% break,0.03185871035994628,0.02858236216721477,0.03211657902196485,2,0.69588576,fair,Weather not posted; Projected order,18.0% K,0.5592294449686342,0.9069844981600386,1.06,0.72,1,0.78,106,106 air · 64° dew · LHB,2,404,.351,,,,1.3,87.1,35.6,0.062,26.8
270,623168,Tyler Heineman,LAA,NYY,True,9,C,S,projected,preview,Gerrit Cole,R,1.19,53% hard · 33% break,0.029530846170677444,0.026065422791364368,0.029752143684127708,2,0.6957709747199999,fair,Weather not posted; Projected order,18.2% pull air,0.5783119537167841,0.9188404814155683,0.84,0.7,1,0.8320000000000001,84,84 air · 58° dew · switch,1,169,.228,,,,0.8,81.4,11.9,0.045,48.5
