rank,playerId,name,team,opponent,isHome,battingOrder,position,bats,lineupSource,gameStatus,pitcher,pitcherThrows,pitcherHr9,pitcherMixLabel,pHr,pHrRaw,xHr,expectedPa,confidence,confidenceBand,confidenceNotes,reasons,factor_batter,factor_pitcher,factor_park,factor_platoon,factor_weather,factor_form,parkHrFactor,parkAirLabel,season_hr,season_pa,season_slg,recent_hr,recent_pa,recent_games,barrelPct,evAvg,hardHitPct,xIso,pullPct
1,681715,Heriberto Hernández,MIA,CHC,True,1,LF,R,projected,preview,Javier Assad,R,1.62,73% hard · 19% break,0.22425827117241193,0.23348790187672752,0.2575492040966355,3.2179830554796394,0.6983999999999999,fair,Projected order,16.7% vs RHP last 10; 4S-FB 19%; trending +5.9 brl; 20% pull air,1.4459535637258742,1.1464237877280523,0.9,1.42,1,1.22,90,90 air · 72°F · roof closed · RHB,23,412,.467,4,44,10,14.1,91.3,47.5,0.243,47.1
2,808959,Munetaka Murakami,CWS,MIN,True,3,1B,L,projected,preview,Taj Bradley,R,1.22,71% hard · 9% break,0.218930015900568,0.22779000995101994,0.2500032394348412,2.829267807895848,0.69588576,fair,Weather not posted; Projected order,18.2% vs RHP last 10; 4S-FB 47%; 46.2% pull air; 15.4% barrels last 10,1.6170186202605412,1.1602683305949015,1.13,1.42,1,0.9279046447898674,113,113 air · 70° dew · LHB,29,464,.476,0,45,10,19.3,93.9,57,0.262,44.8
3,665742,Juan Soto,NYM,SF,True,2,LF,L,projected,preview,Anthony Molina,R,1.26,49% hard · 26% break,0.21827947745194026,0.23360619943635386,0.2571704734350185,2.811299659618873,0.42641510400000004,thin,Starter sample thin; Starter outing length thin; Projected order,25% vs RHP last 10; Curve 13%; tank last game; trending +7.0 brl,1.48780957474458,1.0820870826243423,1.03,1.42,1,1.22,103,103 air · 80°F · cross RF 10 · 60° dew · LHB,23,382,.535,2,40,10,14.4,92.6,48.7,0.293,39.2
4,694192,Jackson Chourio,MIL,CIN,False,3,LF,R,projected,preview,Andrew Abbott,L,1.27,47% hard · 33% break,0.21244494570348288,0.22078108905904437,0.24152497901692194,2.7286915422085753,0.69588576,fair,Weather not posted; Projected order,14.3% vs LHP last 10; 4S-FB 45%; 100.2 last game; 4× 100+ last 3,1.2668577475524603,1.1779560162920053,1.15,1.3851244932422941,1,1.1455911647727273,115,115 air · 75° dew · RHB,21,485,.480,4,48,10,12.8,91.8,47.6,0.209,29.5
5,592626,Joc Pederson,TEX,TB,True,1,DH,L,projected,preview,Drew Rasmussen,R,0.8,81% hard · 7% break,0.20876865758372756,0.21680783791072888,0.2371305929649566,2.7439327685159878,0.69588576,fair,Weather not posted; Projected order,20% vs RHP last 10; Cutter 29%; trending +7.2 brl; 104.6 last game,1.3755881492909725,0.9609238568492812,1.11,1.42,1,1.22,111,111 air · 67° dew · LHB,24,413,.478,2,24,10,11,92.2,51,0.198,42.2
6,691718,Pete Crow-Armstrong,CHC,MIA,False,1,CF,L,projected,preview,Ryan Gusto,R,1.06,54% hard · 31% break,0.20772470503032436,0.21562752398156404,0.23568441548467917,2.6855643618474994,0.6983999999999999,fair,Projected order,26.7% vs RHP last 10; 4S-FB 28%; 4 tanks last 10; trending +12 brl,1.5182848258951673,1.0786098882942037,0.9,1.42,1,1.22,90,90 air · 72°F · roof closed · LHB,39,636,.570,6,47,10,13,90.3,48.7,0.238,50.3
7,695600,Carter Jensen,KC,TOR,True,1,C,L,projected,preview,Max Scherzer,R,1.89,52% hard · 32% break,0.20633603444665483,0.21463526463133842,0.2343683025847526,2.5018282245652395,0.6736174156799999,fair,Weather not posted; Projected order,37.5% vs RHP last 10; 4S-FB 47%; 4 tanks last 10; trending +14.8 brl,1.2312519057452025,1.281387777314485,0.97,1.42,1,1.22,97,97 air · 68° dew · LHB,22,529,.443,5,47,10,11.3,91.5,45.5,0.181,40.4
8,668227,Randy Arozarena,SEA,ATH,True,1,LF,R,projected,preview,Jeffrey Springs,L,2.41,46% hard · 29% break,0.20590026523437824,0.21370774269930404,0.23343168523318153,2.728840067354909,0.69588576,fair,Weather not posted; Projected order,22.2% vs LHP last 10; 4S-FB 44%; trending +5.6 brl; 4× 100+ last 3,1.1038888931563808,1.356478281485178,0.96,1.42,1,1.22,96,96 air · 58° dew · RHB,22,581,.464,2,45,10,8,90.7,41.5,0.162,35.9
9,681508,Mickey Gasper,BOS,BAL,False,2,1B,S,projected,preview,Chris Bassitt,R,1.02,64% hard · 31% break,0.198765428375965,0.20599656832523983,0.2242983319592825,3.0127029242962564,0.69588576,fair,Weather not posted; Projected order,14.3% vs RHP last 10; Sinker 38%; trending +3.0 brl; 26.7% pull air,1.1762557341970283,1.0538796163746122,1.11,1.399652859214863,1,1.1696912993103448,111,111 air · 63° dew · switch,8,178,.513,5,38,10,10.3,89,38.9,0.205,42.9
10,686948,Drake Baldwin,ATL,PHI,False,2,DH,L,projected,preview,Zack Wheeler,R,1.31,62% hard · 23% break,0.19844801953269947,0.20565351984538505,0.2237595376423407,2.752528955527702,0.69588576,fair,Weather not posted; Projected order,15% vs RHP last 10; 65.2% ideal AA; 13.0% barrels last 10; 19.0% blast,1.2775350476126828,0.9452021781984501,1.22,1.42,1,1.1326727410087254,122,122 air · 61° dew · LHB,22,523,.449,1,45,10,12.7,91.8,51.1,0.217,30.8
11,663728,Cal Raleigh,SEA,ATH,True,4,C,S,projected,preview,Jeffrey Springs,L,2.41,46% hard · 29% break,0.1981743816413128,0.2053577780452981,0.2229728661823525,2.5477223637694064,0.69588576,fair,Weather not posted; Projected order,4S-FB 44%; trending +11.5 brl; 46.7% pull air; 26.7% barrels last 10,1.3080952675132467,1.3872705986167961,0.95,1.2260744439223057,1,1.22,95,95 air · 58° dew · spray vs wall · switch,21,446,.371,7,42,10,15.2,89.8,39.3,0.214,54.1
12,621566,Matt Olson,ATL,PHI,False,4,1B,L,projected,preview,Zack Wheeler,R,1.31,62% hard · 23% break,0.19687021072230126,0.20394825886922574,0.22137496075473684,2.6279801340106115,0.69588576,fair,Weather not posted; Projected order,4S-FB 35%; 27.3% pull air; 63.6% ideal AA; 19.3% blast,1.5799381002704789,1.104117023874625,1.22,1.3310485919381558,1,0.8826688,122,122 air · 61° dew · LHB,37,613,.515,1,43,10,15,92.6,50.3,0.264,39.1
13,624413,Pete Alonso,BAL,BOS,True,4,1B,R,projected,preview,Sonny Gray,R,0.94,58% hard · 37% break,0.196575318332885,0.20362954567626856,0.22104039041786733,2.6890971444692275,0.69588576,fair,Weather not posted; Projected order,4S-FB 17%; trending +4.9 brl; 103 last game; 5× 100+ last 3,1.4896584535453226,1.0646409837904356,1.05,1.2102291551628936,1,1.22,105,105 air · 63° dew · RHB,33,615,.498,2,44,10,14.1,94.2,57.1,0.26,34.7
14,643217,Andrew Benintendi,CWS,MIN,True,4,DH,L,projected,preview,Taj Bradley,R,1.22,71% hard · 9% break,0.19350839263262343,0.20031487999626374,0.217195717019905,2.7637754975278885,0.69588576,fair,Weather not posted; Projected order,15% vs RHP last 10; 4S-FB 47%; trending +5.5 brl; 20–30° last 5,1.0847010018776624,1.1602683305949015,1.13,1.3575186724270751,1,1.22,113,113 air · 70° dew · LHB,14,422,.418,1,36,10,8.8,89,44.4,0.16,51.2
15,701398,Sal Stewart,CIN,MIL,True,3,1B,R,projected,preview,Dustin May,R,0.7,67% hard · 26% break,0.19233753864467645,0.19904944682003334,0.2157251502713415,2.5229024323585683,0.69588576,fair,Weather not posted; Projected order,16.7% vs RHP last 10; 4S-FB 26%; 105 last game; 84% ideal AA,1.351015165153695,0.9997553255086515,1.15,1.42,1,1.0942114644910648,115,115 air · 75° dew · RHB,31,611,.483,4,43,10,13.2,90.1,38.6,0.225,31.7
16,691406,Junior Caminero,TB,TEX,False,3,3B,R,projected,preview,Jacob deGrom,R,1.11,44% hard · 43% break,0.19226244535532944,0.19896828764849683,0.21566026141047706,2.574555889587319,0.69588576,fair,Weather not posted; Projected order,Slider 36%; 107.6 last game; 60% ideal AA; 12% barrels last 10,1.4629054868236486,1.0530694867851498,1.08,1.295295554942021,1,1.1054516457960644,108,108 air · 67° dew · RHB,37,615,.528,2,44,10,12.9,93,50.4,0.219,46.3
17,682829,Elly De La Cruz,CIN,MIL,True,2,SS,S,projected,preview,Dustin May,R,0.7,67% hard · 26% break,0.1915122370520791,0.19815747905426628,0.2148606268118638,2.5813029516261277,0.69588576,fair,Weather not posted; Projected order,16.7% vs RHP last 10; 4S-FB 26%; trending +6.9 brl; 113.3 last game,1.2784933931116214,0.9832312505835261,1.16,1.3002032550851128,1,1.22,116,116 air · 75° dew · switch,21,546,.477,0,44,10,14.2,94.1,51.6,0.197,33.2
18,660670,Ronald Acuña Jr.,ATL,PHI,False,1,RF,R,projected,preview,Zack Wheeler,R,1.31,62% hard · 23% break,0.1904583527763687,0.19701846416417745,0.21376706209217802,2.814803366286247,0.69588576,fair,Weather not posted; Projected order,4S-FB 35%; 108.6 last game; 65% ideal AA; 15% barrels last 10,1.198920497034764,1.0231705899024774,1.19,1.1985401209655122,1,1.22,119,119 air · 61° dew · RHB,14,388,.422,1,45,10,12.2,90.4,45.5,0.212,36.6
19,665019,Kody Clemens,MIN,CWS,False,3,2B,L,projected,preview,Anthony Kay,L,1.25,57% hard · 29% break,0.18830255482295882,0.1946885252652394,0.21075027733779986,2.759032522547144,0.69588576,fair,Weather not posted; Projected order,4S-FB 23%; trending +9.0 brl; 42.1% pull air; 89.5% ideal AA,1.3450443028118595,1.0885408004885415,1.13,1.0932633277316934,1,1.22,113,113 air · 70° dew · LHB,24,502,.470,3,43,10,12.1,92.4,47,0.213,47.6
20,663886,Tyler Stephenson,CIN,MIL,True,4,C,R,projected,preview,Dustin May,R,0.7,67% hard · 26% break,0.18772237231771857,0.19406147680492125,0.20972937833119487,2.4645019130910084,0.69588576,fair,Weather not posted; Projected order,22.2% vs RHP last 10; 4S-FB 26%; 35.7% pull air; 71.4% ideal AA,1.2005719246098965,1.0291377909952073,1.15,1.42,1,1.187230211981567,115,115 air · 75° dew · RHB,14,402,.419,2,40,10,12.4,91.1,45.3,0.205,36
21,695657,Colson Montgomery,CWS,MIN,True,5,SS,L,projected,preview,Taj Bradley,R,1.22,71% hard · 9% break,0.18726650992698035,0.19356879078345812,0.2091028253432058,2.685184725086337,0.69588576,fair,Weather not posted; Projected order,4S-FB 47%; 31.3% pull air; 75% ideal AA; 12.5% barrels last 10,1.3671705208787635,1.1602683305949015,1.13,1.2102291551628936,1,1.0712000000000002,113,113 air · 70° dew · LHB,30,562,.436,3,43,10,12.5,88.7,41.7,0.202,48.6
22,656941,Kyle Schwarber,PHI,ATL,True,1,DH,L,projected,preview,Martín Pérez,L,0.89,61% hard · 8% break,0.18487015309945642,0.1909788611570047,0.20669294774692087,2.8050365048998556,0.69588576,fair,Weather not posted; Projected order,Sinker 35%; 101.3 last game; 25% pull air; 75% ideal AA,1.6536064361057659,1.0459267362544398,1.24,1.0515,1,0.8998080000000002,124,124 air · 61° dew · pull × porch · LHB,40,605,.513,1,45,10,16.7,92.3,49.4,0.252,54.2
23,665953,Andrés Chaparro,WSH,LAD,False,2,DH,R,projected,preview,Tyler Glasnow,R,0.87,56% hard · 44% break,0.18237506481394133,0.1892351457159307,0.20448058124460025,2.647892866903526,0.6346478131199998,fair,Weather not posted; Projected order,14.3% vs RHP last 10; 4S-FB 33%; 25% pull air; 64.7% ideal AA,1.2717916062932344,1.0800069370489038,1.02,1.4103810591136896,1,1.0661496774193548,102,102 air · 59° dew · RHB,9,181,.497,1,37,10,13,89.5,44.3,0.218,50.4
24,672960,Kazuma Okamoto,TOR,KC,False,5,3B,R,projected,preview,Seth Lugo,R,1.05,51% hard · 40% break,0.18235473241470812,0.18826024993867674,0.20291634125919866,2.6325739916081217,0.69588576,fair,Weather not posted; Projected order,18.2% vs RHP last 10; trending +11.8 brl; 100.6 last game; 25% pull air,1.3470895484004126,0.9931614791847518,0.97,1.42,1,1.22,97,97 air · 68° dew · RHB,28,555,.438,2,39,10,13.2,90.5,43.4,0.212,51.2
25,677594,Julio Rodríguez,SEA,ATH,True,3,CF,R,projected,preview,Jeffrey Springs,L,2.41,46% hard · 29% break,0.18223134998184398,0.1881269009254628,0.20304787648858658,2.608094931631241,0.69588576,fair,Weather not posted; Projected order,16.7% vs LHP last 10; 4S-FB 44%; 110.1 last game; 4× 100+ last 3,1.1242350764610116,1.3458564047930188,0.96,1.3445129547088017,1,1.1014271672771674,96,96 air · 58° dew · RHB,20,571,.398,0,45,10,9.1,90,43.3,0.181,39
26,670541,Yordan Alvarez,HOU,AZ,True,2,DH,L,projected,preview,Brandon Pfaadt,R,1.05,55% hard · 29% break,0.18173360759864757,0.1875889519314835,0.20272883602576908,3.2028735407800726,0.69588576,fair,Weather not posted; Projected order,19.0% pull air; 21.9% blast; 41.8% sweet; 76.2 bat,1.7000396249187664,1.0172561460323613,1.05,1.2102291551628936,1,0.85696,105,105 air · 74° dew · LHB,37,613,.601,1,42,10,16.3,94.4,53.3,0.329,41.3
27,646240,Rafael Devers,SF,NYM,False,2,1B,L,projected,preview,Zac Thornton,L,1.03,66% hard · 30% break,0.18173242657025096,0.18754937606939115,0.2025434306918122,2.712981688986062,0.6983999999999999,fair,Projected order,Cutter 31%; trending +7.2 brl; 103.2 last game; 5× 100+ last 3,1.4256501222429172,1.1572549992830683,1.03,0.9877738088296277,1,1.22,103,103 air · 80°F · cross RF 10 · 60° dew · LHB,33,607,.508,5,48,10,12,93,51.3,0.228,33.3
28,695578,James Wood,WSH,LAD,False,1,LF,L,projected,preview,Tyler Glasnow,R,0.87,56% hard · 44% break,0.18026079932923308,0.18747584362767045,0.20257878993058664,2.7077999453402573,0.5987243519999998,fair,Weather not posted; Projected order,101.6 last game; 24.6% blast; 39.5% sweet; 76.9 bat,1.6559839107206662,0.9569043160811619,1.09,1.38,1,0.84,109,109 air · 59° dew · LHB,30,544,.536,0,46,10,20.7,95.2,57.8,0.305,32.7
29,663457,Lars Nootbaar,AZ,HOU,False,5,DH,L,projected,preview,Ethan Pecko,R,2.77,67% hard · 28% break,0.17979296965037303,0.1901345241343967,0.20499950060550592,2.4651544137742554,0.40083019776,thin,Starter sample thin; Weather not posted; Starter outing length thin; Projected order,21.4% vs RHP last 10; 4S-FB 23%; trending +11.2 brl; 105.9 last game,1.0432403148433225,1.2893755703288734,1.05,1.378470975622986,1,1.22,105,105 air · 74° dew · LHB,6,265,.368,2,32,10,10.2,91.9,49.7,0.195,40.1
30,668709,JJ Bleday,CIN,MIL,True,6,LF,L,projected,preview,Dustin May,R,0.7,67% hard · 26% break,0.1793284128962233,0.1849894705246874,0.19877232442848172,2.312660562995354,0.69588576,fair,Weather not posted; Projected order,25% vs RHP last 10; 4S-FB 26%; tank last game; trending +3.2 brl,1.272138336853177,0.951758173566463,1.16,1.42,1,1.22,116,116 air · 75° dew · LHB,22,471,.435,1,42,10,10.4,88.6,39.7,0.19,45.8
31,701350,Roman Anthony,BOS,BAL,False,1,DH,L,projected,preview,Chris Bassitt,R,1.02,64% hard · 31% break,0.17900844453221143,0.18487332819268487,0.19964550413131352,3.0808636239409677,0.68027496192,fair,Weather not posted; Projected order,21.4% vs RHP last 10; trending +6.0 brl; 100.9 last game; 4× 100+ last 3,1.0120615072550367,0.8979657955910829,1.17,1.4146097456077604,1,1.22,117,117 air · 63° dew · LHB,3,159,.407,2,44,10,11.6,92.8,51,0.17,38.5
32,700250,Ben Rice,NYY,SD,False,1,DH,L,projected,preview,Robbie Ray,L,1.21,46% hard · 35% break,0.177530834838965,0.18304668779179767,0.19748749955319697,2.929229297622301,0.69588576,fair,Weather not posted; Projected order,4S-FB 33%; 104.1 last game; 24% pull air; 84% ideal AA,1.5474646131843035,1.1503390723155857,0.84,1.1817881728242177,1,1.0461808767123293,84,84 air · 63° dew · LHB,36,581,.526,2,45,10,14.6,92,48.9,0.247,45.6
33,696100,Hunter Goodman,COL,STL,True,3,C,R,projected,preview,Matthew Liberatore,L,1.67,43% hard · 43% break,0.17705081027372752,0.18252788782484175,0.19656141794430443,2.596715446346493,0.69588576,fair,Weather not posted; Projected order,Slider 26%; 106.4 last game; 80% ideal AA; 17.0% blast,1.6013095685359193,1.2426668642460563,1.11,1.0515,1,0.8816800000000001,111,111 air · 45° dew · RHB,36,502,.533,2,42,10,15.9,90.3,45.2,0.234,47.6
34,571970,Max Muncy,LAD,WSH,True,5,3B,L,projected,preview,Cade Cavalli,R,1,52% hard · 41% break,0.17540623581059847,0.18075046800320038,0.19418973072060725,2.4869246085971968,0.69588576,fair,Weather not posted; Projected order,16.7% vs RHP last 10; 4S-FB 33%; 71.4% ideal AA; 14.3% barrels last 10,1.3876350352778708,1.0675311382724002,1.11,1.42,1,0.9299714072494668,111,111 air · 59° dew · pull × porch · LHB,26,486,.482,0,37,10,13.4,90.3,45.5,0.227,52.8
35,608369,Corey Seager,TEX,TB,True,2,SS,L,projected,preview,Drew Rasmussen,R,0.8,81% hard · 7% break,0.17532090623096752,0.1806582456748056,0.19454682080246954,2.683226291336431,0.69588576,fair,Weather not posted; Projected order,4S-FB 29%; tank last game; trending +5.9 brl; 5× 100+ last 3,1.2969916219597486,0.9382091274528405,1.11,1.1721052961402405,1,1.22,111,111 air · 67° dew · LHB,14,348,.413,1,44,10,14.9,92.1,50.2,0.229,44.3
36,641343,Jake Bauers,MIL,CIN,False,2,1B,L,projected,preview,Andrew Abbott,L,1.27,47% hard · 33% break,0.17129245277594776,0.176304381996363,0.18954605861397622,2.7918556982782183,0.69588576,fair,Weather not posted; Projected order,4S-FB 45%; 30% pull air; 80% ideal AA; 20.8% blast,1.3530361888367215,1.169483403061975,1.16,1.1552578712406016,1,0.85696,116,116 air · 75° dew · LHB,23,512,.486,0,43,10,13.4,92.4,53.1,0.213,43.5
37,665161,Jeremy Peña,HOU,AZ,True,1,SS,R,projected,preview,Brandon Pfaadt,R,1.05,55% hard · 29% break,0.16524001741539424,0.16976304329736436,0.18217717266449274,3.2753367430601643,0.69588576,fair,Weather not posted; Projected order,4S-FB 26%; trending +6 brl; 20.8% pull air; 87.5% ideal AA,1.1019626772160378,1.042331216973397,1.01,1.1018454353842535,1,1.22,101,101 air · 74° dew · RHB,17,396,.467,2,42,10,6.5,88.5,39.6,0.149,48.2
38,805811,Bryce Eldridge,SF,NYM,False,3,DH,L,projected,preview,Zac Thornton,L,1.03,66% hard · 30% break,0.1648880291390352,0.16935322280442777,0.18142694174063878,2.6516020127646582,0.6983999999999999,fair,Projected order,14.3% vs LHP last 10; Sweeper 16%; 13.0% barrels last 10; 18.7% blast,1.217221137797578,1.1019330481992813,1.03,1.2196176804359005,1,1.0567311767151768,103,103 air · 80°F · cross RF 10 · 60° dew · LHB,15,399,.448,1,47,10,11.7,92.5,52.3,0.208,38.2
39,673548,Seiya Suzuki,CHC,MIA,False,2,RF,R,projected,preview,Ryan Gusto,R,1.06,54% hard · 31% break,0.16477039880100533,0.16922615268107422,0.18138036151333004,2.6261492210986614,0.6983999999999999,fair,Projected order,4S-FB 28%; 20–30° last 3; 20% pull air; 68% ideal AA,1.2043854603614055,1.0779198189391959,0.9,1.2198725450014818,1,1.22,90,90 air · 72°F · roof closed · RHB,24,550,.481,2,47,10,10.2,88.4,38.2,0.18,42
40,669394,Jake Burger,TEX,TB,True,6,1B,R,projected,preview,Drew Rasmussen,R,0.8,81% hard · 7% break,0.16455775410207907,0.16902566815026532,0.18057901194880685,2.4039764963104675,0.69588576,fair,Weather not posted; Projected order,15.4% vs RHP last 10; 4S-FB 29%; trending +6.6 brl; 104.6 last game,1.2577575293409853,0.9703556638875128,1.08,1.2711220804281262,1,1.22,108,108 air · 67° dew · RHB,23,536,.422,1,38,10,11.6,90.2,47,0.184,44.1
41,678246,Miguel Vargas,CWS,MIN,True,2,3B,R,projected,preview,Taj Bradley,R,1.22,71% hard · 9% break,0.1639579839384649,0.16837744978062785,0.1804485708945643,2.894760118263808,0.69588576,fair,Weather not posted; Projected order,4S-FB 47%; 101 last game; 37.5% pull air; 70.8% ideal AA,1.4142277762206956,1.1585405431032245,1.19,0.9429869518669622,1,0.8998080000000002,119,119 air · 70° dew · pull × porch · RHB,30,613,.488,1,45,10,13.9,90.6,45.7,0.246,46.1
42,686527,Dominic Canzone,SEA,ATH,True,2,DH,L,projected,preview,Jeffrey Springs,L,2.41,46% hard · 29% break,0.16386228602917605,0.1682740215901305,0.1802969522000984,2.668467499493075,0.69588576,fair,Weather not posted; Projected order,108.2 last game; 4× 100+ last 3; 85% ideal AA; 15% barrels last 10,1.304296224083221,1.2494591968368423,0.95,0.9051254775042443,1,1.22,95,95 air · 58° dew · LHB,21,444,.481,2,46,10,12.2,91,44.2,0.218,40.6
43,691023,Jordan Walker,STL,COL,False,4,RF,R,projected,preview,Mason Adams,R,2,66% hard · 30% break,0.1632421665731694,0.1714792632060197,0.18372952227426628,2.556527284321764,0.3757783103999999,thin,No established starter; Weather not posted; Starter outing length thin; Projected order,12.5% vs RHP last 10; 4S-FB 31%; 110.4 last game; 6× 100+ last 3,1.3458925391573628,1,1.11,1.2907747951366604,1,0.9851414821663114,111,111 air · 45° dew · RHB,28,591,.504,1,43,10,13.4,92.6,48.9,0.209,39
44,553993,Eugenio Suárez,CIN,MIL,True,5,DH,R,projected,preview,Dustin May,R,0.7,67% hard · 26% break,0.16177110597001557,0.166452280107953,0.17781890287822413,2.3944212899699373,0.656496,fair,Weather not posted; Projected order,14.3% vs RHP last 10; 4S-FB 26%; 115 air,1.2362274287556905,1.0291377909952073,1.15,1.313504761202209,1,1.0003916960438701,115,115 air · 75° dew · RHB,21,430,.418,3,42,10,11.1,88.3,35.2,0.152,48.3
45,695506,Jac Caglianone,KC,TOR,True,3,RF,L,projected,preview,Max Scherzer,R,1.89,52% hard · 32% break,0.1617568181441465,0.16624540152294465,0.17782695348303224,2.391127860646424,0.6736174156799999,fair,Weather not posted; Projected order,4S-FB 47%; 107.2 last game; 38.5% pull air; 23.9% blast,1.359834754509662,1.2252554088019232,0.97,1.2546486015254725,1,0.8902400000000001,97,97 air · 68° dew · LHB,23,509,.493,1,44,10,13.7,93.1,54.5,0.225,46.1
46,650490,Yandy Díaz,TB,TEX,False,1,DH,R,projected,preview,Jacob deGrom,R,1.11,44% hard · 43% break,0.1617074195781244,0.16594508943840425,0.17773093347369515,2.693748291883028,0.69588576,fair,Weather not posted; Projected order,4S-FB 42%; trending +8.2 brl; 15.4% barrels last 10; xSLG 0.451,1.0529183852662778,1.0915350163104107,1.08,1.0798324722307795,1,1.20536,108,108 air · 67° dew · RHB,21,605,.471,2,45,10,7.2,91.1,48.2,0.164,22.7
47,673357,Luis Robert Jr.,BAL,BOS,True,3,CF,R,projected,preview,Sonny Gray,R,0.94,58% hard · 37% break,0.16105406133666744,0.16523895425569635,0.17674099359375314,2.7528198256177876,0.69588576,fair,Weather not posted; Projected order,4S-FB 17%; 101.2 last game; 58.8% ideal AA; 77.3 bat,1.178383080834207,1.0646409837904356,1.05,1.0811348993613796,1,1.178890678396872,105,105 air · 63° dew · RHB,11,230,.407,2,38,10,9.9,89.8,40.4,0.179,44.4
48,624641,Edmundo Sosa,PHI,ATL,True,6,3B,R,projected,preview,Martín Pérez,L,0.89,61% hard · 8% break,0.16027716976893805,0.16482519866053458,0.175826702534363,2.4575098582750954,0.656496,fair,Weather not posted; Projected order,33.3% vs LHP last 10; Changeup 31%; xSLG 0.455; 18.2% K,1.0198297023206875,0.9859279523173459,1.19,1.42,1,1.14,119,119 air · 61° dew · RHB,7,224,.400,2,32,10,7.4,87.8,40.1,0.17,40.7
49,665052,Griffin Conine,MIA,CHC,True,3,RF,L,projected,preview,Javier Assad,R,1.62,73% hard · 19% break,0.15870093059003726,0.16266961219011367,0.17384735147949465,3.075594424706204,0.6983999999999999,fair,Projected order,12.5% vs RHP last 10; 4S-FB 19%; 18.2% pull air; 40.9% sweet,1.364777416942088,1.1534055300610069,0.9,1.323036443953617,1,0.8355360000000001,90,90 air · 72°F · roof closed · LHB,14,246,.479,0,36,10,14.6,91.7,51.8,0.23,44.5
50,665487,Fernando Tatis Jr.,SD,NYY,True,1,RF,R,projected,preview,Carlos Rodón,L,0.76,59% hard · 26% break,0.15796956061117431,0.16214159985128496,0.1733784186269296,2.6339558470741853,0.6729215299199999,fair,Weather not posted; Projected order,4S-FB 45%; 105.6 last game; 7× 100+ last 3; 13.0% barrels last 10,1.192184979774758,1.031115888914683,0.85,1.2717604035941972,1,1.174777375870611,85,85 air · 63° dew · RHB,19,613,.446,2,44,10,12.7,92.8,53.9,0.191,34.8
51,694374,Tim Tawa,AZ,HOU,False,8,1B,R,projected,preview,Ethan Pecko,R,2.77,67% hard · 28% break,0.1573181595406364,0.16436507546834622,0.17487228809888503,2.212626400655917,0.40083019776,thin,Starter sample thin; Weather not posted; Starter outing length thin; Projected order,30% vs RHP last 10; trending +11.1 brl; 104.3 last game; 64.3% ideal AA,1.074818556768481,1.1664396900198024,1.01,1.42,1,1.22,101,101 air · 74° dew · RHB,9,280,.390,1,39,10,10.3,91,45.2,0.16,38.3
52,680869,Zack Gelof,ATH,SEA,False,3,3B,R,projected,preview,George Kirby,R,1.12,53% hard · 39% break,0.15687585811016683,0.16072324432578644,0.17160688807272087,2.8660289696638426,0.69588576,fair,Weather not posted; Projected order,4S-FB 29%; trending +3.5 brl; 105.4 last game; 5× 100+ last 3,1.2160831114571191,1.1178190553778944,0.96,0.9900912241541353,1,1.22,96,96 air · 58° dew · RHB,17,353,.476,3,45,10,9.5,89.2,42.9,0.187,38.2
53,687952,Christian Encarnacion-Strand,BAL,BOS,True,6,3B,R,projected,preview,Sonny Gray,R,0.94,58% hard · 37% break,0.15580498307372434,0.15993372007069617,0.17030428868099473,2.523418173482972,0.658580544,fair,Weather not posted; Projected order,15.4% vs RHP last 10; 4S-FB 17%; 23.8% pull air; 14.3% barrels last 10,1.371266906053634,0.9956416743454305,1.05,1.1668118529256377,1,1.086815715555556,105,105 air · 63° dew · RHB,8,145,.500,1,36,10,16.2,91.7,40.4,0.26,45.5
54,521692,Salvador Perez,KC,TOR,True,4,DH,R,projected,preview,Max Scherzer,R,1.89,52% hard · 32% break,0.1553961555512549,0.15934102729482735,0.16987080786445702,2.3357776786870157,0.6736174156799999,fair,Weather not posted; Projected order,4S-FB 47%; 111.3 last game; 65.4% ideal AA; Air starter,1.0941050249630888,1.2153482094180093,0.97,1.1028875296796146,1,1.22,97,97 air · 68° dew · RHB,18,551,.377,1,43,10,10,88.9,42.6,0.18,39.7
55,680664,Eduardo Valencia,DET,CLE,False,4,C,R,projected,preview,Parker Messick,L,0.78,61% hard · 15% break,0.15529056856077078,0.16055696528191354,0.1713055202303806,2.7043620131349018,0.54089856,fair,Weather not posted; Projected order,4S-FB 40%; 106.1 last game; 75% ideal AA; 12.5% barrels last 10,1.3001436229834784,0.9755791065723577,0.96,1.38,1,0.9843615305598358,96,96 air · 63° dew · RHB,6,90,.602,0,34,10,17.7,89,45.2,0.243,40.3
56,701538,Jackson Merrill,SD,NYY,True,5,CF,L,projected,preview,Carlos Rodón,L,0.76,59% hard · 26% break,0.15523573435836602,0.15917368164828816,0.16956712972472338,2.389207737390301,0.6729215299199999,fair,Weather not posted; Projected order,33.3% vs LHP last 10; 4S-FB 45%; trending +6.4 brl; 107 last game,1.2169835520874663,1.033471938087936,0.84,1.3789152922975247,1,1.22,84,84 air · 63° dew · LHB,22,580,.416,1,44,10,11.8,90.9,47.1,0.212,37.6
57,699302,Héctor Rodríguez,CIN,MIL,True,8,RF,L,projected,preview,Dustin May,R,0.7,67% hard · 26% break,0.1549996784518649,0.159965690189955,0.16990131583935922,2.1491391090461875,0.56715406848,fair,Weather not posted; Projected order,14.3% vs RHP last 10; Cutter 23%; trending +4.5 brl; 102 last game,1.086027084220798,0.9781358550761192,1.16,1.4166503218271613,1,1.22,116,116 air · 75° dew · LHB,5,86,.462,4,44,10,9.1,88.6,34.5,0.146,41.8
58,664040,Brandon Lowe,PIT,LAA,True,2,2B,L,projected,preview,Yusei Kikuchi,L,1.47,47% hard · 33% break,0.15411993714391642,0.15832943982599457,0.1689512807201058,2.647892866903526,0.6346478131199998,fair,Weather not posted; Projected order,4S-FB 39%; 101.3 last game; 4× 100+ last 3; 66.7% ideal AA,1.3238768545712527,1.1820368144682623,0.91,1.0012105948464913,1,1.0773641790254238,91,91 air · 69° dew · LHB,29,582,.480,2,42,10,11.8,91,45.5,0.19,46.9
59,668939,Adley Rutschman,BOS,BAL,False,3,C,S,projected,preview,Chris Bassitt,R,1.02,64% hard · 31% break,0.15320994253706113,0.15676120359720525,0.16710964470247192,2.9445422246515447,0.69588576,fair,Weather not posted; Projected order,12.5% vs RHP last 10; tank last game; 30.8% pull air; 69.2% ideal AA,1.046866803703069,0.9605271433240574,1.11,1.1575325443906959,1,1.15879588523735,111,111 air · 63° dew · switch,11,351,.416,2,35,10,7.1,88.7,40.2,0.161,37.5
60,606466,Ketel Marte,AZ,HOU,False,4,2B,S,projected,preview,Ethan Pecko,R,2.77,67% hard · 28% break,0.15250792548247297,0.1590830611396662,0.16960984518447636,2.537305274665209,0.378141696,thin,Starter sample thin; Weather not posted; Starter outing length thin; Projected order,107.6 last game; 18.6% blast; xSLG 0.464; Air starter,1.1813224014496717,1.1919553585385565,1.03,1.0115667084840705,1,1.1387488413434692,103,103 air · 74° dew · switch,21,531,.446,2,40,10,10,90.1,42.7,0.188,50.6
61,687263,Zach Neto,LAA,PIT,False,1,SS,R,projected,preview,Braxton Ashcraft,R,1.18,47% hard · 49% break,0.15232581245789734,0.1558056553001551,0.16618427185544382,2.9265621506124373,0.69588576,fair,Weather not posted; Projected order,4S-FB 31%; 35.7% pull air; 64.3% ideal AA; 14.3% barrels last 10,1.2029016637488081,1.0071701000970026,0.82,1.1569758365322995,1,1.22,82,82 air · 69° dew · spray vs wall · RHB,23,607,.428,2,44,10,11.6,89.6,41,0.193,48.2
62,666160,Mickey Moniak,COL,STL,True,2,RF,L,projected,preview,Matthew Liberatore,L,1.67,43% hard · 43% break,0.15101534564532343,0.15438933166112678,0.1644810476722801,2.6568246001971065,0.69588576,fair,Weather not posted; Projected order,30% pull air; 60% ideal AA; Air starter; 111 air,1.2650338882532932,1.1023581189727767,1.11,1.104150060383457,1,0.85696,111,111 air · 45° dew · LHB,21,385,.493,0,41,10,9.5,89.4,40.7,0.176,47.5
63,680777,Ryan Jeffers,MIN,CWS,False,4,C,R,projected,preview,Anthony Kay,L,1.25,57% hard · 29% break,0.15002715671202663,0.15332131884872635,0.1631072260418906,2.6951660289696635,0.69588576,fair,Weather not posted; Projected order,trending +3.2 brl; 103.6 last game; 4× 100+ last 3; 28.6% pull air,1.202965827451035,1.0486425266497374,1.17,0.8494382091080995,1,1.22,117,117 air · 70° dew · RHB,13,310,.498,3,42,10,11.1,88.9,40.7,0.192,39.4
64,668901,Mark Vientos,NYM,SF,True,4,DH,R,projected,preview,Anthony Molina,R,1.26,49% hard · 26% break,0.14836938604630467,0.15409107539434286,0.16397611367777076,2.6840915302243533,0.4022784,thin,Starter sample thin; Starter outing length thin; Projected order,4S-FB 48%; 100.4 last game; xSLG 0.456; 16.1% K,1.2268899237055573,1.168266499226596,0.97,0.9749099184453067,1,1.14,97,97 air · 80°F · cross RF 10 · 60° dew · RHB,13,264,.413,3,29,10,10.7,89.8,44.9,0.218,36.9
65,543807,George Springer,TOR,KC,False,2,DH,R,projected,preview,Seth Lugo,R,1.05,51% hard · 40% break,0.14770019948260374,0.1508063947778402,0.16043545405810516,2.8380431811970483,0.69588576,fair,Weather not posted; Projected order,14.3% vs RHP last 10; trending +8.2 brl; 106 last game; 20–30° last 5,0.9931600299050214,0.9440487971615354,0.97,1.2400385330725365,1,1.22,97,97 air · 68° dew · RHB,14,453,.417,2,38,10,6.8,88.6,38.2,0.142,41.6
66,608324,Alex Bregman,CHC,MIA,False,4,3B,R,projected,preview,Ryan Gusto,R,1.06,54% hard · 31% break,0.14693960450290408,0.14996444461409308,0.1593048455570396,2.5073189396009843,0.6983999999999999,fair,Projected order,14.3% vs RHP last 10; 4S-FB 28%; tank last game; trending +10.3 brl,1.0318572044131882,1.0345710573597267,0.9,1.2861500457162707,1,1.22,90,90 air · 72°F · roof closed · RHB,24,636,.446,5,45,10,5.8,88.2,37.8,0.132,47.7
67,668904,Royce Lewis,MIN,CWS,False,7,1B,R,projected,preview,Anthony Kay,L,1.25,57% hard · 29% break,0.1465737303219738,0.149588931744417,0.15850480743718717,2.439700054659743,0.69588576,fair,Weather not posted; Projected order,Sinker 17%; 101.5 last game; 30% pull air; 75% ideal AA,1.121610609852714,1.057938098909154,1.17,1.0897565020006157,1,1.1339997164194375,117,117 air · 70° dew · RHB,14,434,.407,1,43,10,11.5,89.8,41,0.17,46.9
68,666018,Jonathan Aranda,TB,TEX,False,2,1B,L,projected,preview,Jacob deGrom,R,1.11,44% hard · 43% break,0.146009627357239,0.14897926169696984,0.15836204832569173,2.6341520907351734,0.69588576,fair,Weather not posted; Projected order,Slider 36%; 101.1 last game; 75% ideal AA; 39.1% sweet,1.0940021332392775,1.0361900525582484,1.11,1.0561693012425457,1,1.0335297237076648,111,111 air · 67° dew · LHB,18,596,.424,3,43,10,9.9,91.2,46.2,0.186,29.2
69,596019,Francisco Lindor,NYM,SF,True,1,SS,S,projected,preview,Anthony Molina,R,1.26,49% hard · 26% break,0.14583735789848817,0.15098090183976665,0.1607079296431411,2.874903724316132,0.42641510400000004,thin,Starter sample thin; Starter outing length thin; Projected order,4S-FB 48%; 107.6 last game; 20–30° last 5; 27.3% pull air,1.1885441643444277,1.0962952309136038,1.01,1.071659007915712,1,0.9444556160000002,101,101 air · 80°F · cross RF 10 · 60° dew · switch,16,366,.433,4,44,10,9.4,91.3,48.8,0.203,47.7
70,683748,Victor Mesa Jr.,TB,TEX,False,5,RF,L,projected,preview,Jacob deGrom,R,1.11,44% hard · 43% break,0.14578636889533822,0.1490429227891399,0.1581582014871429,2.4434442470620388,0.656496,fair,Weather not posted; Projected order,4S-FB 42%; 66.7% ideal AA; 111 air; Platoon,1.1892149463417114,1.0682585770654247,1.11,1.38,1,0.8034,111,111 air · 67° dew · LHB,10,193,.434,1,34,10,11.1,88.9,37.8,0.183,37.8
71,669221,Sean Murphy,ATL,PHI,False,7,C,R,projected,preview,Zack Wheeler,R,1.31,62% hard · 23% break,0.14384213437099724,0.14870743590929358,0.15750858684425745,2.37888249097643,0.42614035200000006,thin,Short season sample; Weather not posted; Projected order,4S-FB 35%; trending +17.5 brl; 106.1 last game; 66.7% ideal AA,1.025022507742861,1.0428171601979972,1.19,1.1064142822988474,1,1.22,119,119 air · 61° dew · RHB,3,70,.422,3,39,10,7.5,86.7,40,0.133,47.5
72,662139,Daulton Varsho,HOU,AZ,True,5,CF,L,projected,preview,Brandon Pfaadt,R,1.05,55% hard · 29% break,0.14295439743458685,0.1456772365555472,0.15441707316569442,2.970991293483778,0.69588576,fair,Weather not posted; Projected order,18.8% vs RHP last 10; trending +6.1 brl; 101 last game; 58.3% ideal AA,0.8469885820550491,0.971480702221053,1.05,1.3367537996153223,1,1.22,105,105 air · 74° dew · LHB,10,477,.360,1,41,10,6.4,86.6,36.8,0.122,37.1
73,677951,Bobby Witt Jr.,KC,TOR,True,2,SS,R,projected,preview,Max Scherzer,R,1.89,52% hard · 32% break,0.14295257310867904,0.14583376312741358,0.15480965807007838,2.4464780426058317,0.6736174156799999,fair,Weather not posted; Projected order,4S-FB 47%; 21.3% blast; 8.4% solid; 92.2 EV,1.1769030589329899,1.2298107919789085,0.97,1.0622928746496152,1,0.900932400932401,97,97 air · 68° dew · RHB,17,544,.452,1,45,10,11.7,92.2,51.2,0.209,29.2
74,624424,Michael Conforto,CHC,MIA,False,8,DH,L,projected,preview,Ryan Gusto,R,1.06,54% hard · 31% break,0.1425665776137436,0.14524048414997415,0.15346421109322633,2.1864771795572566,0.6983999999999999,fair,Projected order,14.3% vs RHP last 10; 4S-FB 28%; 38% sweet,1.2794743416411438,1.0463072297267677,0.9,1.3005477302033688,1,1.14,90,90 air · 72°F · roof closed · LHB,13,253,.472,3,23,10,11.3,90.6,42.7,0.198,46
75,699024,Leo Bernal,STL,COL,False,5,C,S,projected,preview,Mason Adams,R,2,66% hard · 30% break,0.14248211505879857,0.14816404853280407,0.15717515886948735,2.483829825999818,0.3,thin,Short season sample; No established starter; Weather not posted; Starter outing length thin; Projected order,4S-FB 31%; 104.9 last game; 5× 100+ last 3; 20% pull air,1.1023036791820315,1,1.11,1.03,1,1.22,111,111 air · 45° dew · switch,1,17,.600,1,17,4,8.3,98.4,75,0.208,25
76,671277,Luis García Jr.,NYY,SD,False,3,1B,L,projected,preview,Robbie Ray,L,1.21,46% hard · 35% break,0.14247406208959018,0.14515810070467938,0.15399044577687637,2.799617381798306,0.69588576,fair,Weather not posted; Projected order,4S-FB 33%; 101 last game; 91.7% ideal AA; 19.2% blast,1.380165332081782,1.186481025985851,0.84,1.11873237500247,1,0.8652000000000001,84,84 air · 63° dew · LHB,28,482,.545,2,39,10,12,91.7,46.6,0.214,43.4
77,694249,Cole Carrigg,COL,STL,True,5,SS,S,projected,preview,Matthew Liberatore,L,1.67,43% hard · 43% break,0.14198558414864787,0.14463016451563415,0.1532109901526512,2.464475307875144,0.69588576,fair,Weather not posted; Projected order,trending +6.2 brl; 24% pull air; 64% ideal AA; 12% barrels last 10,0.9933094517432406,1.1133390393763773,1.11,0.9851308543431923,1,1.22,111,111 air · 45° dew · switch,7,285,.458,2,41,10,5.8,87.1,33.9,0.142,46.4
78,545361,Mike Trout,LAA,PIT,False,2,CF,R,projected,preview,Braxton Ashcraft,R,1.18,47% hard · 49% break,0.14167970918052514,0.14429958159374512,0.15309583109453495,2.861815200377649,0.69588576,fair,Weather not posted; Projected order,13.3% vs RHP last 10; Curve 26%; 16.1% blast; 15.7% barrels,1.3023899094465916,1.0141521294256752,0.85,1.2504643589283146,1,0.9036896894904459,85,85 air · 69° dew · RHB,20,544,.421,0,44,10,15.7,89.9,45.4,0.236,35.6
79,606192,Teoscar Hernández,LAD,WSH,True,3,LF,R,projected,preview,Cade Cavalli,R,1,52% hard · 41% break,0.140913585971796,0.14347157252055076,0.1520890464592557,2.6203693436926563,0.69588576,fair,Weather not posted; Projected order,4S-FB 33%; trending +7.8 brl; 110 last game; 9× 100+ last 3,1.0600817601000667,1.0675311382724002,1.02,0.9409528940108427,1,1.22,102,102 air · 59° dew · RHB,12,410,.405,1,44,10,10.4,90.2,45.2,0.171,34.5
80,682998,Corbin Carroll,AZ,HOU,False,2,RF,L,projected,preview,Ethan Pecko,R,2.77,67% hard · 28% break,0.1400253895307636,0.14453731510519285,0.15335801996269147,2.657556709483466,0.40083019776,thin,Starter sample thin; Weather not posted; Starter outing length thin; Projected order,Sinker 28%; 81.0% ideal AA; 17.9% blast; 75.4 bat,1.133177634676565,1.2615055809471152,1.05,1.0460016910322893,1,0.8240000000000001,105,105 air · 74° dew · LHB,19,597,.466,1,41,10,11.7,91.6,47.2,0.189,43
81,666211,Taylor Trammell,HOU,AZ,True,7,RF,L,projected,preview,Brandon Pfaadt,R,1.05,55% hard · 29% break,0.13971210293812622,0.14217303614698495,0.15025335617517455,2.76809432709952,0.69588576,fair,Weather not posted; Projected order,4S-FB 26%; 76.4 bat; 12% barrels; 16.0% K,1.048433210322746,1.1163905693205773,1.05,1.1920090731660093,1,1.0265666666666666,105,105 air · 74° dew · LHB,7,241,.360,0,27,10,12,88,36.6,0.182,45.8
82,677800,Wilyer Abreu,BOS,BAL,False,4,RF,L,projected,preview,Chris Bassitt,R,1.02,64% hard · 31% break,0.13920388931308963,0.14162377006568538,0.14995411916662638,2.8763815250068325,0.69588576,fair,Weather not posted; Projected order,Sinker 38%; 64.3% ideal AA; 12.3% barrels; xSLG 0.471,1.2384667011012391,1.032305642171305,1.17,1.0304116230177283,1,0.8487200000000001,117,117 air · 63° dew · LHB,23,607,.466,1,43,10,12.3,89.9,44,0.218,36.2
83,687093,Vaughn Grissom,LAA,PIT,False,4,1B,R,projected,preview,Braxton Ashcraft,R,1.18,47% hard · 49% break,0.13913171436768218,0.14154576497593774,0.1498620195102962,2.732321299908072,0.69588576,fair,Weather not posted; Projected order,16.7% vs RHP last 10; trending +5.1 brl; 105.6 last game; 4× 100+ last 3,0.9529425807151954,0.9893357564720857,0.85,1.3700250912392247,1,1.20536,85,85 air · 69° dew · RHB,10,384,.394,3,43,10,7.4,88.1,38.3,0.145,40.1
84,691182,Adael Amador,COL,STL,True,8,2B,S,projected,preview,Matthew Liberatore,L,1.67,43% hard · 43% break,0.13889941159642932,0.1436608530553205,0.15171305095535323,2.212016861702568,0.3424608,thin,Short season sample; Weather not posted; Projected order,4S-FB 31%; 108 last game; 12.5% barrels last 10; 41.2% sweet,1.241706959416614,1.2426668642460563,1.11,0.97,1,1.0493583975346688,111,111 air · 45° dew · switch,2,26,.762,2,26,8,11.8,82.1,29.4,0.164,41.2
85,645277,Ozzie Albies,ATL,PHI,False,3,2B,S,projected,preview,Zack Wheeler,R,1.31,62% hard · 23% break,0.13881719152916466,0.14120583562638656,0.1495493324516526,2.690254544769157,0.69588576,fair,Weather not posted; Projected order,100 last game; 20–30° last 5; 30.4% pull air; 65.2% ideal AA,0.9537376512300957,0.9332620448975518,1.21,0.9728724344552961,1,1.22,121,121 air · 61° dew · switch,21,602,.417,1,43,10,4.1,87,27.9,0.123,45.3
86,663616,Trevor Larnach,MIN,CWS,False,6,LF,L,projected,preview,Anthony Kay,L,1.25,57% hard · 29% break,0.1375331850797678,0.13981810976450548,0.14772542133468541,2.5291131456682154,0.69588576,fair,Weather not posted; Projected order,107.9 last game; 35% pull air; 16.3% blast; 18.5% K,0.9734385764700078,1.0229420842749488,1.13,1.0507960833743235,1,1.22,113,113 air · 70° dew · LHB,11,413,.422,1,33,10,7.5,87.9,37.8,0.138,44.2
87,669357,Nolan Gorman,STL,COL,False,7,3B,L,projected,preview,Mason Adams,R,2,66% hard · 30% break,0.136298543395607,0.14042534660424788,0.14826510635008291,2.314202423248611,0.3757783103999999,thin,No established starter; Weather not posted; Starter outing length thin; Projected order,4S-FB 31%; trending +7.1 brl; 58.3% pull air; 16.7% barrels last 10,1.0746255480070581,1,1.11,1.0790331952077041,1,1.22,111,111 air · 45° dew · LHB,8,256,.313,1,30,10,9.6,89.4,43.2,0.16,45.9
88,656775,Cedric Mullins,TB,TEX,False,7,CF,L,projected,preview,Jacob deGrom,R,1.11,44% hard · 43% break,0.13541150160147972,0.13752504103815355,0.14504062010211066,2.276574883848046,0.69588576,fair,Weather not posted; Projected order,trending +6.7 brl; 22.2% pull air; 72.2% ideal AA; 111 air,0.9247626173539316,0.9936898291553501,1.11,1.2223979342161018,1,1.22,111,111 air · 67° dew · LHB,14,461,.350,1,31,10,4.4,87.8,32,0.124,45.5
89,682626,Francisco Alvarez,NYM,SF,True,8,C,R,projected,preview,Anthony Molina,R,1.26,49% hard · 26% break,0.13504246853032695,0.13881509757993427,0.14635301390402553,2.340629580859152,0.4022784,thin,Starter sample thin; Starter outing length thin; Projected order,14.3% vs RHP last 10; 4S-FB 48%; 103.3 last game; 77.8% ideal AA,1.2650132884295613,1.132123134055803,0.97,1.2796617695334649,1,0.9028465973534973,97,97 air · 80°F · cross RF 10 · 60° dew · RHB,15,363,.413,2,33,10,16.1,90.3,45.5,0.207,40.3
90,665833,Oneil Cruz,PIT,LAA,True,5,CF,L,projected,preview,Yusei Kikuchi,L,1.47,47% hard · 33% break,0.13478263574469193,0.13717813034585746,0.14488685738354926,2.4561902159059854,0.6346478131199998,fair,Weather not posted; Projected order,12.5% vs LHP last 10; 4S-FB 39%; 100.6 last game; 78.1 bat,1.3635587363605617,1.1445756739524038,0.91,1.1505006353928633,1,0.8190000000000001,91,91 air · 69° dew · LHB,17,347,.479,1,47,10,17.1,95.3,55.7,0.232,41.5
91,672386,Alejandro Kirk,TOR,KC,False,4,C,R,projected,preview,Seth Lugo,R,1.05,51% hard · 40% break,0.1347292046018312,0.13678762948360812,0.1445409506760094,2.709624937703969,0.69588576,fair,Weather not posted; Projected order,4S-FB 16%; 102.2 last game; 5× 100+ last 3; 63.2% ideal AA,0.9276595119043184,1.046041595404271,0.97,1.085737480717066,1,1.22,97,97 air · 68° dew · RHB,8,252,.413,1,41,10,3.6,88.8,41,0.107,24.6
92,607043,Brandon Nimmo,TEX,TB,True,4,RF,L,projected,preview,Drew Rasmussen,R,0.8,81% hard · 7% break,0.13441428286899815,0.13644726901787518,0.14415808562231858,2.561813336977316,0.69588576,fair,Weather not posted; Projected order,18.2% vs RHP last 10; 22.7% pull air; 68.2% ideal AA; 16.5% blast,1.052490507426961,0.8631378215086185,1.11,1.2304504420904743,1,1.011688888888889,111,111 air · 67° dew · LHB,14,575,.423,1,42,10,10,92.2,50.6,0.191,32.6
93,686681,Michael Massey,KC,TOR,True,7,2B,L,projected,preview,Max Scherzer,R,1.89,52% hard · 32% break,0.13439487716014478,0.1367494463963238,0.14416611594067325,2.1143769508493837,0.6354881279999999,fair,Weather not posted; Projected order,14.3% vs RHP last 10; trending +6.4 brl; 103.4 last game; 4× 100+ last 3,1.0292036966566989,1.121029628586681,0.97,1.13173499462413,1,1.22,97,97 air · 68° dew · LHB,11,377,.446,1,37,10,6.1,89.8,40.7,0.159,50.8
94,681198,TJ Rumfield,COL,STL,True,4,1B,L,projected,preview,Matthew Liberatore,L,1.67,43% hard · 43% break,0.134245672445697,0.13626503858974326,0.14395428448341466,2.53660629249588,0.69588576,fair,Weather not posted; Projected order,trending +3.5 brl; 21.7% pull air; Air starter; 111 air,0.8893406326720157,1.0867087748878677,1.11,0.9586094201976734,1,1.22,111,111 air · 45° dew · LHB,15,557,.455,2,46,10,5.2,84.3,28.3,0.13,42.1
95,592885,Christian Yelich,MIL,CIN,False,4,DH,L,projected,preview,Andrew Abbott,L,1.27,47% hard · 33% break,0.13416185392895744,0.13617444938480694,0.1438558438789066,2.665527386138932,0.69588576,fair,Weather not posted; Projected order,4S-FB 45%; 107.9 last game; 4× 100+ last 3; 76% ideal AA,0.9548878406774743,1.1000851094524993,1.16,0.9681751817807003,1,1.051585064835165,116,116 air · 75° dew · LHB,10,436,.390,1,39,10,9.8,89.1,43.3,0.158,35
96,671732,Lawrence Butler,ATH,SEA,False,4,RF,L,projected,preview,George Kirby,R,1.12,53% hard · 39% break,0.13390934794747508,0.1359015464870471,0.1435537794560737,2.7996857064771796,0.69588576,fair,Weather not posted; Projected order,12.5% vs RHP last 10; Sweeper 29%; 107.2 last game; 5× 100+ last 3,0.9484811124784099,1.0371194172460154,0.95,1.0741028408486324,1,1.22,95,95 air · 58° dew · LHB,12,454,.370,1,44,10,7.6,89.8,46.8,0.135,34.8
97,664761,Alec Bohm,PHI,ATL,True,5,1B,R,projected,preview,Martín Pérez,L,0.89,61% hard · 8% break,0.1338255552067653,0.13581098514027545,0.14336719402806447,2.544391519931285,0.69588576,fair,Weather not posted; Projected order,107.7 last game; 18.2% K; 119 air; Platoon,0.9638074733568547,0.8376767362544397,1.19,1.2126544984236562,1,1.11758623655914,119,119 air · 61° dew · RHB,15,547,.391,1,42,10,6.2,90.5,42.8,0.151,29.3
98,686469,Vinnie Pasquantino,KC,TOR,True,5,1B,L,projected,preview,Max Scherzer,R,1.89,52% hard · 32% break,0.13327362335843831,0.13532745340969843,0.14282022824270432,2.2693574603357263,0.6736174156799999,fair,Weather not posted; Projected order,4S-FB 47%; 105.9 last game; 26.1% pull air; 87.0% ideal AA,0.986990079253867,1.206612733802451,0.97,0.945065980151328,1,1.2179430393431405,97,97 air · 68° dew · LHB,10,405,.382,2,45,10,7.9,89.8,41.3,0.16,43.7
99,680776,Jarren Duran,BOS,BAL,False,7,LF,L,projected,preview,Chris Bassitt,R,1.02,64% hard · 31% break,0.13280445569921337,0.13470740330480302,0.1419375885849938,2.603738726427986,0.69588576,fair,Weather not posted; Projected order,16.9% blast; 75.1 bat; 15.2% K; 117 air,1.0710188697398468,0.9280317567788565,1.17,1.2047275921151341,1,1.0028947368421053,117,117 air · 63° dew · LHB,19,553,.361,2,37,10,9.5,90,40.3,0.151,40
100,664983,Jake McCarthy,COL,STL,True,1,CF,L,projected,preview,Matthew Liberatore,L,1.67,43% hard · 43% break,0.13244053010543416,0.1343140805465528,0.14195408082870936,2.7169337540477194,0.69588576,fair,Weather not posted; Projected order,103.9 last game; 25% pull air; 59.4% ideal AA; 39.1% sweet,0.8994992356942203,1.0936344961413935,1.11,0.8072841786385607,1,1.22,111,111 air · 45° dew · LHB,14,505,.477,1,49,10,5.2,85.3,27.8,0.131,38
101,607208,Trea Turner,PHI,ATL,True,2,SS,R,projected,preview,Martín Pérez,L,0.89,61% hard · 8% break,0.13137966133162685,0.1331675169649088,0.14062049517201552,2.7429781751454345,0.69588576,fair,Weather not posted; Projected order,trending +6.5 brl; 13.0% barrels last 10; 18.2% K; 119 air,0.9198903240626011,0.9401543788285045,1.19,0.8752905248094365,1,1.22,119,119 air · 61° dew · RHB,17,606,.377,0,45,10,6.5,88.3,39.4,0.125,34
102,682987,Spencer Jones,NYY,SD,False,4,RF,L,projected,preview,Robbie Ray,L,1.21,46% hard · 35% break,0.13120272794434978,0.132976291260809,0.140292933827524,2.7348114238863075,0.69588576,fair,Weather not posted; Projected order,4S-FB 33%; 102.6 last game; 42.9% pull air; 14.3% barrels last 10,1.2986972518057456,1.1625401882325146,0.84,0.9151030561895812,1,1.018727272727273,84,84 air · 63° dew · LHB,9,214,.438,2,32,10,16.5,94.4,57,0.212,32.2
103,666176,Jo Adell,CLE,DET,True,4,RF,R,projected,preview,Framber Valdez,L,0.9,48% hard · 33% break,0.13015072928194635,0.13183931430001006,0.13902839371128473,2.7987246059943516,0.69588576,fair,Weather not posted; Projected order,Sinker 45%; 77.2 bat; 8.4% solid; 17.5% K,1.1279011136220156,0.9704607676411496,0.96,1.38,1,0.8,96,96 air · 63° dew · RHB,20,574,.401,0,44,10,9.2,90,43.7,0.185,39.2
104,682928,CJ Abrams,WSH,LAD,False,4,2B,L,projected,preview,Tyler Glasnow,R,0.87,56% hard · 44% break,0.12983159946084555,0.1317626435348993,0.1389405898834887,2.528078710030063,0.6346478131199998,fair,Weather not posted; Projected order,101.1 last game; 29.4% pull air; 64.7% ideal AA,1.2725619677752968,0.8961053215952515,1.09,1.0515,1,0.8998080000000002,109,109 air · 59° dew · LHB,29,578,.498,0,44,10,9.8,89.5,40.8,0.182,43.8
105,676475,Alec Burleson,STL,COL,False,3,1B,L,projected,preview,Mason Adams,R,2,66% hard · 30% break,0.12900062484805744,0.1320141187434435,0.13927919110527062,2.6171084995900524,0.3757783103999999,thin,No established starter; Weather not posted; Starter outing length thin; Projected order,Sinker 28%; 56% ideal AA; 18.4% blast; xSLG 0.516,1.1971010901667705,1,1.11,1.001293093877609,1,0.8487200000000001,111,111 air · 45° dew · LHB,21,595,.464,0,42,10,10.7,91.9,49.4,0.226,48.1
106,695336,Thomas Saggese,STL,COL,False,8,SS,R,projected,preview,Mason Adams,R,2,66% hard · 30% break,0.12853440103376837,0.1317307693273697,0.1385089981279901,2.2293887218730077,0.3213253214208,thin,No established starter; Weather not posted; Starter outing length thin; Projected order,12.5% vs RHP last 10; 4S-FB 31%; trending +10.8 brl; 84.6% ideal AA,1.143810559404318,1,1.11,0.9974686733196457,1,1.17646511008,111,111 air · 45° dew · RHB,4,104,.426,4,30,10,12.3,88.6,36.9,0.2,35.4
107,547180,Bryce Harper,PHI,ATL,True,3,RF,L,projected,preview,Martín Pérez,L,0.89,61% hard · 8% break,0.12842593386854134,0.12997519344395025,0.13701077698491884,2.680919845391013,0.69588576,fair,Weather not posted; Projected order,Changeup 31%; 23.8% pull air; 16.6% blast; 38.2% sweet,1.2741177886458384,0.9759870335439564,1.22,0.7,1,1.0289310270270273,122,122 air · 61° dew · LHB,27,603,.505,1,44,10,11.1,90.3,44.6,0.225,38.2
108,677649,Ezequiel Duran,TEX,TB,True,5,2B,R,projected,preview,Drew Rasmussen,R,0.8,81% hard · 7% break,0.1280962913180689,0.1296189230430641,0.1364874838826768,2.4889655643618473,0.69588576,fair,Weather not posted; Projected order,,0.9987068917319062,0.8965335800946326,1.08,1.0686619094348349,1,1.159,108,108 air · 67° dew · RHB,17,515,.459,3,43,10,6.6,88.9,38,0.137,37.7
109,605137,Josh Bell,MIN,CWS,False,5,DH,S,projected,preview,Anthony Kay,L,1.25,57% hard · 29% break,0.1275758757996593,0.1290564694244234,0.13586561673657455,2.6185262366766877,0.69588576,fair,Weather not posted; Projected order,111.7 last game; 4× 100+ last 3; 21.7% pull air; 78.3% ideal AA,1.0958894240132142,1.020230097249997,1.15,0.9703389969278924,1,0.9444556160000002,115,115 air · 70° dew · switch,18,551,.425,1,43,10,9.5,89.8,41.8,0.186,42.1
110,686797,Brooks Lee,MIN,CWS,False,2,3B,S,projected,preview,Anthony Kay,L,1.25,57% hard · 29% break,0.12619488198073742,0.1275639217518506,0.13438070601967808,2.8228990161246243,0.69588576,fair,Weather not posted; Projected order,106.2 last game; 18.5% pull air; 55.6% ideal AA; 18.5% K,1.0022470986377265,1.0286347461375522,1.15,0.7809989928703918,1,1.090272585365854,115,115 air · 70° dew · switch,22,544,.432,2,45,10,4,88.2,33.7,0.118,42
111,671976,Tristan Peters,CWS,MIN,True,7,CF,L,projected,preview,Taj Bradley,R,1.22,71% hard · 9% break,0.12617884788909686,0.12754659245911082,0.13401358690112952,2.5018062560560512,0.69588576,fair,Weather not posted; Projected order,4S-FB 47%; 100.9 last game; 25% pull air; 80% ideal AA,0.9684399776959535,1.1602683305949015,1.13,0.9474235486282186,1,1.0748416454361058,113,113 air · 70° dew · LHB,12,426,.467,2,35,10,5.8,87.4,33.2,0.144,50.8
112,669242,Tommy Edman,LAD,WSH,True,1,CF,S,projected,preview,Cade Cavalli,R,1,52% hard · 41% break,0.12554193680234363,0.12685823299859456,0.13364114056772286,2.7416827392339824,0.69588576,fair,Weather not posted; Projected order,108.5 last game; 4× 100+ last 3; 22.2% pull air; 55.6% ideal AA,0.8605392450968714,0.9051725123483249,1.06,0.949595411553054,1,1.22,106,106 air · 59° dew · switch,5,251,.404,1,48,10,5.7,88,35.1,0.108,42
113,605141,Mookie Betts,LAD,WSH,True,2,SS,R,projected,preview,Cade Cavalli,R,1,52% hard · 41% break,0.12535682060442807,0.12665816349316394,0.13337450380615054,2.6810260414633196,0.69588576,fair,Weather not posted; Projected order,20–30° last 5; 29.6% pull air; 63.0% ideal AA; 40.2% sweet,1.073497051678784,0.9033536789710046,1.02,1.0643490807110714,1,0.9455148185600001,102,102 air · 59° dew · RHB,17,443,.417,1,48,10,7,90.1,37.9,0.148,38.2
114,672515,Gabriel Moreno,AZ,HOU,False,3,C,R,projected,preview,Ethan Pecko,R,2.77,67% hard · 28% break,0.12452682909834534,0.12676678198340874,0.1334473908712469,2.5974309920743375,0.40083019776,thin,Starter sample thin; Weather not posted; Starter outing length thin; Projected order,Sinker 28%; 104.4 last game; 33.3% pull air; 38.1% sweet,0.9820983782026453,1.217376986275404,1.01,0.9596203539003363,1,0.8990462962962965,101,101 air · 74° dew · RHB,12,464,.467,2,41,10,8.1,89.3,42.9,0.164,36.3
115,687551,Drew Gilbert,SF,NYM,False,1,CF,L,projected,preview,Zac Thornton,L,1.03,66% hard · 30% break,0.12325404984967242,0.12437813412742804,0.1308859983826574,2.774361365207466,0.6983999999999999,fair,Projected order,Cutter 31%; trending +6.5 brl; 58.8% ideal AA; 18.4% K,0.884971922320196,1.147525078683039,1.03,0.72,1,1.22,103,103 air · 80°F · cross RF 10 · 60° dew · LHB,8,353,.376,1,34,10,5.3,86.7,35.7,0.132,43.8
116,682657,Angel Martínez,CLE,DET,True,5,LF,S,projected,preview,Framber Valdez,L,0.9,48% hard · 33% break,0.1232046123744599,0.12433210428817865,0.13063889508285226,2.719140020041906,0.69588576,fair,Weather not posted; Projected order,36.4% pull air; 63.6% ideal AA; 17.5% K,1.0757621436534117,0.8693662009808194,0.96,1.0349877819548872,1,1.178899027027027,96,96 air · 63° dew · switch,14,352,.434,2,34,10,7.4,87.6,36.5,0.149,45.7
117,703155,Lazaro Montes,SEA,ATH,True,8,RF,L,projected,preview,Jeffrey Springs,L,2.41,46% hard · 29% break,0.12270361897914016,0.12486444471696223,0.13095275452796853,2.2217104973155015,0.3424608,thin,Short season sample; Weather not posted; Projected order,76.3 bat; 14.3% barrels; xISO 0.268; Air starter,1.1385636686288088,1.3890316901796864,0.95,0.9,1,1,95,95 air · 58° dew · LHB,1,12,.545,1,12,3,14.3,87.5,28.6,0.268,28.6
118,691723,Coby Mayo,BAL,BOS,True,2,DH,R,projected,preview,Sonny Gray,R,0.94,58% hard · 37% break,0.1216865154873067,0.12269137864218738,0.12897573911731847,2.8165425067663477,0.69588576,fair,Weather not posted; Projected order,Cutter 19%; 17.1% blast; 75.7 bat; 12.4% barrels,1.357615992042716,1.007534976990179,1.04,0.7,1,0.9391784274193549,104,104 air · 63° dew · spray vs wall · RHB,19,375,.443,2,38,10,12.4,91.3,47.6,0.215,49.8
119,702616,Jackson Holliday,BAL,BOS,True,7,2B,L,projected,preview,Sonny Gray,R,0.94,58% hard · 37% break,0.1206701736644269,0.1215929388074154,0.12745892684418808,2.434206419874988,0.69588576,fair,Weather not posted; Projected order,58.3% ideal AA; 117 air,0.9039513621744986,0.9140742446965808,1.17,1.0381489639403862,1,1.1887223128243143,117,117 air · 63° dew · LHB,7,319,.357,1,38,10,7.1,87,34.1,0.126,33.6
120,695491,Joshua Báez,STL,COL,False,6,LF,R,projected,preview,Mason Adams,R,2,66% hard · 30% break,0.12058882923114007,0.12252788245826252,0.12856986309543858,2.3990161246242145,0.3,thin,Short season sample; No established starter; Weather not posted; Starter outing length thin; Projected order,4S-FB 31%; 21.4% pull air; 92.9% ideal AA; 77.5 bat,1.4246159055688081,1,1.11,0.8117666640138654,1,0.8912384000000001,111,111 air · 45° dew · RHB,6,73,.545,2,32,10,14.3,93.2,52.4,0.251,45.2
121,683002,Gunnar Henderson,BAL,BOS,True,5,SS,L,projected,preview,Sonny Gray,R,0.94,58% hard · 37% break,0.12056105772187933,0.1214750087024008,0.12748593010231096,2.6126299270909557,0.69588576,fair,Weather not posted; Projected order,117 air,1.0449078472108897,0.9377444424892666,1.17,0.8837047547537322,1,1.038327526132404,117,117 air · 63° dew · LHB,22,631,.399,2,39,10,7,89.5,43.3,0.151,42.4
122,691002,Yohandy Morales,WSH,LAD,False,6,1B,R,projected,preview,Tyler Glasnow,R,0.87,56% hard · 44% break,0.1205341281700485,0.12242958559516737,0.12846146010455123,2.372320306094562,0.3123242496,thin,Short season sample; Weather not posted; Projected order,4S-FB 33%; 107.8 last game; 4× 100+ last 3; 66.7% sweet,1.1537445175438599,1.0800069370489038,1.02,0.9,1,1,102,102 air · 59° dew · RHB,1,10,1.000,1,10,3,33.3,98.5,83.3,0.378,50
123,691019,Kyle Teel,CWS,MIN,True,9,C,L,projected,preview,Taj Bradley,R,1.22,71% hard · 9% break,0.12015551765530666,0.1217516004454614,0.12744961622045442,2.3249770180625604,0.4020192,thin,Short season sample; Weather not posted; Projected order,43.6% sweet; Air starter; 113 air; Platoon,0.9998672474189492,1.067258970146002,1.13,1.0872809091986724,1,1.0248813158751808,113,113 air · 70° dew · LHB,2,73,.303,1,32,10,10.3,83.3,46.2,0.132,38.5
124,592663,J.T. Realmuto,PHI,ATL,True,8,C,R,projected,preview,Martín Pérez,L,0.89,61% hard · 8% break,0.11962317421727156,0.12046136488823833,0.12612617013290373,2.283746534962715,0.69588576,fair,Weather not posted; Projected order,14.3% vs LHP last 10; trending +10.7 brl; 102.2 last game; 57.9% ideal AA,0.9412749346573541,0.8494416026520428,1.19,1.0828017901579425,1,1.22,119,119 air · 61° dew · RHB,10,399,.354,2,38,10,5.1,89.8,40.6,0.136,43.9
125,686765,Nick Sogard,BOS,BAL,False,5,2B,S,projected,preview,Chris Bassitt,R,1.02,64% hard · 31% break,0.11800814771010669,0.11871587984595611,0.12444740863908282,2.7945886854331787,0.69588576,fair,Weather not posted; Projected order,100.8 last game; 20–30° last 5; 34.6% pull air; 63.0% ideal AA,0.8644388319980927,0.9335024760312702,1.11,0.9206630974171717,1,1.22,111,111 air · 63° dew · switch,4,200,.411,2,40,10,5.1,86.4,29.9,0.113,46
126,683737,Michael Busch,CHC,MIA,False,3,1B,L,projected,preview,Ryan Gusto,R,1.06,54% hard · 31% break,0.11796634879088061,0.11866609727493849,0.12448667430350188,2.566734080349823,0.6983999999999999,fair,Projected order,4S-FB 28%; 100.4 last game; 18.2% pull air; 68.2% ideal AA,1.0537990038471863,1.0386588460933444,0.9,1.0233103302254263,1,0.8998080000000002,90,90 air · 72°F · roof closed · LHB,18,629,.391,2,45,10,9.2,88.4,40.1,0.17,38.3
127,664023,Ian Happ,CHC,MIA,False,5,LF,S,projected,preview,Ryan Gusto,R,1.06,54% hard · 31% break,0.11693010581010861,0.11754669622928715,0.12316158962799637,2.436020770702378,0.6983999999999999,fair,Projected order,28.6% pull air; 57.1% ideal AA; 8.8% solid,1.223599383741834,0.9960553586111023,0.9,0.9892116230867347,1,0.909125137800253,90,90 air · 72°F · roof closed · switch,23,572,.416,1,36,10,11.3,89.1,41.1,0.19,46.3
128,596115,Trevor Story,BOS,BAL,False,8,SS,R,projected,preview,Chris Bassitt,R,1.02,64% hard · 31% break,0.11629983359071415,0.11686957160910016,0.1221993699285776,2.5083137469253898,0.69588576,fair,Weather not posted; Projected order,18.2% vs RHP last 10; trending +11.9 brl; 33.3% pull air; 58.3% ideal AA,0.8546958027737206,0.8960077583121704,1.05,1.1936349107428192,1,1.22,105,105 air · 63° dew · RHB,3,196,.335,1,39,10,4.8,88.4,39.5,0.103,45.2
129,642350,Jose Siri,LAA,PIT,False,7,LF,R,projected,preview,Braxton Ashcraft,R,1.18,47% hard · 49% break,0.11613300434781576,0.11668926624147768,0.12208162222196439,2.4733334989689184,0.69588576,fair,Weather not posted; Projected order,16.7% vs RHP last 10; 4S-FB 31%; 113.2 last game; 63.6% ideal AA,1.2012801202658416,1.091957409013065,0.85,1.0793223180554243,1,0.9170671564625852,85,85 air · 69° dew · RHB,7,196,.384,0,28,10,14.7,89.5,42.2,0.211,41
130,661388,William Contreras,MIL,CIN,False,5,C,R,projected,preview,Andrew Abbott,L,1.27,47% hard · 33% break,0.11554656657466718,0.1160554572255148,0.12152312841022117,2.5897303988553606,0.69588576,fair,Weather not posted; Projected order,20–30° last 5; 65.4% ideal AA; 18.7% blast; 9.5% solid,1.001649868042783,1.0282604604322851,1.15,0.7567774384179927,1,1.0740538170886076,115,115 air · 75° dew · RHB,13,568,.403,1,46,10,7.9,90.2,43.6,0.176,36.2
131,806146,George Lombard Jr.,NYY,SD,False,7,SS,R,projected,preview,Robbie Ray,L,1.21,46% hard · 35% break,0.11552216062740925,0.11623993445117198,0.12158974436281847,2.4755875922383166,0.54089856,fair,Weather not posted; Projected order,trending +4.0 brl; 40.4% sweet; Air starter; Platoon,0.9261652912872018,1.0563228495336519,0.85,1.08,1,1.22,85,85 air · 63° dew · RHB,2,90,.354,0,36,10,7.1,86.1,36.8,0.106,33.3
132,807712,Luke Keaschall,MIN,CWS,False,1,RF,R,projected,preview,Anthony Kay,L,1.25,57% hard · 29% break,0.11531685570629664,0.11580719078343993,0.121404404912198,2.886765509702104,0.69588576,fair,Weather not posted; Projected order,103.2 last game; 4× 100+ last 3; 68% ideal AA; 18.5% K,0.7697276875492673,1.03936447972151,1.17,0.7355,1,1.1577802410810807,117,117 air · 70° dew · RHB,9,532,.391,1,48,10,3.7,85.4,29.5,0.115,38.3
133,663494,Bryan Torres,STL,COL,False,1,2B,L,projected,preview,Mason Adams,R,2,66% hard · 30% break,0.11518291966459299,0.11614500880778256,0.12177482790305649,2.7382709301266286,0.33629271552,thin,No established starter; Weather not posted; Starter outing length thin; Projected order,101.2 last game; 62.5% ideal AA; 111 air; #1,0.9262759968753664,1,1.11,0.8895901105416157,1,0.8652000000000001,111,111 air · 45° dew · LHB,4,146,.385,0,29,10,3.9,87.1,27.9,0.115,48.1
134,663586,Austin Riley,ATL,PHI,False,8,3B,R,projected,preview,Zack Wheeler,R,1.31,62% hard · 23% break,0.11492222926017516,0.11538068722084316,0.12057092164203889,2.291698315914467,0.69588576,fair,Weather not posted; Projected order,4S-FB 35%; 104 last game; 31.6% pull air; 68.4% ideal AA,1.1095430870780087,1.0212538678565564,1.19,0.9552489203738396,1,0.8998080000000002,119,119 air · 61° dew · RHB,15,554,.359,0,38,10,11.6,91.3,44.5,0.177,39.3
135,701785,Kaelen Culpepper,MIN,CWS,False,8,SS,R,projected,preview,Anthony Kay,L,1.25,57% hard · 29% break,0.1147218145293909,0.11530484268299901,0.12048859994965394,2.350286963651271,0.57645167616,fair,Weather not posted; Projected order,18.2% pull air; 77.3% ideal AA; 18.5% K; 117 air,1.0163377891946852,1.041421686179743,1.17,0.8616308961043762,1,1.0811649456264776,117,117 air · 70° dew · RHB,3,92,.458,1,42,10,4.7,87.3,30.8,0.146,38.5
136,663757,Trent Grisham,NYY,SD,False,5,CF,L,projected,preview,Robbie Ray,L,1.21,46% hard · 35% break,0.11469558170277327,0.11513573153772605,0.12051350492330454,2.6570442743919105,0.69588576,fair,Weather not posted; Projected order,12.5% vs LHP last 10; 4S-FB 33%; 18.2% blast; 11.1% solid,1.20263751215197,1.1446384208521496,0.84,1.0258788484555459,1,0.8,84,84 air · 63° dew · LHB,18,484,.395,0,36,10,9.6,90.6,45.3,0.184,44.4
137,673237,Yainer Diaz,HOU,AZ,True,8,C,R,projected,preview,Brandon Pfaadt,R,1.05,55% hard · 29% break,0.11459860624226768,0.11503092259803993,0.12019163653523711,2.666645843907391,0.69588576,fair,Weather not posted; Projected order,tank last game; 4× 100+ last 3; 68.8% ideal AA; 16.0% K,1.0066002396162954,0.9935076507051008,1.01,0.9919255631026518,1,1.1286584655737706,101,101 air · 74° dew · RHB,11,285,.428,3,33,10,6.1,88.4,36.8,0.138,36.8
138,668804,Bryan Reynolds,PIT,LAA,True,3,RF,S,projected,preview,Yusei Kikuchi,L,1.47,47% hard · 33% break,0.11451357086962506,0.11500764982251466,0.12045647521778148,2.5879857884667947,0.6346478131199998,fair,Weather not posted; Projected order,103 last game; 6× 100+ last 3; 20–30° last 5; 66.7% ideal AA,1.0645944986900946,1.08241913527657,0.88,0.8236348803031819,1,1.0157960644577497,88,88 air · 69° dew · switch,15,620,.420,0,47,10,10.9,90.8,47.5,0.191,38.7
139,622268,Donovan Walton,ATH,SEA,False,8,2B,L,projected,preview,George Kirby,R,1.12,53% hard · 39% break,0.11405832209213948,0.11448715241616603,0.1195967044543938,2.4414320852691995,0.656496,fair,Weather not posted; Projected order,14.3% vs RHP last 10; tank last game; 41.5% sweet,0.9590618459118792,1.0119746990552378,0.95,1.0782370313148122,1,1.14,95,95 air · 58° dew · LHB,5,204,.439,2,32,10,4.9,87.3,33.8,0.131,47.2
140,701678,Hao-Yu Lee,DET,CLE,False,2,DH,R,projected,preview,Parker Messick,L,0.78,61% hard · 15% break,0.11160902894558103,0.11179985336731035,0.11696400498567355,2.832530828923286,0.69588576,fair,Weather not posted; Projected order,trending +3.9 brl; 103.6 last game; 62.5% ideal AA; 12.5% barrels last 10,1.0540700567931816,0.8411923268333009,0.96,0.7458208764097745,1,1.22,96,96 air · 63° dew · RHB,8,280,.417,1,38,10,8.6,89.8,41.1,0.166,27.9
141,679845,Nick Loftin,KC,TOR,True,6,3B,R,projected,preview,Max Scherzer,R,1.89,52% hard · 32% break,0.11084021193200788,0.11097642622669779,0.1159000034525,2.191867205592555,0.6736174156799999,fair,Weather not posted; Projected order,Air starter; 18.5% K,0.8445747065405069,1.1051446713410469,0.97,0.9365052731829443,1,1.098700280112045,97,97 air · 68° dew · RHB,7,369,.388,2,42,10,4.2,87.2,28.3,0.109,44.5
142,641680,Jonah Heim,ATH,SEA,False,6,C,S,projected,preview,George Kirby,R,1.12,53% hard · 39% break,0.11048886606911636,0.11058920602677769,0.11547762052021307,2.6271932221918557,0.69588576,fair,Weather not posted; Projected order,,1.0471750763464531,0.9292322484695722,0.96,0.9146478224288355,1,1.096268656716418,96,96 air · 58° dew · switch,13,341,.394,2,39,10,6.7,88,33.2,0.145,40.7
143,805805,Walker Jenkins,MIN,CWS,False,9,CF,L,projected,preview,Anthony Kay,L,1.25,57% hard · 29% break,0.11045080880674511,0.11063818454170682,0.11533075445259969,2.2672605220005466,0.3630084480000001,thin,Short season sample; Weather not posted; Projected order,25% pull air; 87.5% ideal AA; 18.5% K; 113 air,1.0301290335213034,0.9828112579802761,1.13,0.9,1,1.1050910734463277,113,113 air · 70° dew · LHB,1,28,.304,1,28,7,5.9,84.2,29.4,0.087,47.1
144,682663,Agustín Ramírez,MIA,CHC,True,5,DH,R,projected,preview,Javier Assad,R,1.62,73% hard · 19% break,0.11035237118234477,0.11044110115461614,0.11537131067940726,2.9189669308554254,0.6983999999999999,fair,Projected order,14.3% vs RHP last 10; 108.3 last game; 75.7 bat; 16.6% K,0.7836304943910903,1.0272360294848497,0.9,1.002307352509814,1,1.22,90,90 air · 72°F · roof closed · RHB,3,204,.331,1,35,10,3.8,89.1,38.6,0.079,41.7
145,806367,Turner Hill,SF,NYM,False,4,LF,L,projected,preview,Zac Thornton,L,1.03,66% hard · 30% break,0.11012655155597144,0.11024795946339128,0.11519867927451305,2.590222336543254,0.43747387200000004,thin,Short season sample; Projected order,23.1% pull air; 73.1% ideal AA; 18.4% K,0.8501283050621739,1.0362307905920385,1.03,0.9,1,0.9991320444444445,103,103 air · 80°F · cross RF 10 · 60° dew · LHB,0,61,.438,0,42,10,4.5,88.1,34.1,0.128,54.5
146,665862,Jazz Chisholm Jr.,NYY,SD,False,6,2B,L,projected,preview,Robbie Ray,L,1.21,46% hard · 35% break,0.11003190288750932,0.11009533029481278,0.1149382070566135,2.5663159333151135,0.69588576,fair,Weather not posted; Projected order,14.3% vs LHP last 10; 77.8% ideal AA; Air starter,1.1144927857423628,1.0826908499807717,0.84,1.1384831799716575,1,0.8034,84,84 air · 63° dew · LHB,19,513,.403,1,35,10,8.6,90.7,42.6,0.153,51.1
147,596146,Max Kepler,AZ,HOU,False,7,LF,L,projected,preview,Ethan Pecko,R,2.77,67% hard · 28% break,0.1096882732443197,0.10975789298187855,0.11451032452647006,2.2968024050286964,0.354501992448,thin,Starter sample thin; Weather not posted; Starter outing length thin; Projected order,14.3% vs RHP last 10; 102.5 last game; Air starter; 15.5% K,0.890352632295354,1.2066092905158712,1.05,1.0369573525098141,1,0.84,105,105 air · 74° dew · LHB,2,141,.313,0,35,10,8,88.8,40,0.129,43
148,702284,Cole Young,SEA,ATH,True,6,2B,L,projected,preview,Jeffrey Springs,L,2.41,46% hard · 29% break,0.10955474065531397,0.10957962387430265,0.11437480465258637,2.3907536873286377,0.69588576,fair,Weather not posted; Projected order,trending +6.4 brl; 66.7% ideal AA; Air starter; 17.9% K,0.9152481456882428,1.2240697221219872,0.95,0.7029214552494518,1,1.22,95,95 air · 58° dew · LHB,16,569,.383,1,43,10,4.7,88.1,37.1,0.128,42.6
149,701852,Drew Cavanaugh,SF,NYM,False,6,C,L,projected,preview,Zac Thornton,L,1.03,66% hard · 30% break,0.10942964924279865,0.10944599695108637,0.11422904818423218,2.4306351783676035,0.6554154009600001,fair,Projected order,trending +13.1 brl; 18.2% pull air; 18.2% barrels last 10; 46.3% sweet,0.8304846862106028,0.9708360169776142,1.03,0.9,1,1.22,103,103 air · 80°F · cross RF 10 · 60° dew · LHB,0,132,.270,0,29,10,5.1,85.8,31.3,0.114,26.3
150,656537,Derek Hill,PHI,ATL,True,9,CF,R,projected,preview,Martín Pérez,L,0.89,61% hard · 8% break,0.10938858105750994,0.10940122639321137,0.1139870968701002,2.2030707062819666,0.656496,fair,Weather not posted; Projected order,18.2% K; 119 air,1.0969119730443369,0.841147569587773,1.19,1.0179988486842106,1,1,119,119 air · 61° dew · RHB,9,195,.413,0,14,10,9.5,89,34.2,0.145,37.6
151,691781,Brady House,WSH,LAD,False,5,3B,R,projected,preview,Tyler Glasnow,R,0.87,56% hard · 44% break,0.10936368358669232,0.10937465804872448,0.11420244114257055,2.4561902159059854,0.6346478131199998,fair,Weather not posted; Projected order,4S-FB 33%; 104.5 last game,1.086270052360725,1.0206208877387875,1.02,0.938103809773063,1,0.798,102,102 air · 59° dew · RHB,10,296,.410,1,40,10,10.5,89.9,48.2,0.183,32.5
152,571448,Nolan Arenado,AZ,HOU,False,6,3B,R,projected,preview,Ethan Pecko,R,2.77,67% hard · 28% break,0.10913112909318898,0.10911418785586535,0.11386676541140012,2.380978409401476,0.40083019776,thin,Starter sample thin; Weather not posted; Starter outing length thin; Projected order,66.7% ideal AA; Air starter; 15.5% K,1.0161265489203337,1.1613971173067976,1.01,0.9206131554257324,1,0.8240000000000001,101,101 air · 74° dew · RHB,21,515,.420,0,38,10,6.1,84.7,30.5,0.119,48
153,669257,Will Smith,LAD,WSH,True,4,C,R,projected,preview,Cade Cavalli,R,1,52% hard · 41% break,0.10907485663607369,0.10905954166440379,0.11389707611615575,2.5597126459219925,0.656496,fair,Weather not posted; Projected order,87.5% ideal AA; 42.2% sweet; 12.3% barrels; 8.4% solid,1.140153258060691,0.9444285173046583,1.02,0.9005132005647964,1,0.8034,102,102 air · 59° dew · RHB,6,215,.366,1,37,10,12.3,89.7,39.6,0.217,30.5
154,669224,Austin Wells,NYY,SD,False,9,C,L,projected,preview,Robbie Ray,L,1.21,46% hard · 35% break,0.1090156412501926,0.10899697712282952,0.11354871388702156,2.3006115058759224,0.69588576,fair,Weather not posted; Projected order,trending +5.7 brl; 31.3% pull air; 93.8% ideal AA; 12.5% barrels last 10,1.0314416105071456,1.0440521209751161,0.84,1.0014402149423216,1,1.22,84,84 air · 63° dew · LHB,10,333,.314,2,29,10,6.8,89.3,42.9,0.144,48.8
155,572233,Christian Walker,HOU,AZ,True,6,1B,R,projected,preview,Brandon Pfaadt,R,1.05,55% hard · 29% break,0.10853526495591019,0.10847779701487648,0.113174013571886,2.869542810291649,0.69588576,fair,Weather not posted; Projected order,16.2% blast; 16.0% K,1.1555907977087863,0.9635786276533116,1.01,1.0386515545337305,1,0.78,101,101 air · 74° dew · RHB,24,559,.425,1,37,10,8.8,89.2,40.9,0.157,42
156,694671,Wyatt Langford,TEX,TB,True,3,LF,R,projected,preview,Drew Rasmussen,R,0.8,81% hard · 7% break,0.10836464195897619,0.1082933914415336,0.11308715838826403,2.6225198141568735,0.69588576,fair,Weather not posted; Projected order,57.1% ideal AA; #3,1.072192578048052,0.8268554076572772,1.08,0.9439530264734322,1,0.8240000000000001,108,108 air · 67° dew · RHB,15,387,.443,0,44,10,6.4,88.9,37.4,0.151,42.6
157,703607,Henry Bolte,ATH,SEA,False,1,CF,R,projected,preview,George Kirby,R,1.12,53% hard · 39% break,0.10810316108352346,0.10801078867624103,0.11283525171541917,2.9987154960371685,0.69588576,fair,Weather not posted; Projected order,4S-FB 29%; 109.6 last game; 77 bat; #1,0.8637005685877333,1.034798954485015,0.96,0.7,1,1.1622577777777776,96,96 air · 58° dew · RHB,8,386,.386,2,49,10,7.2,91,47.9,0.12,32.5
158,664770,Nathan Lukes,TOR,KC,False,8,RF,L,projected,preview,Seth Lugo,R,1.05,51% hard · 40% break,0.10795835242455297,0.10785428267023767,0.11237420336271217,2.362895680272656,0.69588576,fair,Weather not posted; Projected order,trending +6.4 brl; 101.6 last game; 17.8% K; Platoon,0.8060427224475053,0.9529714574098642,0.97,1.1440417491133883,1,1.19377,97,97 air · 68° dew · LHB,10,382,.389,2,39,10,2.3,86.9,27.9,0.087,32.9
159,650402,Gleyber Torres,DET,CLE,False,1,2B,R,projected,preview,Parker Messick,L,0.78,61% hard · 15% break,0.10782767704847003,0.10771305160478117,0.11250539466199991,2.8966152368174773,0.69588576,fair,Weather not posted; Projected order,trending +5.9 brl; 101.3 last game; 4× 100+ last 3; 81.3% ideal AA,0.8377302644746472,0.8119122321320505,0.96,0.8580620787869062,1,1.22,96,96 air · 63° dew · RHB,8,364,.384,0,38,10,6.6,86.4,34,0.121,25
160,689414,Liam Hicks,TB,TEX,False,4,C,L,projected,preview,Jacob deGrom,R,1.11,44% hard · 43% break,0.10770819602037542,0.10758391914382748,0.11228199740884465,2.5149596884394643,0.69588576,fair,Weather not posted; Projected order,100.8 last game; 25% pull air; 111 air,0.8831011890406966,0.925753023839679,1.11,0.9674588278582363,1,0.8736000000000002,111,111 air · 67° dew · LHB,17,497,.441,1,34,10,3.9,85,27.8,0.097,43.4
161,657041,Lane Thomas,ATL,PHI,False,5,LF,R,projected,preview,Zack Wheeler,R,1.31,62% hard · 23% break,0.10770478056026159,0.10756735922522209,0.11222876179173927,2.553250841100357,0.656496,fair,Weather not posted; Projected order,119 air,0.9758932388054908,0.8986832391640461,1.19,0.9388278134968102,1,0.84,119,119 air · 61° dew · RHB,11,371,.387,0,23,10,6.4,89.5,41,0.128,44.9
162,701807,Carson Benge,NYM,SF,True,5,RF,L,projected,preview,Anthony Molina,R,1.26,49% hard · 26% break,0.1075986270014562,0.10736695818987352,0.11201058360351719,2.607766652587642,0.42641510400000004,thin,Starter sample thin; Starter outing length thin; Projected order,57.1% ideal AA; 16.1% K,0.978234179936234,1.0285656185045602,1.03,0.9643551085320254,1,0.8240000000000001,103,103 air · 80°F · cross RF 10 · 60° dew · LHB,16,558,.419,0,42,10,7.2,88.8,39,0.154,32.4
163,664774,LaMonte Wade Jr.,HOU,AZ,True,9,LF,L,projected,preview,Brandon Pfaadt,R,1.05,55% hard · 29% break,0.1073105346779046,0.10711161982879824,0.11150402578714305,2.572443680943271,0.5935265279999999,fair,Weather not posted; Projected order,100.8 last game; 10.5% solid; 16.0% K,0.9533559028514775,0.9520867905975248,1.05,0.9781213855184367,1,1.14,105,105 air · 74° dew · LHB,3,126,.333,1,22,10,3.9,87.3,35.5,0.108,40.8
164,806198,Cooper Pratt,MIL,CIN,False,8,SS,R,projected,preview,Andrew Abbott,L,1.27,47% hard · 33% break,0.10718311673471555,0.10701642502836528,0.11146413092511423,2.3244409433628603,0.69588576,fair,Weather not posted; Projected order,27.8% pull air; 39.3% sweet; 17.7% K; 115 air,0.8023266750597157,0.9809449694208734,1.15,0.9080008375974659,1,1.22,115,115 air · 75° dew · RHB,3,201,.380,1,35,10,3.6,87,28.6,0.101,32.9
165,699393,Pedro Ramírez,CHC,MIA,False,7,2B,S,projected,preview,Ryan Gusto,R,1.06,54% hard · 31% break,0.10699924798983357,0.10681889123132338,0.11131027737139998,2.2696583766056304,0.6983999999999999,fair,Projected order,4S-FB 28%; trending +3.5 brl; 46.2% pull air; 69.2% ideal AA,0.8498685485881002,1.0316106650274777,0.9,0.9638847121257037,1,1.22,90,90 air · 72°F · roof closed · switch,4,198,.424,2,41,10,4.2,89.1,41,0.1,41.7
166,686217,Sal Frelick,MIL,CIN,False,1,RF,L,projected,preview,Andrew Abbott,L,1.27,47% hard · 33% break,0.10699398520656567,0.10681201584254385,0.11151637806236153,2.855019854347861,0.69588576,fair,Weather not posted; Projected order,trending +3.3 brl; 101.1 last game; 20–30° last 5; 17.7% K,0.6764520612784036,0.9944050825059272,1.16,0.7,1,1.22,116,116 air · 75° dew · LHB,4,344,.332,0,36,10,2.6,86,28.8,0.087,38.6
167,650559,Bryan De La Cruz,PHI,ATL,True,7,LF,R,projected,preview,Martín Pérez,L,0.89,61% hard · 8% break,0.10689231891021499,0.10654784717740651,0.11101565407205335,2.3706281966189047,0.4020192,thin,Short season sample; Weather not posted; Projected order,18.2% K; 119 air; Platoon,0.9296459495152221,0.9228241152866978,1.19,1.08,1,0.84,119,119 air · 61° dew · RHB,2,57,.510,0,23,10,5,88.8,40,0.11,37.5
168,691728,Zac Veen,COL,STL,True,9,LF,L,projected,preview,Matthew Liberatore,L,1.67,43% hard · 43% break,0.10675419827209502,0.10638951794299167,0.1107207911922752,2.1338749616967707,0.4020192,thin,Short season sample; Weather not posted; Projected order,104.6 last game; 14.3% barrels; 9.5% solid; Air starter,1.177721708977089,1.0738276169342282,1.11,0.9,1,0.84,111,111 air · 45° dew · LHB,2,42,.528,0,19,10,14.3,88.6,42.9,0.222,47.6
169,694208,Moisés Ballesteros,LAA,PIT,False,5,C,L,projected,preview,Braxton Ashcraft,R,1.18,47% hard · 49% break,0.10652608064783815,0.10630631491141285,0.11085386347795698,2.654624959626326,0.69588576,fair,Weather not posted; Projected order,tank last game,0.9682399956888648,0.9648263160254968,0.91,1.023874114126977,1,0.930772987012987,91,91 air · 69° dew · LHB,7,284,.326,1,40,10,8.8,90.4,45.9,0.136,36.1
170,679529,Spencer Torkelson,DET,CLE,False,5,1B,R,projected,preview,Parker Messick,L,0.78,61% hard · 15% break,0.10651609901567466,0.10627273788416947,0.11081689408485465,2.6274607236618714,0.656496,fair,Weather not posted; Projected order,tank last game; 66.7% pull air; 66.7% ideal AA; 42% sweet,1.2359393267641967,0.833218261763392,0.96,0.7666847383092414,1,1.0656111304347826,96,96 air · 63° dew · RHB,22,540,.415,2,34,10,12.5,89.4,41.3,0.184,47.5
171,514888,Jose Altuve,HOU,AZ,True,4,2B,R,projected,preview,Brandon Pfaadt,R,1.05,55% hard · 29% break,0.10622506849167503,0.10598098760947883,0.11054076119209806,3.0579471362198882,0.69588576,fair,Weather not posted; Projected order,26.1% pull air; 78.3% ideal AA; 16.0% K,0.8798993732994355,0.9601395738762575,1.01,0.9022228871201334,1,1.0213051178838413,101,101 air · 74° dew · RHB,15,487,.395,1,42,10,4.7,85.4,32.2,0.103,42.9
172,608070,José Ramírez,CLE,DET,True,3,3B,S,projected,preview,Framber Valdez,L,0.9,48% hard · 33% break,0.10602445521247345,0.1057641692002601,0.11032684910882809,2.865045094288057,0.69588576,fair,Weather not posted; Projected order,20.8% pull air; 58.3% ideal AA; 17.5% K; Platoon,0.9105593353208992,0.8718573853819842,0.96,1.1177633277316934,1,0.85696,96,96 air · 63° dew · switch,11,467,.382,1,44,10,4.3,89.1,40.2,0.134,50.7
173,642201,Eli White,BOS,BAL,False,9,CF,R,projected,preview,Chris Bassitt,R,1.02,64% hard · 31% break,0.10561242597388214,0.10531885708324318,0.10956128519904504,2.4197048373872643,0.69588576,fair,Weather not posted; Projected order,14.3% vs RHP last 10; trending +10.7 brl; 75% ideal AA; 16.7% barrels last 10,0.8948005012439427,0.898241394327697,1.05,1.0054729495016144,1,1.22,105,105 air · 63° dew · RHB,5,188,.389,0,19,10,6,85.8,28.9,0.102,34.8
174,592518,Manny Machado,SD,NYY,True,3,3B,R,projected,preview,Carlos Rodón,L,0.76,59% hard · 26% break,0.10558508388010633,0.1052715475263094,0.10977800461440065,2.517409128177098,0.6729215299199999,fair,Weather not posted; Projected order,#3,1.1638619292467662,0.8527251138609396,0.85,0.9865518092105263,1,0.8240000000000001,85,85 air · 63° dew · RHB,24,586,.402,0,45,10,9.2,90.4,44.4,0.174,40.8
175,681807,David Fry,CLE,DET,True,6,1B,R,projected,preview,Framber Valdez,L,0.9,48% hard · 33% break,0.10494639012867656,0.10456313060238576,0.10890986018348978,2.626291336430719,0.656496,fair,Weather not posted; Projected order,17.5% K; Platoon,0.9253280605590384,0.8721620468479307,0.96,1.0856183828029375,1,1,96,96 air · 63° dew · RHB,6,177,.347,0,14,10,6.2,85.5,33,0.091,56.7
176,643446,Jeff McNeil,ATH,SEA,False,2,1B,L,projected,preview,George Kirby,R,1.12,53% hard · 39% break,0.10479523880338992,0.10443565920598785,0.10890007818438757,2.9323722328505055,0.69588576,fair,Weather not posted; Projected order,20–30° last 3; 23.3% pull air; 38.5% sweet; #2,0.703529673621303,0.9882948915584404,0.95,0.8438443606628613,1,1.22,95,95 air · 58° dew · LHB,8,447,.379,2,45,10,1.9,86.5,29.9,0.092,41.8
177,687859,Troy Johnston,COL,STL,True,7,DH,L,projected,preview,Matthew Liberatore,L,1.67,43% hard · 43% break,0.10479307824023436,0.10443332411696349,0.10871727430475389,2.2961696770934266,0.69588576,fair,Weather not posted; Projected order,trending +6.7 brl; 102.5 last game; 18.2% pull air; 63.6% ideal AA,0.7269297818712739,1.0753966877548335,1.11,0.8363919266294877,1,1.22,111,111 air · 45° dew · LHB,4,408,.407,1,29,10,2.4,89.7,37.6,0.105,38
178,803011,Sam Antonacci,CWS,MIN,True,1,LF,L,projected,preview,Taj Bradley,R,1.22,71% hard · 9% break,0.10466727006253143,0.10429735341220847,0.10876882065147624,2.960252428631767,0.69588576,fair,Weather not posted; Projected order,Air starter; 113 air; #1,0.7846726682312628,1.0239017054542834,1.13,0.8081540655024266,1,0.8776624171341152,113,113 air · 70° dew · LHB,8,485,.385,0,42,10,5.3,87.3,32.5,0.117,32.7
179,664034,Ty France,SD,NYY,True,4,1B,R,projected,preview,Carlos Rodón,L,0.76,59% hard · 26% break,0.10424377901185103,0.10381538946572533,0.10816456556584483,2.4591357687285536,0.6729215299199999,fair,Weather not posted; Projected order,38.1% sweet; 92 EV,1.2012575036819582,0.9305726079442903,0.85,0.9406486195958648,1,0.7828,85,85 air · 63° dew · RHB,20,422,.519,2,44,10,9.5,92,48.3,0.174,37.4
180,671056,Iván Herrera,STL,COL,False,2,DH,R,projected,preview,Mason Adams,R,2,66% hard · 30% break,0.10402846398684777,0.10323241423252871,0.10757501529834443,2.6776897148583405,0.3757783103999999,thin,No established starter; Weather not posted; Starter outing length thin; Projected order,106 last game; 59.3% ideal AA; 111 air; #2,0.8846249613934813,1,1.11,0.7494084311376437,1,0.8596380000000001,111,111 air · 45° dew · RHB,15,632,.380,1,46,10,5.5,89.3,40.6,0.127,38.2
181,571771,Enrique Hernández,LAD,WSH,True,9,1B,R,projected,preview,Cade Cavalli,R,1,52% hard · 41% break,0.10378306673401255,0.10298367658449892,0.10703444933887299,2.153312770858548,0.4020192,thin,Short season sample; Weather not posted; Projected order,trending +3.7 brl; 101.9 last game; 12.5% barrels last 10,0.9816158496802249,0.9040174079535881,1.02,0.9,1,1.22,102,102 air · 59° dew · RHB,2,55,.373,0,22,10,8.8,88.5,38.2,0.136,23.5
182,691277,Deyvison De Los Santos,MIA,CHC,True,7,1B,R,projected,preview,Javier Assad,R,1.62,73% hard · 19% break,0.10300421012494972,0.10203476506374598,0.10611713280735413,2.719622847772616,0.3643200000000001,thin,Short season sample; Projected order,50% sweet; 12.5% barrels; 12.5% solid; 16.6% K,0.9271523178807948,1.153963036717158,0.9,0.9,1,1,90,90 air · 72°F · roof closed · RHB,0,11,.545,0,11,6,12.5,84,25,0.118,37.5
183,670623,Isaac Paredes,HOU,AZ,True,3,3B,R,projected,preview,Brandon Pfaadt,R,1.05,55% hard · 29% break,0.10231994079218017,0.10176041168863148,0.10596883314617375,3.130410338499981,0.69588576,fair,Weather not posted; Projected order,23.1% pull air; 57.7% ideal AA; 16.0% K; #3,0.922217359380445,0.9352434088768287,1.01,0.9113961531432748,1,0.8826688,101,101 air · 74° dew · RHB,18,573,.423,1,42,10,4.8,86,28.1,0.12,49.8
184,665489,Vladimir Guerrero Jr.,TOR,KC,False,3,1B,R,projected,preview,Seth Lugo,R,1.05,51% hard · 40% break,0.10220819717841809,0.10163964165450079,0.10582437310069934,2.773834059450509,0.69588576,fair,Weather not posted; Projected order,Curve 16%; 106 last game; 4× 100+ last 3; 76.3 bat,0.8075641814071747,1.0780128478525166,0.97,0.7,1,1.1193013105516143,97,97 air · 68° dew · RHB,8,537,.358,1,42,10,6.7,90.3,43.5,0.119,35.3
185,680574,Matt McLain,CIN,MIL,True,7,2B,R,projected,preview,Dustin May,R,0.7,67% hard · 26% break,0.10190117203190754,0.10130781564516833,0.10532513628885934,2.230899836020771,0.69588576,fair,Weather not posted; Projected order,Cutter 23%; 57.9% ideal AA; 115 air,1.0738224062246187,0.9938234009678375,1.15,0.7914307436165512,1,0.8487200000000001,115,115 air · 75° dew · RHB,14,439,.343,1,41,10,9.8,88.4,37.5,0.159,37.8
186,686611,Dylan Crews,WSH,LAD,False,3,RF,R,projected,preview,Tyler Glasnow,R,0.87,56% hard · 44% break,0.10167556673587921,0.10096532856299145,0.1050812211284784,2.5879857884667947,0.6346478131199998,fair,Weather not posted; Projected order,107.8 last game; 63.2% ideal AA; 16.9% blast; 9.1% solid,1.0511697361450136,0.9183061192649374,1.02,0.723136433877279,1,0.8816800000000001,102,102 air · 59° dew · RHB,10,366,.357,0,44,10,9.1,90.3,43.2,0.171,33.3
187,641355,Cody Bellinger,NYY,SD,False,2,LF,L,projected,preview,Robbie Ray,L,1.21,46% hard · 35% break,0.10155363577760021,0.10093220612368181,0.10507484433929312,2.8644233397103034,0.69588576,fair,Weather not posted; Projected order,104.7 last game; 21.2% pull air; 81.8% ideal AA; 39.7% sweet,0.9266291313764693,1.0618013952829854,0.84,0.8390608717836143,1,0.8998080000000002,84,84 air · 63° dew · LHB,12,485,.416,0,42,10,6.1,88.9,36.1,0.138,42.6
188,694197,Angel Genao,CLE,DET,True,7,2B,S,projected,preview,Framber Valdez,L,0.9,48% hard · 33% break,0.10141742026480581,0.10060238061214155,0.104563813795757,2.5334426528195317,0.5872988851200001,fair,Weather not posted; Projected order,100.6 last game; 17.5% K,0.8464326379978419,0.8934309688023045,0.96,0.97,1,1.1838633776091083,96,96 air · 63° dew · switch,2,99,.363,1,35,10,5.1,91.2,52.6,0.111,37.2
189,691858,Jared Serna,MIA,CHC,True,8,2B,R,projected,preview,Javier Assad,R,1.62,73% hard · 19% break,0.10123031624187463,0.09998538915212918,0.10384761494212065,2.6199508062312113,0.3643200000000001,thin,Short season sample; Projected order,109.2 last game; 16.6% K,0.9523809523809526,1.153963036717158,0.9,0.9,1,1,90,90 air · 72°F · roof closed · RHB,0,7,.200,0,7,3,0,91.8,83.3,0.024,33.3
190,672640,Otto Lopez,MIA,CHC,True,2,SS,R,projected,preview,Javier Assad,R,1.62,73% hard · 19% break,0.10069870631170447,0.10001273372431352,0.10408731133152396,3.146788740092922,0.6983999999999999,fair,Projected order,18.5% blast; 16.6% K; #2,0.8397900666980489,1.0544347589288465,0.9,0.7,1,1.1564516129032258,90,90 air · 72°F · roof closed · RHB,10,599,.438,1,43,10,6.2,89,40.9,0.139,32.7
191,665750,Leody Taveras,BAL,BOS,True,9,LF,S,projected,preview,Sonny Gray,R,0.94,58% hard · 37% break,0.10035806847773812,0.09964006334479059,0.10342290172803856,2.2621551807738762,0.69588576,fair,Weather not posted; Projected order,111 air,0.7881400111710446,0.9110039801958563,1.11,0.959212609373354,1,1.2196620583717357,111,111 air · 63° dew · switch,8,442,.348,1,36,10,4.2,88.3,33.3,0.107,35.4
192,695731,Braden Montgomery,CWS,MIN,True,6,RF,S,projected,preview,Taj Bradley,R,1.22,71% hard · 9% break,0.10012311273740633,0.09938612836073424,0.10328864683440317,2.593495490571194,0.69588576,fair,Weather not posted; Projected order,4S-FB 47%; 61.5% ideal AA; 8.8% solid; Air starter,0.8840130874620764,1.1236935638376004,1.15,0.7814032242304332,1,0.8487200000000001,115,115 air · 70° dew · switch,6,298,.363,1,42,10,4.4,88.9,41.2,0.142,38.7
193,694378,Jacob Gonzalez,PIT,LAA,True,8,3B,L,projected,preview,Yusei Kikuchi,L,1.47,47% hard · 33% break,0.09997069190415685,0.09902824840222113,0.10281094834127413,2.204580486471714,0.5987243519999998,fair,Weather not posted; Projected order,trending +7.0 brl; 88.9% ideal AA; 8.7% solid; Air starter,0.9863269989537459,1.0716455580325153,0.91,0.725919540229885,1,1.22,91,91 air · 69° dew · LHB,6,203,.369,0,24,10,4.1,88.1,37.2,0.138,43
194,553869,Elias Díaz,TEX,TB,True,9,C,R,projected,preview,Drew Rasmussen,R,0.8,81% hard · 7% break,0.09996343863021939,0.09921355610603866,0.10296253510742254,2.1550799398742826,0.69588576,fair,Weather not posted; Projected order,trending +17.7 brl; 105.7 last game; 27.3% barrels last 10; 8.2% solid,1.0764053247520124,0.9017674559630152,1.08,0.72,1,1.22,108,108 air · 67° dew · RHB,7,204,.407,1,32,10,9.6,87.9,40.4,0.147,37.7
195,807726,John Peck,DET,CLE,False,8,SS,R,projected,preview,Parker Messick,L,0.78,61% hard · 15% break,0.09995302506716881,0.09846070744922997,0.10219902133344434,2.358306210506265,0.3424608,thin,Short season sample; Weather not posted; Projected order,109.9 last game; 62.5% ideal AA; 25% barrels last 10; 22.2% barrels,0.9150326797385622,0.780658453804709,0.96,1.08,1,1.1497651480343984,96,96 air · 63° dew · RHB,0,13,.250,0,13,5,22.2,88.3,44.4,0.234,11.1
196,804606,Konnor Griffin,PIT,LAA,True,6,SS,R,projected,preview,Yusei Kikuchi,L,1.47,47% hard · 33% break,0.09990759772424543,0.09895874384350456,0.10282018828010314,2.372320306094562,0.5987243519999998,fair,Weather not posted; Projected order,75.7 bat; Air starter; pull × porch,0.9403408909025586,1.0892477132209462,0.86,0.8672315423976608,1,0.9532635858076514,86,86 air · 69° dew · pull × porch · RHB,5,250,.399,1,47,10,8,87.6,36.6,0.15,40.9
197,805808,Kevin McGonigle,DET,CLE,False,3,3B,L,projected,preview,Parker Messick,L,0.78,61% hard · 15% break,0.09911932552957273,0.09830125727711125,0.10219142745334654,2.7684464210290938,0.69588576,fair,Weather not posted; Projected order,70.8% ideal AA; #3,0.9507480208476918,0.8430129954332298,0.96,0.9391460273293164,1,0.8487200000000001,96,96 air · 63° dew · LHB,14,618,.410,0,45,10,6.9,88.1,36.7,0.169,37.7
198,666182,Bo Bichette,NYM,SF,True,3,3B,R,projected,preview,Anthony Molina,R,1.26,49% hard · 26% break,0.09865398054337418,0.09716496410064801,0.10095567285406112,2.7476955949216135,0.42641510400000004,thin,Starter sample thin; Starter outing length thin; Projected order,102.6 last game; 16.1% K; #3,0.9121212448122902,1.0354726863530999,0.97,0.723497336972608,1,0.8965764705882354,97,97 air · 80°F · cross RF 10 · 60° dew · RHB,15,597,.400,1,40,10,6.5,89.6,41.5,0.138,25.9
199,667472,Dane Myers,CIN,MIL,True,1,CF,R,projected,preview,Dustin May,R,0.7,67% hard · 26% break,0.09852898411823405,0.09766322929505644,0.10150793994528876,2.6397034708936866,0.69588576,fair,Weather not posted; Projected order,102.7 last game; 115 air; #1,0.8735651197711098,0.8541077839287718,1.15,0.7,1,0.8400000000000001,115,115 air · 75° dew · RHB,6,286,.378,1,42,10,4.5,89.1,35.4,0.12,25.4
200,687462,Spencer Horwitz,PIT,LAA,True,1,1B,L,projected,preview,Yusei Kikuchi,L,1.47,47% hard · 33% break,0.09803122489677563,0.09697911556982874,0.10076909599927728,2.7077999453402573,0.6346478131199998,fair,Weather not posted; Projected order,100.6 last game; 78.3% ideal AA; Air starter; #1,0.890527793647215,0.9737868144682623,0.91,0.7421648541830321,1,0.8652000000000001,91,91 air · 69° dew · LHB,10,401,.374,0,44,10,6.4,87,31.6,0.126,40.4
201,672695,Geraldo Perdomo,AZ,HOU,False,1,SS,S,projected,preview,Ethan Pecko,R,2.77,67% hard · 28% break,0.09798091915827226,0.0963294407932398,0.10006294655849651,2.7176824268925937,0.40083019776,thin,Starter sample thin; Weather not posted; Starter outing length thin; Projected order,25% pull air; Air starter; 15.5% K; #1,0.6870909624520811,1.1179711440483782,1.03,0.7364070387662707,1,0.85696,103,103 air · 74° dew · switch,9,591,.367,0,40,10,2.8,87.5,30.6,0.089,44.2
202,691777,Max Muncy,ATH,SEA,False,7,DH,R,projected,preview,George Kirby,R,1.12,53% hard · 39% break,0.09786979691106017,0.09695079429471354,0.10061385173339943,2.5343126537305274,0.69588576,fair,Weather not posted; Projected order,4S-FB 29%; 100.2 last game,1.049335151553891,1.0279910272648938,0.96,0.891007270045713,1,0.8400000000000001,96,96 air · 58° dew · RHB,8,259,.384,2,37,10,11.2,89.1,42.8,0.146,43.4
203,695490,Edwin Arroyo,CIN,MIL,True,9,3B,S,projected,preview,Dustin May,R,0.7,67% hard · 26% break,0.09777252052314722,0.09671731524318072,0.1002710211277914,2.07321843399836,0.6432307199999999,fair,Weather not posted; Projected order,16.7% vs RHP last 10; trending +8.4 brl; 105 last game; 41.6% sweet,0.7105420027635411,0.853689864694932,1.16,1.0227071599484634,1,1.206336,116,116 air · 75° dew · switch,0,160,.264,0,32,10,2.7,88,27.4,0.08,42.5
204,543760,Marcus Semien,NYM,SF,True,6,2B,R,projected,preview,Anthony Molina,R,1.26,49% hard · 26% break,0.09763030715311997,0.0959973930931618,0.09961768523235381,2.518720962011479,0.42641510400000004,thin,Starter sample thin; Starter outing length thin; Projected order,103.5 last game; 31.8% pull air; 59.1% ideal AA; 16.1% K,0.9448899850497853,1.0033202396154917,0.97,0.8418242394125233,1,0.8998080000000002,97,97 air · 80°F · cross RF 10 · 60° dew · RHB,14,471,.345,0,38,10,6,86.4,33,0.136,48.3
205,669134,Luis Campusano,SD,NYY,True,8,C,R,projected,preview,Carlos Rodón,L,0.76,59% hard · 26% break,0.09737663218368273,0.09626358620771858,0.09982503906758611,2.144459627706417,0.6348316319999999,fair,Weather not posted; Projected order,40.2% sweet,1.0420138493283289,0.9181799113926347,0.85,0.9805272680055401,1,0.9971874337755902,85,85 air · 63° dew · RHB,6,185,.465,1,32,10,9.5,88,41,0.154,41
206,677942,Blaze Alexander,BAL,BOS,True,1,RF,R,projected,preview,Sonny Gray,R,0.94,58% hard · 37% break,0.09650157610413627,0.09547205141190018,0.09914539433200184,2.8802651879149073,0.69588576,fair,Weather not posted; Projected order,102.9 last game; 22.2% pull air; 66.7% ideal AA; 40.6% sweet,0.8983842958000863,0.8598835297771055,1.05,0.7054071706950802,1,0.8998080000000002,105,105 air · 63° dew · RHB,4,273,.429,1,39,10,6.3,92.3,49,0.154,33.3
207,695670,Harry Ford,WSH,LAD,False,7,C,R,projected,preview,Tyler Glasnow,R,0.87,56% hard · 44% break,0.09647916698445856,0.09496728496715523,0.09846595938700331,2.288450396283138,0.5228974559231999,fair,Weather not posted; Projected order,,0.9851648511144775,0.9016755436175806,1.02,0.8861538787046501,1,0.8924646781789639,102,102 air · 59° dew · RHB,3,90,.372,1,34,10,9.1,83.2,29.1,0.122,36.4
208,678545,Osleivis Basabe,SF,NYM,False,7,3B,R,projected,preview,Zac Thornton,L,1.03,66% hard · 30% break,0.096244692987064,0.09497158285195961,0.09847217118050976,2.3447036316576373,0.61564504896,fair,Projected order,18.4% K,1.0083111427478602,1.0318320784450987,0.97,0.7052177083333334,1,1.0162922646784716,97,97 air · 80°F · cross RF 10 · 60° dew · RHB,4,107,.357,1,27,10,7.4,87.7,35.4,0.129,40.2
209,669003,Garrett Mitchell,MIL,CIN,False,7,CF,L,projected,preview,Andrew Abbott,L,1.27,47% hard · 33% break,0.09612589823327473,0.0950660270516831,0.09857591649531608,2.4128707618603604,0.69588576,fair,Weather not posted; Projected order,105.6 last game; 71.4% ideal AA; 22.2% blast; 77.6 bat,1.0258360343292645,0.9697060162920053,1.16,0.72,1,0.8816800000000001,116,116 air · 75° dew · LHB,9,457,.413,0,31,10,11.8,92.9,51.8,0.177,34.1
210,647304,Josh Naylor,SEA,ATH,True,5,1B,L,projected,preview,Jeffrey Springs,L,2.41,46% hard · 29% break,0.09584348855837362,0.09476080490136618,0.09830279978920337,2.4752752823352053,0.69588576,fair,Weather not posted; Projected order,Air starter; 17.9% K,0.7837446228105177,1.1913938533078905,0.95,0.7,1,0.981812865497076,95,95 air · 58° dew · LHB,10,566,.366,0,43,10,4.5,87.3,35.9,0.114,41.5
211,681393,Connor Norby,COL,STL,True,6,3B,R,projected,preview,Matthew Liberatore,L,1.67,43% hard · 43% break,0.0958143210153155,0.09472928126388891,0.09824119068984097,2.3803224924842854,0.69588576,fair,Weather not posted; Projected order,103.9 last game; 20–30° last 3; 65.2% ideal AA; Air starter,0.9043155753635084,1.0411654690920538,1.11,0.7,1,0.8998080000000002,111,111 air · 45° dew · RHB,6,316,.350,1,43,10,6.6,86.8,35.7,0.131,40.7
212,800050,Chase DeLauter,CLE,DET,True,2,DH,L,projected,preview,Framber Valdez,L,0.9,48% hard · 33% break,0.09553703361166857,0.09442959515141225,0.09801056413056174,2.931365582581762,0.69588576,fair,Weather not posted; Projected order,100.4 last game; 18.3% blast; 17.5% K; #2,0.9472620610929947,0.897165132144957,0.96,0.72,1,0.928966679316888,96,96 air · 63° dew · LHB,13,499,.458,0,33,10,6.2,91.3,45.8,0.147,37.2
213,668930,Brice Turang,MIL,CIN,False,6,2B,L,projected,preview,Andrew Abbott,L,1.27,47% hard · 33% break,0.09518269791970967,0.09404663694761983,0.09750844019986786,2.5013005803578605,0.69588576,fair,Weather not posted; Projected order,9.4% solid; 17.7% K; 116 air,1.0160249784701696,1.0053887445126717,1.16,0.7,1,0.8,116,116 air · 75° dew · LHB,17,597,.423,1,47,10,7.3,90.2,41.2,0.168,28
214,801126,Brock Rodden,SEA,ATH,True,9,3B,S,projected,preview,Jeffrey Springs,L,2.41,46% hard · 29% break,0.09501002785877069,0.09300786553706153,0.09627976598880886,2.143226159095117,0.42614035200000006,thin,Short season sample; Weather not posted; Projected order,9.1% solid; Air starter; 17.9% K; spray vs wall,0.8767948891739366,1.2405130322696858,0.95,0.97,1,0.8,95,95 air · 58° dew · spray vs wall · switch,0,58,.306,0,30,10,3,86.6,33.3,0.07,51.5
215,807727,Charles McAdoo,TOR,KC,False,6,2B,R,projected,preview,Seth Lugo,R,1.05,51% hard · 40% break,0.09465467392810217,0.0930558424898491,0.09644030692748462,2.5426812211629666,0.5625052646400001,fair,Weather not posted; Projected order,30% pull air; 60% ideal AA; 17.8% K,0.865804331578264,0.9758712114279664,0.97,0.9304848436615734,1,0.85696,97,97 air · 68° dew · RHB,2,83,.342,0,35,10,5.3,85.4,29.8,0.103,21.1
216,693304,Nick Gonzales,PIT,LAA,True,4,DH,R,projected,preview,Yusei Kikuchi,L,1.47,47% hard · 33% break,0.09439287506012305,0.09299945668137954,0.09641269012597314,2.528078710030063,0.6346478131199998,fair,Weather not posted; Projected order,trending +7.5 brl; 100.4 last game; 21.1% pull air; 73.7% ideal AA,0.6804079138137954,1.0270667551752992,0.86,0.7355,1,1.22,86,86 air · 69° dew · pull × porch · RHB,6,549,.394,0,46,10,3,86.1,34.1,0.103,36.8
217,669720,Austin Hays,SD,NYY,True,6,DH,R,projected,preview,Carlos Rodón,L,0.76,59% hard · 26% break,0.09154985853507358,0.08940970851543861,0.09249425161473049,2.30762503416234,0.511739741952,thin,Weather not posted; Projected order,,0.9048922413387999,0.8694809068048451,0.85,0.9934848436615733,1,0.84,85,85 air · 63° dew · RHB,2,82,.316,0,27,10,3.6,85.2,38.2,0.083,49.1
218,665923,Esteury Ruiz,MIA,CHC,True,6,CF,R,projected,preview,Javier Assad,R,1.62,73% hard · 19% break,0.09053617249032775,0.08903466082326361,0.09212094612687956,2.819294889314021,0.6983999999999999,fair,Projected order,75% ideal AA; 39.8% sweet; 16.6% K,0.9883322159056288,1.078010608992922,0.9,0.7980072449144333,1,0.8240000000000001,90,90 air · 72°F · roof closed · RHB,6,210,.402,0,29,10,7.4,85.3,27.8,0.118,55.6
219,641487,J.P. Crawford,SEA,ATH,True,7,SS,L,projected,preview,Jeffrey Springs,L,2.41,46% hard · 29% break,0.09023854701882902,0.08870310765817002,0.09171628614305452,2.3062320923220696,0.69588576,fair,Weather not posted; Projected order,Air starter; 17.9% K,0.8841835987135278,1.2641679776490542,0.95,0.72,1,0.8,95,95 air · 58° dew · LHB,10,403,.349,0,39,10,5.9,88,35.9,0.12,37.1
220,683766,Christian Koss,SF,NYM,False,9,SS,R,projected,preview,Zac Thornton,L,1.03,66% hard · 30% break,0.0888888005704451,0.08719355368577231,0.09004176629598001,2.1789785058598463,0.6840500544000001,fair,Projected order,16.7% vs LHP last 10; 18.4% K,0.7172043332648871,0.9830974547203302,0.97,1.1625451782118952,1,0.8783333333333334,97,97 air · 80°F · cross RF 10 · 60° dew · RHB,1,150,.261,1,38,10,5,84.5,29.1,0.071,42.7
221,703492,Nick Morabito,NYM,SF,True,9,CF,R,projected,preview,Anthony Molina,R,1.26,49% hard · 26% break,0.0887693145192145,0.08526849754968457,0.087984113828665,2.2579442967527146,0.3,thin,Short season sample; Starter sample thin; Starter outing length thin; Projected order,71.4% sweet; 14.3% solid; 92 EV; 16.1% K,0.8750000000000001,1.0521023065024555,0.97,0.9,1,0.84,97,97 air · 80°F · cross RF 10 · 60° dew · RHB,0,20,.176,0,20,8,0,92,57.1,0.055,57.1
222,680779,Henry Davis,PIT,LAA,True,9,C,R,projected,preview,Yusei Kikuchi,L,1.47,47% hard · 33% break,0.08840023061508419,0.0862822263892028,0.08906396147239251,2.1267012845039632,0.5987243519999998,fair,Weather not posted; Projected order,100.1 last game; Air starter,1.0117891865886692,0.9840239049826351,0.85,0.9485085573989321,1,0.84,85,85 air · 69° dew · RHB,8,271,.291,0,28,10,8.3,90,39.8,0.133,53.6
223,669392,Samad Taylor,SD,NYY,True,2,LF,R,projected,preview,Carlos Rodón,L,0.76,59% hard · 26% break,0.08740931521258555,0.08501038373423042,0.08778111165867417,2.5756824876256417,0.561217341312,fair,Weather not posted; Projected order,#2,0.7445198080483568,0.8518086810064288,0.85,0.7752222222222223,1,0.84,85,85 air · 63° dew · RHB,1,117,.400,0,33,10,2.9,84.1,22.9,0.069,32.9
224,666126,Carlos Cortes,ATH,SEA,False,5,LF,L,projected,preview,George Kirby,R,1.12,53% hard · 39% break,0.08673875064830958,0.08492060490129627,0.08770733436281601,2.720073790653184,0.69588576,fair,Weather not posted; Projected order,,0.8975113600333391,0.9107424309348491,0.95,0.8116231553850568,1,0.8,95,95 air · 58° dew · LHB,8,332,.397,1,34,10,6.2,88.8,37,0.128,30.3
225,683083,Nasim Nuñez,WSH,LAD,False,9,SS,S,projected,preview,Tyler Glasnow,R,0.87,56% hard · 44% break,0.08654292005843739,0.084413107210069,0.0870636848611851,2.1267012845039632,0.6346478131199998,fair,Weather not posted; Projected order,12.5% vs RHP last 10; trending +10.9 brl; 101.1 last game; 23.5% pull air,0.5593240676752369,0.876891473669199,1.06,1.008909205648024,1,1.22,106,106 air · 59° dew · switch,1,460,.248,0,31,10,0.9,85.1,21.9,0.054,33.1
226,595978,Austin Hedges,CLE,DET,True,8,C,R,projected,preview,Framber Valdez,L,0.9,48% hard · 33% break,0.08646492613630498,0.08443452861695278,0.087123092212891,2.440593969208345,0.656496,fair,Weather not posted; Projected order,17.5% K,0.8200271208208509,0.843055330451155,0.96,0.8794661205162587,1,1.0740546549394356,96,96 air · 63° dew · RHB,5,215,.370,1,32,10,4.5,86.5,31.6,0.089,49
227,801501,Nate Furman,SF,NYM,False,8,2B,L,projected,preview,Zac Thornton,L,1.03,66% hard · 30% break,0.08607391868221306,0.08252160108503437,0.08506584473867838,2.258772084947672,0.3726629280000001,thin,Short season sample; Projected order,57.1% ideal AA; 18.4% K,0.8,0.9490049992830683,1.03,0.9,1,0.8034,103,103 air · 80°F · cross RF 10 · 60° dew · LHB,0,35,.133,0,25,10,0,80.9,16.7,0.032,45.8
228,680757,Steven Kwan,CLE,DET,True,1,CF,L,projected,preview,Framber Valdez,L,0.9,48% hard · 33% break,0.08605081252140917,0.08417709654078753,0.08694004003926768,2.9976860708754667,0.69588576,fair,Weather not posted; Projected order,trending +3.5 brl; 40.2% sweet; 17.5% K; #1,0.5388699782219812,0.862470231889805,0.96,0.72,1,1.22,96,96 air · 63° dew · LHB,2,551,.330,0,44,10,0.5,83.8,9.4,0.063,27.8
229,701675,Nathan Church,STL,COL,False,9,CF,L,projected,preview,Mason Adams,R,2,66% hard · 30% break,0.0858855623107247,0.08232178347394326,0.0848295406116253,2.150633142024233,0.3757783103999999,thin,No established starter; Weather not posted; Starter outing length thin; Projected order,111 air,0.8625765060227701,1,1.11,0.8116231553850568,1,0.78,111,111 air · 45° dew · LHB,10,399,.364,1,40,10,5.9,85.9,29.6,0.117,32.9
230,641857,Ryan McMahon,NYY,SD,False,8,3B,L,projected,preview,Robbie Ray,L,1.21,46% hard · 35% break,0.08586980305490496,0.08378636591497257,0.08642665251814581,2.3848592511615196,0.656496,fair,Weather not posted; Projected order,100.4 last game; 8.9% solid; Air starter,1.1007241504173941,1.0871882492621991,0.84,0.72,1,0.84,84,84 air · 63° dew · LHB,10,313,.364,0,27,10,9.5,91.1,48.2,0.16,40.1
231,683227,Cody Freeman,TEX,TB,True,8,3B,R,projected,preview,Drew Rasmussen,R,0.8,81% hard · 7% break,0.0850821426507826,0.08244275528403389,0.0849797628054608,2.2339983602077074,0.56405486592,fair,Weather not posted; Projected order,76% ideal AA,0.7449236225302169,0.8142648195592961,1.08,0.7,1,1.22,108,108 air · 67° dew · RHB,1,84,.356,1,39,10,1.6,83.2,20.3,0.056,40.6
232,643289,Mauricio Dubón,ATL,PHI,False,6,CF,R,projected,preview,Zack Wheeler,R,1.31,62% hard · 23% break,0.08480842408730156,0.08283435051227428,0.08543760549403451,2.466066666038394,0.69588576,fair,Weather not posted; Projected order,119 air,0.7792890423208556,0.9286782628951057,1.19,0.7204747469478268,1,0.78,119,119 air · 61° dew · RHB,11,536,.390,1,40,10,3.9,86.5,29.7,0.109,30.7
233,703520,Brett Bateman,TOR,KC,False,1,CF,L,projected,preview,Seth Lugo,R,1.05,51% hard · 40% break,0.08458349851869909,0.08208294559405893,0.08467109625208769,2.902252302943588,0.5996956953600001,fair,Weather not posted; Projected order,17.8% K; #1,0.703220095845986,0.9328641862851308,0.97,0.7,1,0.78,97,97 air · 68° dew · LHB,0,107,.394,0,46,10,0,83.6,16,0.048,30.7
234,664728,Kyle Isbel,KC,TOR,True,9,CF,L,projected,preview,Max Scherzer,R,1.89,52% hard · 32% break,0.0845482131973169,0.08243697835968422,0.08494123786489916,1.9649314595589822,0.6736174156799999,fair,Weather not posted; Projected order,4S-FB 47%; Air starter; 18.5% K,0.7899912759598615,1.1924969639667133,0.97,0.8033240337171053,1,0.78,97,97 air · 68° dew · LHB,6,272,.350,0,37,10,3.1,88.4,33.3,0.086,31.8
235,663656,Kyle Tucker,LAD,WSH,True,8,RF,L,projected,preview,Cade Cavalli,R,1,52% hard · 41% break,0.08448752252997882,0.08248752718407071,0.08502752700681293,2.2321664779604107,0.69588576,fair,Weather not posted; Projected order,,0.8653786822304858,0.9093744605355092,1.09,0.8158645252468988,1,0.8,109,109 air · 59° dew · LHB,12,545,.359,1,39,10,5.6,88.7,37.1,0.125,42.2
236,695681,Christian Moore,LAA,PIT,False,6,2B,R,projected,preview,Braxton Ashcraft,R,1.18,47% hard · 49% break,0.08421549964065927,0.08069525756121676,0.08315563252681886,2.5639792292976225,0.42614035200000006,thin,Short season sample; Weather not posted; Projected order,4S-FB 31%; pull × porch,0.8556420506565612,1.0444889407247957,0.87,0.7774534629038563,1,0.78,87,87 air · 69° dew · pull × porch · RHB,1,71,.281,1,41,10,9.5,87.6,34.9,0.101,25.6
237,696285,Jacob Young,WSH,LAD,False,8,CF,R,projected,preview,Tyler Glasnow,R,0.87,56% hard · 44% break,0.08418278808538038,0.08183157420577414,0.08432385157237172,2.204580486471714,0.6346478131199998,fair,Weather not posted; Projected order,62.5% ideal AA,0.8897712006211509,0.9439331522966704,1.02,0.769605632857645,1,0.8240000000000001,102,102 air · 59° dew · RHB,10,424,.394,0,31,10,6.1,87.7,31,0.129,38
238,814439,Ryan Waldschmidt,AZ,HOU,False,9,CF,R,projected,preview,Ethan Pecko,R,2.77,67% hard · 28% break,0.0840194086893929,0.08032127762871777,0.08269280218284449,2.1344629680240503,0.40083019776,thin,Starter sample thin; Weather not posted; Starter outing length thin; Projected order,57.1% ideal AA; 47.5% sweet; Air starter; 15.5% K,0.8665889967818335,1.1237864454928292,1.01,0.7,1,0.8240000000000001,101,101 air · 74° dew · RHB,3,259,.383,1,29,10,6.9,87.2,30.6,0.127,37.5
239,663538,Nico Hoerner,CHC,MIA,False,6,SS,R,projected,preview,Ryan Gusto,R,1.06,54% hard · 31% break,0.08398763699568952,0.08196060809991312,0.08448830323010251,2.352839573654004,0.6983999999999999,fair,Projected order,,0.6207359013006626,0.9363855347398454,0.9,0.7,1,1.22,90,90 air · 72°F · roof closed · RHB,8,607,.359,1,41,10,1.4,86,28.9,0.077,30.8
240,694497,Evan Carter,TEX,TB,True,7,CF,L,projected,preview,Drew Rasmussen,R,0.8,81% hard · 7% break,0.08385441416521186,0.08180327762163819,0.08431267851989799,2.318987428259087,0.69588576,fair,Weather not posted; Projected order,8.6% solid; 111 air,0.8762828117193866,0.8275919738053776,1.11,0.7963038808971912,1,0.78,111,111 air · 67° dew · LHB,8,400,.321,0,29,10,5.1,87.9,35.5,0.117,39.5
241,608348,Carson Kelly,CHC,MIA,False,9,C,R,projected,preview,Ryan Gusto,R,1.06,54% hard · 31% break,0.08370468834311322,0.08165495293656178,0.08411485450497977,2.1092374965837664,0.6983999999999999,fair,Projected order,102.2 last game; heart vs in-zone; 40% pull air; 70% ideal AA,0.9094031985268052,0.9616225697377969,0.9,0.7,1,1.0646124064171125,90,90 air · 72°F · roof closed · RHB,10,376,.388,3,43,10,5.5,87.3,36.6,0.135,39.9
242,680700,Richie Palacios,TB,TEX,False,8,2B,L,projected,preview,Jacob deGrom,R,1.11,44% hard · 43% break,0.08368142726767341,0.0816163171966392,0.08409274643439449,2.1931402022410498,0.69588576,fair,Weather not posted; Projected order,58.8% ideal AA; 111 air,0.7763833173691532,0.9581253508814147,1.11,0.7896636956865151,1,0.8240000000000001,111,111 air · 67° dew · LHB,7,349,.348,2,35,10,3.7,86.2,27.3,0.089,37.6
243,808982,Jung Hoo Lee,SF,NYM,False,5,RF,L,projected,preview,Zac Thornton,L,1.03,66% hard · 30% break,0.08317998042479673,0.0810881374277248,0.08357050740784475,2.516566725077569,0.6983999999999999,fair,Projected order,21.7% pull air; 18.4% K,0.7129114025581752,0.9588215092141423,1.03,0.7,1,0.8320000000000001,103,103 air · 80°F · cross RF 10 · 60° dew · LHB,9,529,.409,0,41,10,2.5,87.4,30.8,0.094,36.9
244,805367,Chase Meidroth,CWS,MIN,True,8,2B,R,projected,preview,Taj Bradley,R,1.22,71% hard · 9% break,0.08253476949997182,0.08037703476179336,0.08278504125848374,2.410117021540908,0.69588576,fair,Weather not posted; Projected order,26.1% pull air; 56.5% ideal AA; Air starter; 117 air,0.7739192023009906,1.0346458964572887,1.17,0.7124430842900991,1,0.8355360000000001,117,117 air · 70° dew · RHB,12,567,.397,0,41,10,4.2,87.3,33.9,0.098,40.5
245,666624,Christopher Morel,NYM,SF,True,7,1B,R,projected,preview,Anthony Molina,R,1.26,49% hard · 26% break,0.08232152144445569,0.07793184304769762,0.08018464517829238,2.4296752714353156,0.3323400192,thin,Starter sample thin; Starter outing length thin; Projected order,76.1 bat; 16.1% K,0.7487638362013124,1.0521023065024555,0.97,0.72,1,0.84,97,97 air · 80°F · cross RF 10 · 60° dew · RHB,0,91,.202,0,24,10,1.9,87.4,38.5,0.047,53.8
246,686555,Isaac Collins,KC,TOR,True,8,LF,S,projected,preview,Max Scherzer,R,1.89,52% hard · 32% break,0.0822332527262525,0.07992413426803413,0.08226882532871979,2.036886696106213,0.6736174156799999,fair,Weather not posted; Projected order,Air starter; 18.5% K,0.7594678926630868,1.145147795686079,0.97,0.7,1,0.8,97,97 air · 68° dew · switch,6,462,.344,0,36,10,5.3,88.4,39.7,0.089,39.7
247,640459,Brian Navarreto,MIA,CHC,True,9,C,R,projected,preview,Javier Assad,R,1.62,73% hard · 19% break,0.08208792826465452,0.07827826638066782,0.08054111197759968,2.5273981962284777,0.42768000000000006,thin,Short season sample; Projected order,16.6% K,0.826107194099032,1.06977473079203,0.9,0.9,1,0.84,90,90 air · 72°F · roof closed · RHB,1,52,.205,0,20,10,6.7,83.4,16.7,0.054,53.3
248,701162,Ben Malgeri,DET,CLE,False,7,LF,R,projected,preview,Parker Messick,L,0.78,61% hard · 15% break,0.08186415853912832,0.0788125241068165,0.08112690939169728,2.4480243815581337,0.554055552,fair,Weather not posted; Projected order,101.9 last game; 40.7% sweet,0.9815797538434938,0.8233063052619919,0.96,0.7355,1,0.84,96,96 air · 63° dew · RHB,3,99,.369,0,26,10,5.1,90.8,45.8,0.107,39
249,593428,Xander Bogaerts,SD,NYY,True,7,SS,R,projected,preview,Carlos Rodón,L,0.76,59% hard · 26% break,0.08159305595174762,0.07922513132036446,0.0815434861449795,2.226042330934378,0.6729215299199999,fair,Weather not posted; Projected order,103.1 last game; 70.6% ideal AA,0.8584813703766261,0.8697584040123635,0.85,0.7,1,0.9842812903225806,85,85 air · 63° dew · RHB,11,531,.322,0,38,10,6,89.1,41.3,0.129,43.2
250,650333,Luis Arraez,PHI,ATL,True,4,2B,L,projected,preview,Martín Pérez,L,0.89,61% hard · 8% break,0.08140667774259921,0.07915781806158428,0.0815084047123529,2.618861515636591,0.69588576,fair,Weather not posted; Projected order,39.4% sweet; 18.2% K; 122 air,0.6197422443755597,0.8671337716482972,1.22,0.7,1,0.78,122,122 air · 61° dew · LHB,6,580,.431,0,39,10,1.1,86.4,19.1,0.09,31
251,685133,Wade Meckler,LAA,PIT,False,3,RF,L,projected,preview,Braxton Ashcraft,R,1.18,47% hard · 49% break,0.08059043744434788,0.07827564354297112,0.08058327932123507,2.7970682501428605,0.69588576,fair,Weather not posted; Projected order,77.8% ideal AA; #3,0.7509569928012183,0.883707409013065,0.91,0.7,1,0.8240000000000001,91,91 air · 69° dew · LHB,3,259,.383,0,41,10,2.8,86.9,33,0.098,34.1
252,500743,Miguel Rojas,LAD,WSH,True,6,2B,R,projected,preview,Cade Cavalli,R,1,52% hard · 41% break,0.08021566514824952,0.07787059790799278,0.0801137034917856,2.402005231718268,0.69588576,fair,Weather not posted; Projected order,,0.7821262101282587,0.8816991064030092,1.02,0.72,1,0.78,102,102 air · 59° dew · RHB,3,215,.393,0,23,10,5.1,86.9,35.6,0.107,33.9
253,702332,Caleb Durbin,BOS,BAL,False,6,3B,R,projected,preview,Chris Bassitt,R,1.02,64% hard · 31% break,0.07981493268136008,0.07743749509277009,0.07968834888201526,2.6991637059305824,0.69588576,fair,Weather not posted; Projected order,68.2% ideal AA; 15.2% K,0.7520717258538101,0.9190216921305541,1.05,0.7554935581140352,1,0.8240000000000001,105,105 air · 63° dew · RHB,12,515,.381,0,40,10,2.6,83.4,25.6,0.081,39.9
254,691594,Javier Sanoja,MIA,CHC,True,4,3B,R,projected,preview,Javier Assad,R,1.62,73% hard · 19% break,0.0784156264439382,0.07594144603681863,0.07812502580990462,3.0044001093194863,0.6983999999999999,fair,Projected order,16.6% K,0.7048055034511169,1.0825585849067803,0.9,0.7,1,0.8240000000000001,90,90 air · 72°F · roof closed · RHB,7,405,.429,1,42,10,2,86.7,30.4,0.077,39
255,669743,Alex Call,LAD,WSH,True,7,DH,R,projected,preview,Cade Cavalli,R,1,52% hard · 41% break,0.07802768130527427,0.07524460277409406,0.07730349013524343,2.3170858548393394,0.6563877119999999,fair,Weather not posted; Projected order,4S-FB 33%,0.6575166421380374,0.9746761382724002,1.02,0.72,1,0.84,102,102 air · 59° dew · RHB,1,169,.331,0,23,10,1.8,83.9,16.8,0.057,36.3
256,665966,Carlos Narváez,BAL,BOS,True,8,C,R,projected,preview,Sonny Gray,R,0.94,58% hard · 37% break,0.07794909514523164,0.07515973454948699,0.07721854207875767,2.3449946662670045,0.656496,fair,Weather not posted; Projected order,55.6% ideal AA,0.8518508082966376,0.8710093870052665,1.05,0.7207500865650969,1,0.8240000000000001,105,105 air · 63° dew · RHB,3,263,.232,0,27,10,6.6,90.9,38.8,0.114,30.3
257,703601,Max Clark,DET,CLE,False,6,CF,L,projected,preview,Parker Messick,L,0.78,61% hard · 15% break,0.0774540577705995,0.07443386587555789,0.07646334913041673,2.537742552610003,0.6291381196799999,fair,Weather not posted; Projected order,101.1 last game; 38.2% sweet,0.8423996003192782,0.7673291065723579,0.96,0.7774534629038563,1,0.78,96,96 air · 63° dew · LHB,2,126,.434,1,37,10,1.1,87,39.3,0.088,38.2
258,677587,Brayan Rocchio,CLE,DET,True,9,SS,S,projected,preview,Framber Valdez,L,0.9,48% hard · 33% break,0.0765914904707038,0.07395366981906681,0.07593309821557168,2.354377334426528,0.69588576,fair,Weather not posted; Projected order,23.5% pull air; 58.8% ideal AA; 17.5% K,0.8113325074439268,0.8504238294218911,0.96,0.8877448731626363,1,0.85696,96,96 air · 63° dew · switch,12,524,.374,2,38,10,3.2,86.9,31.3,0.106,43.5
259,666152,David Hamilton,MIL,CIN,False,9,3B,L,projected,preview,Andrew Abbott,L,1.27,47% hard · 33% break,0.07655136964322501,0.07391030811327592,0.07587626217522028,2.242327540472324,0.69588576,fair,Weather not posted; Projected order,101.6 last game; 17.7% K; 116 air,0.70545518848934,0.9697060162920053,1.16,0.719637498010399,1,0.8400000000000001,116,116 air · 75° dew · LHB,4,347,.340,0,35,10,3.3,87.1,28.3,0.088,33.2
260,673490,Ha-Seong Kim,ATL,PHI,False,9,SS,R,projected,preview,Zack Wheeler,R,1.31,62% hard · 23% break,0.0763566245408414,0.0729996943435186,0.07490571911690927,2.210741581928358,0.5965964928,fair,Weather not posted; Projected order,23.1% pull air; 119 air,0.7125999594219365,0.8993378572079586,1.19,0.7,1,0.85696,119,119 air · 61° dew · RHB,0,105,.128,0,21,10,3,86.1,25,0.053,45.6
261,663968,Jake Mangum,PIT,LAA,True,7,LF,S,projected,preview,Yusei Kikuchi,L,1.47,47% hard · 33% break,0.07502540913927563,0.0718151529835388,0.07364495593925836,2.288450396283138,0.6346478131199998,fair,Weather not posted; Projected order,Air starter; pull × porch,0.615037832765092,1.0624778022236692,0.89,0.72,1,0.8,89,89 air · 69° dew · pull × porch · switch,4,423,.374,0,34,10,2,85.5,27.2,0.078,29.5
262,624428,Adam Frazier,LAA,PIT,False,8,DH,L,projected,preview,Braxton Ashcraft,R,1.18,47% hard · 49% break,0.07465961191682202,0.07113942176930632,0.07295020988687301,2.382687768640215,0.597912192,fair,Weather not posted; Projected order,,0.7632757427851217,0.9532686775192791,0.91,0.7355,1,0.84,91,91 air · 69° dew · LHB,1,129,.345,0,19,10,2.5,85.4,19,0.072,45.6
263,802415,Chandler Simpson,TB,TEX,False,6,LF,L,projected,preview,Jacob deGrom,R,1.11,44% hard · 43% break,0.07401002582257235,0.07116367974119264,0.0729471526064617,2.3600095654550426,0.69588576,fair,Weather not posted; Projected order,111 air,0.5175372142968742,0.9083809924437226,1.11,0.7,1,0.78,111,111 air · 67° dew · LHB,0,538,.363,0,41,10,0,83.6,12.6,0.037,29.1
264,675961,Alika Williams,ATH,SEA,False,9,SS,R,projected,preview,George Kirby,R,1.12,53% hard · 39% break,0.07349498765775825,0.0706070378477629,0.07238402845778992,2.355185843126537,0.69588576,fair,Weather not posted; Projected order,103.7 last game; 9.2% solid,0.8487370077825329,0.9095690553778947,0.96,0.775047139332707,1,0.78624,96,96 air · 58° dew · RHB,4,183,.444,2,31,10,0.8,85,34.1,0.077,40
265,670764,Taylor Walls,TB,TEX,False,9,SS,S,projected,preview,Jacob deGrom,R,1.11,44% hard · 43% break,0.07295649963477718,0.07002505186462782,0.07173629596546516,2.1156651407488383,0.69588576,fair,Weather not posted; Projected order,40% pull air; 75% ideal AA; 110 air,0.6377450918673296,0.911982564983131,1.1,0.7,1,0.85696,110,110 air · 67° dew · switch,2,406,.294,0,39,10,1.9,85.7,22.1,0.069,40.9
266,676391,Ernie Clement,TOR,KC,False,7,SS,R,projected,preview,Seth Lugo,R,1.05,51% hard · 40% break,0.07199198391952946,0.06898262454436888,0.07066251770218523,2.452788450717811,0.69588576,fair,Weather not posted; Projected order,17.8% K,0.6787487992420627,0.9328641862851308,0.97,0.7,1,0.78,97,97 air · 68° dew · RHB,9,553,.388,0,38,10,2.1,84.1,20.1,0.078,40.5
267,664702,Myles Straw,TOR,KC,False,9,LF,R,projected,preview,Seth Lugo,R,1.05,51% hard · 40% break,0.06941034506245393,0.06619244618530873,0.06770214792832537,2.279423822002154,0.69588576,fair,Weather not posted; Projected order,17.8% K,0.7157730490998364,0.9628334550114845,0.97,0.7,1,0.78,97,97 air · 68° dew · RHB,3,285,.350,0,27,10,3.1,86.1,26.9,0.099,35.9
268,630105,Jake Cronenworth,SD,NYY,True,9,2B,L,projected,preview,Carlos Rodón,L,0.76,59% hard · 26% break,0.06843483687269894,0.06494020085574104,0.0663403459411536,2.0687042604233095,0.6729215299199999,fair,Weather not posted; Projected order,,0.6951950584129245,0.8361899310064288,0.84,0.7486370489433811,1,0.78,84,84 air · 63° dew · LHB,4,344,.289,0,39,10,3.1,87.3,29.2,0.084,30.1
269,672724,Oswald Peraza,LAA,PIT,False,9,3B,R,projected,preview,Braxton Ashcraft,R,1.18,47% hard · 49% break,0.06777595477040423,0.06442603319123841,0.06583902752015326,2.2985167333349894,0.69588576,fair,Weather not posted; Projected order,pull × porch,0.8261924039459179,0.883707409013065,0.86,0.7,1,0.78,86,86 air · 69° dew · pull × porch · RHB,7,347,.338,0,31,10,6.5,87.1,35.3,0.11,34.4
270,656716,Zach McKinstry,DET,CLE,False,9,RF,L,projected,preview,Parker Messick,L,0.78,61% hard · 15% break,0.06510199416707593,0.06153607552425566,0.06278574857494933,2.274996480243815,0.69588576,fair,Weather not posted; Projected order,20–30° last 5,0.6698971070368673,0.7673291065723579,0.96,0.72,1,0.8240000000000001,96,96 air · 63° dew · LHB,4,385,.309,0,34,10,2.1,85.5,21.6,0.081,38.9
