rank,playerId,name,team,opponent,isHome,battingOrder,position,bats,lineupSource,gameStatus,pitcher,pitcherThrows,pitcherHr9,pitcherMixLabel,pHr,pHrRaw,xHr,expectedPa,confidence,confidenceBand,confidenceNotes,reasons,factor_batter,factor_pitcher,factor_park,factor_platoon,factor_weather,factor_form,parkHrFactor,parkAirLabel,season_hr,season_pa,season_slg,recent_hr,recent_pa,recent_games,barrelPct,evAvg,hardHitPct,xIso,pullPct
1,621566,Matt Olson,ATL,COL,True,3,1B,L,projected,preview,Tomoyuki Sugano,R,1.92,51% hard · 27% break,0.1747265554481444,0.19564300000000012,0.18602298999981903,3,0.69588576,fair,Weather not posted; Projected order,25% vs RHP last 10; 4S-FB 20%; 106.4 last game; 5× 100+ last 3,1.7101799106411453,1.3911530230752052,1.1,1.42,1,1.22,110,110 air · 70° dew · LHB,37,582,.535,1,41,10,15.8,92.7,50.3,0.274,38.8
2,686948,Drake Baldwin,ATL,COL,True,1,C,L,projected,preview,Tomoyuki Sugano,R,1.92,51% hard · 27% break,0.1610833316175214,0.16883337177722357,0.17060099889044955,3,0.69588576,fair,Weather not posted; Projected order,20% vs RHP last 10; tank last game; 20–30° last 5; 20.8% pull air,1.3769597248948913,1.2618075854872797,1.1,1.42,1,1.103877407455481,110,110 air · 70° dew · LHB,22,491,.456,2,43,10,13.3,91.8,52.1,0.225,31.6
3,665953,Andrés Chaparro,WSH,MIA,True,3,1B,R,projected,preview,Eury Pérez,R,0.92,55% hard · 36% break,0.1605735875778456,0.16810838818782725,0.17002804676798,3,0.68027496192,fair,Weather not posted; Projected order,21.1% vs RHP last 10; 4S-FB 39%; 3 tanks last 10; 105.9 last game,1.4769322352084195,1.0964580809535736,1.06,1.42,1,1.22,106,106 air · 71° dew · RHB,9,159,.529,,,,14.7,89.4,47.1,0.241,52
4,700250,Ben Rice,NYY,BOS,True,2,DH,L,projected,preview,Patrick Sandoval,L,1.13,41% hard · 35% break,0.16000377526749746,0.16789326051206144,0.16938785242518228,3,0.62908072704,fair,Weather not posted; Projected order,Slider 27%; 109.2 last game; 20.8% pull air; 75% ideal AA,1.6437410785617663,1.0500767698979647,1.23,1.3628326595965934,1,1.0255330526315791,123,123 air · 67° dew · pull × porch · LHB,35,550,.531,3,46,10,15,92.2,48.7,0.246,46.9
5,695506,Jac Caglianone,KC,CLE,False,3,RF,L,projected,preview,Tanner Bibee,R,1.5,69% hard · 16% break,0.1584635687391378,0.16504402905727578,0.16765885045880968,3,0.69588576,fair,Weather not posted; Projected order,33.3% vs RHP last 10; Cutter 24%; tank last game; 4× 100+ last 3,1.486323234539092,1.1779081528814606,0.95,1.42,1,1.22,95,95 air · 55° dew · LHB,23,479,.500,2,40,10,14.7,93.2,55,0.234,45
6,656941,Kyle Schwarber,PHI,LAA,False,1,DH,L,projected,preview,Reid Detmers,L,1.03,47% hard · 43% break,0.15486295491655383,0.16115256502094377,0.16362509501680822,3,0.69588576,fair,Weather not posted; Projected order,Slider 32%; tank last game; 24% pull air; 84% ideal AA,1.8272535870094946,1.0773285833035215,0.85,1.38,1,1.1978290055865926,85,85 air · 67° dew · LHB,40,573,.531,3,47,10,17.9,92.7,51,0.264,54.8
7,681715,Heriberto Hernández,MIA,WSH,False,3,LF,R,projected,preview,Jackson Kent,L,0.73,44% hard · 33% break,0.15159195039676132,0.16252657073695065,0.1599705195776827,3,0.40083019776,thin,Starter sample thin; Weather not posted; Starter outing length thin; Projected order,30% vs LHP last 10; 4S-FB 41%; 103.1 last game; 29.2% pull air,1.458135202987968,1.0481001436808632,1.06,1.42,1,1.22,106,106 air · 71° dew · RHB,20,377,.460,3,44,10,13.1,91.5,48.3,0.23,47.5
8,671277,Luis García Jr.,NYY,BOS,True,3,1B,L,projected,preview,Patrick Sandoval,L,1.13,41% hard · 35% break,0.14997635285201197,0.15690976073004403,0.1581689355193694,3,0.62908072704,fair,Weather not posted; Projected order,Slider 27%; 3 tanks last 10; 105.5 last game; 26.9% pull air,1.4735608037049703,1.0793789946529004,1.22,1.116236813544606,1,1.22,122,122 air · 67° dew · LHB,28,457,.557,4,42,10,12.6,91.6,46.2,0.221,42.3
9,694192,Jackson Chourio,MIL,TEX,True,1,LF,R,projected,preview,Cody Bradford,L,0.44,50% hard · 14% break,0.14236794917020054,0.1519504001289299,0.14971520759540013,3,0.40083019776,thin,Starter sample thin; Weather not posted; Starter outing length thin; Projected order,4S-FB 50%; tank last game; 6× 100+ last 3; 66.7% ideal AA,1.3328929419886018,1.1844089350883444,1.16,1.186224318483907,1,1.1515449110581333,116,116 air · 59° dew · RHB,19,447,.477,2,45,10,13.3,91.9,47.7,0.22,28.9
10,681508,Mickey Gasper,BOS,NYY,False,5,DH,S,projected,preview,Cam Schlittler,R,0.8,90% hard · 10% break,0.14190773897053371,0.14751379774788287,0.14920547245711768,3,0.66942775296,fair,Weather not posted; Projected order,29.4% vs RHP last 10; 4S-FB 44%; 66.7% ideal AA; 27.8% barrels last 10,1.0821700451357692,1.048437051968374,1.21,1.42,1,1.22,121,121 air · 67° dew · switch,5,152,.466,5,37,10,9,88.8,37.8,0.183,42.3
11,699013,Esmerlyn Valdez,PIT,STL,False,4,RF,R,projected,preview,Quinn Mathews,L,0.64,47% hard · 36% break,0.13979811459339697,0.1493425988147531,0.14687115323418276,3,0.378141696,thin,Starter sample thin; Weather not posted; Starter outing length thin; Projected order,4S-FB 43%; 25% pull air; 87.5% ideal AA; 25% barrels last 10,1.7234101379364257,0.9987755048090289,0.87,1.38,1,1.175251554030875,87,87 air · 64° dew · RHB,15,251,.536,1,42,10,21.2,91.9,48.3,0.248,37.3
12,665487,Fernando Tatis Jr.,SD,TB,False,1,RF,R,projected,preview,Shane McClanahan,L,0.67,38% hard · 33% break,0.1386803636610193,0.14366277717127662,0.14563589781593744,3,0.69588576,fair,Weather not posted; Projected order,42.9% vs LHP last 10; Changeup 29%; 3 tanks last 10; 103.6 last game,1.2207461967394644,1.0751092160892977,1,1.42,1,1.22,100,100 air · roof closed · RHB,17,582,.446,4,45,10,12.5,92.9,54.2,0.19,34.7
13,665019,Kody Clemens,MIN,CWS,True,5,2B,L,projected,preview,Luis Castillo,R,1.6,61% hard · 25% break,0.13749126092782993,0.14237762115352026,0.1443229623017488,3,0.69588576,fair,Weather not posted; Projected order,14.3% vs RHP last 10; 4S-FB 43%; 31.8% pull air; 90.9% ideal AA,1.3349844737798957,1.1650774050331507,0.88,1.379278702501616,1,1.1861180076628353,88,88 air · 57° dew · LHB,21,472,.460,1,39,10,11.6,92.3,45.9,0.196,46.5
14,660271,Shohei Ohtani,LAD,DET,False,1,DH,L,projected,preview,Drew Anderson,R,1.44,41% hard · 30% off,0.13379878308551563,0.1383868725099996,0.14025362671418584,3,0.69588576,fair,Weather not posted; Projected order,14.3% vs RHP last 10; Changeup 30%; 61.9% ideal AA; 21.2% blast,1.6171876857997223,1.1453002733711424,0.97,1.399316079139509,1,0.8487200000000001,97,97 air · 56° dew · LHB,30,568,.542,3,47,10,16.3,93.5,52,0.278,47.7
15,624413,Pete Alonso,BAL,ATH,False,2,DH,R,projected,preview,,,,,0.13348498767733022,0.14154278949996302,0.1399083386056459,3,0.4175314559999999,thin,No established starter; Weather not posted; Projected order,106.7 last game; 5× 100+ last 3; 69.2% ideal AA; 15.4% barrels last 10,1.575885345973187,1,1.17,1,1,1.2023871918439721,117,117 air · 56° dew · RHB,32,580,.512,5,42,10,14.1,94.2,56.8,0.266,34.5
16,673357,Luis Robert Jr.,NYM,HOU,True,4,LF,R,projected,preview,Hunter Brown,R,1.21,63% hard · 28% break,0.1333775963463274,0.1379316631682339,0.1397901885609274,3,0.69588576,fair,Weather not posted; Projected order,36.4% vs RHP last 10; 4S-FB 33%; 104.2 last game; 55% ideal AA,1.187873300016041,1.0740266685838387,0.96,1.42,1,1.22,96,96 air · 69° dew · RHB,10,209,.418,4,38,10,8.8,89.7,40.1,0.182,46.7
17,663728,Cal Raleigh,SEA,TOR,False,4,DH,S,projected,preview,Dylan Cease,R,0.56,45% hard · 43% break,0.13225624700946548,0.13671973352746192,0.1385570824943967,3,0.69588576,fair,Weather not posted; Projected order,50% vs RHP last 10; 4S-FB 37%; tank last game; 4× 100+ last 3,1.316445148637603,0.9352515367824537,0.98,1.42,1,1.22,98,98 air · switch,18,416,.342,6,36,10,13.7,89.5,37.2,0.2,54.4
18,682829,Elly De La Cruz,CIN,CHC,False,2,SS,S,projected,preview,David Peterson,L,0.91,54% hard · 33% break,0.13171666317907216,0.13613656321983503,0.13796410082769295,3,0.69588576,fair,Weather not posted; Projected order,Slider 23%; 112.1 last game; 4× 100+ last 3; 62.1% ideal AA,1.3632445529246207,1.0302092684218123,1.02,1.2703258113794118,1,1.140365750127313,102,102 air · 61° dew · switch,21,516,.475,1,47,10,13.7,93.9,51.2,0.2,34.1
19,691718,Pete Crow-Armstrong,CHC,CIN,True,1,CF,L,projected,preview,Rhett Lowder,R,1.26,50% hard · 30% break,0.13006576858291352,0.13435231273775594,0.13615135606553552,3,0.69588576,fair,Weather not posted; Projected order,Slider 27%; 40% pull air; 68% ideal AA; 38.4% sweet,1.4732740684047019,1.1684884210691953,1.02,1.348597782782556,1,0.85696,102,102 air · 61° dew · LHB,33,597,.550,6,47,10,12.3,90,48.5,0.22,50.1
20,813841,Jonah Cox,SF,AZ,True,4,CF,R,projected,preview,Kohl Drake,L,1.62,57% hard · 26% break,0.12976741447816623,0.13878854154352016,0.1355841133767801,2.7857142857142847,0.3,thin,Short season sample; Starter sample thin; Weather not posted; Starter outing length thin; Projected order,25% vs LHP last 10; 16.3% vs hard; 20–30° last 3; 63.6% ideal AA,1.35060584559942,1.388505539029623,0.78,1.42,1,1.1598146318840579,78,78 air · 57° dew · RHB,3,59,.537,,,,13.8,91.7,44.8,0.2,13.8
21,695734,Daylen Lile,WSH,MIA,True,4,LF,L,projected,preview,Eury Pérez,R,0.92,55% hard · 36% break,0.1296346336528205,0.13388635161058915,0.13567833131443818,3,0.69588576,fair,Weather not posted; Projected order,13.8% vs RHP last 10; 4S-FB 39%; 3 tanks last 10; 30% pull air,1.0923949742739798,1.0293956809137037,1.06,1.387292850479793,1,1.22,106,106 air · 71° dew · LHB,18,556,.424,3,44,10,8.8,88.5,37.1,0.175,41.8
22,545361,Mike Trout,LAA,PHI,True,2,DH,R,projected,preview,Andrew Painter,R,1.66,42% hard · 42% break,0.1284715493792261,0.13262931577033132,0.13440301837886637,3,0.69588576,fair,Weather not posted; Projected order,20% vs RHP last 10; 20–30° last 5; 17.4% barrels last 10; 16.1% barrels,1.4279922645565044,1.0886764818147021,0.85,1.42,1,1.0581039399026355,85,85 air · 67° dew · RHB,20,513,.434,0,43,10,16.1,89.9,45.6,0.245,36.2
23,668709,JJ Bleday,CIN,CHC,False,4,LF,L,projected,preview,David Peterson,L,0.91,54% hard · 33% break,0.12705141381737603,0.13109446456496388,0.1328473882403175,3,0.69588576,fair,Weather not posted; Projected order,Sinker 30%; 18.2% pull air; 77.3% ideal AA; 13.6% barrels last 10,1.3036885161394465,1.001418461910873,1.02,1.1982777951962527,1,1.22,102,102 air · 61° dew · LHB,21,442,.436,1,43,10,10.1,88.8,40.5,0.192,45
24,680777,Ryan Jeffers,MIN,CWS,True,4,C,R,projected,preview,Luis Castillo,R,1.6,61% hard · 25% break,0.12674614929946174,0.13076454140420146,0.13251321890069812,3,0.69588576,fair,Weather not posted; Projected order,28.6% vs RHP last 10; 104.7 last game; 55% ideal AA; 20% barrels last 10,1.1918127777858354,1.09032573108922,0.88,1.42,1,1.19377,88,88 air · 57° dew · RHB,10,282,.473,0,38,10,11.3,88.9,40,0.185,36.9
25,808959,Munetaka Murakami,CWS,MIN,False,2,1B,L,projected,preview,Dean Kremer,R,2.15,58% hard · 15% break,0.1262189899706377,0.13049170402554267,0.131936327338663,3,0.6673544438399999,fair,Weather not posted; Projected order,4S-FB 25%; 24.0% blast; 19.7% barrels; 94 EV,1.8199185521184131,1.2651582193862376,0.88,1.1916603019364256,1,0.8,88,88 air · 57° dew · LHB,29,429,.503,1,46,10,19.7,94,58.2,0.277,43.3
26,665161,Jeremy Peña,HOU,NYM,False,1,SS,R,projected,preview,Christian Scott,R,1.01,68% hard · 29% break,0.12461469231312572,0.1284609096858289,0.1301821064550872,3,0.69588576,fair,Weather not posted; Projected order,25% vs RHP last 10; 4S-FB 48%; tank last game; 4× 100+ last 3,1.0848045959962298,1.0426441915113853,0.96,1.42,1,1.22,96,96 air · 69° dew · RHB,16,363,.477,3,41,10,6.3,88.5,40,0.145,47.5
27,650489,Willi Castro,COL,ATL,False,3,3B,S,projected,preview,Grant Holmes,R,1.38,49% hard · 44% break,0.12358601610608594,0.1273491391205943,0.12905842687500757,3,0.69588576,fair,Weather not posted; Projected order,4S-FB 29%; 28.6% pull air; 57.1% ideal AA; 18.9% K,1.0657665840060209,1.1858819585011908,1.09,1.1540202028391269,1,1.165967091222031,109,109 air · 70° dew · switch,15,460,.425,2,40,10,8.3,87.7,40.5,0.159,44.3
28,671739,Michael Harris II,ATL,COL,True,5,CF,L,projected,preview,Tomoyuki Sugano,R,1.92,51% hard · 27% break,0.12228442384359013,0.1259424068996322,0.12710209991875115,2.5103448275862057,0.69588576,fair,Weather not posted; Projected order,17.6% vs RHP last 10; 4S-FB 20%; 20.9% blast; 75 bat,1.2422461426925713,1.3305356472832164,1.1,1.42,1,0.9327131782945737,110,110 air · 70° dew · LHB,21,512,.487,1,41,10,10.8,90.4,48.2,0.189,37.2
29,592626,Joc Pederson,TEX,MIL,False,1,1B,L,projected,preview,Logan Henderson,R,1.3,64% hard · 3% break,0.12179769805598788,0.12552146393792618,0.1271070398933256,3,0.68475158784,fair,Weather not posted; Projected order,101.8 last game; 71.4% ideal AA; 18.2% blast; 8.3% solid,1.419495448627449,1.0068714067643931,1.16,1.2277153270977943,1,0.8887229729729731,116,116 air · 59° dew · LHB,23,396,.482,,,,11.1,92.2,50.6,0.201,42.3
30,695600,Carter Jensen,KC,CLE,False,1,C,L,projected,preview,Tanner Bibee,R,1.5,69% hard · 16% break,0.12078423536583952,0.12432103626769464,0.12600233978189135,3,0.69588576,fair,Weather not posted; Projected order,Cutter 24%; tank last game; 20–30° last 5; 16.7% barrels last 10,1.1771086013167436,1.1501447982011839,0.95,1.1343198729871473,1,1.22,95,95 air · 55° dew · LHB,18,497,.410,2,43,10,10.4,90.9,43.6,0.164,39.3
31,677594,Julio Rodríguez,SEA,TOR,False,3,CF,R,projected,preview,Dylan Cease,R,0.56,45% hard · 43% break,0.11826260909940214,0.12159571819349224,0.12325738193486246,3,0.69588576,fair,Weather not posted; Projected order,21.4% vs RHP last 10; 4S-FB 37%; 101.6 last game; 16.7% barrels last 10,1.1769301441549904,0.9032515773402374,0.98,1.42,1,1.159,98,98 air · RHB,20,534,.408,1,45,10,9.5,89.9,43,0.189,39.5
32,691406,Junior Caminero,TB,SD,True,3,3B,R,projected,preview,Casey Mize,R,0.86,45% hard · 32% break,0.1179146901478217,0.12121969506123031,0.12287906004743254,3,0.69588576,fair,Weather not posted; Projected order,Slider 27%; 110.4 last game; 5× 100+ last 3; 64.5% ideal AA,1.5220142381300783,1.0256998022819446,1,1.2339537694637257,1,0.8854271400000001,100,100 air · roof closed · RHB,35,579,.531,0,41,10,12.9,93.1,50.5,0.221,46.9
33,521692,Salvador Perez,KC,CLE,False,5,DH,R,projected,preview,Tanner Bibee,R,1.5,69% hard · 16% break,0.11781773972614581,0.1211149131829593,0.12277365532582463,3,0.69588576,fair,Weather not posted; Projected order,Sinker 22%; 100.9 last game; 14.3% barrels last 10; Platoon,1.1081199667196104,1.1761653334348565,0.95,1.1275072022797117,1,1.22,95,95 air · 55° dew · RHB,17,522,.370,1,42,10,9.9,88.7,41.9,0.179,39.8
34,695720,Tommy White,ATH,BAL,True,5,1B,R,projected,preview,Brandon Young,R,1.17,54% hard · 27% break,0.11756390264812566,0.1212416717397995,0.1224977196442043,3,0.64928293632,fair,Weather not posted; Projected order,18.2% vs RHP last 10; 4S-FB 40%; 105.4 last game; 89.7% ideal AA,0.8748030562052949,1.0486868138044114,1.17,1.3315599927845914,1,1.19377,117,117 air · 56° dew · RHB,2,139,.343,2,42,10,8.8,85.7,32.7,0.134,27.4
35,608324,Alex Bregman,CHC,CIN,True,3,DH,R,projected,preview,Rhett Lowder,R,1.26,50% hard · 30% break,0.11699685394265183,0.12022771792631537,0.1218814957729979,3,0.69588576,fair,Weather not posted; Projected order,15% vs RHP last 10; Slider 27%; 28.6% pull air; 89.3% ideal AA,0.9286597223921826,1.1358542473221294,1.02,1.28156257673735,1,1.22,102,102 air · 61° dew · RHB,19,599,.412,3,46,10,5.1,88.1,37.4,0.127,46.9
36,545341,Randal Grichuk,CWS,MIN,False,3,DH,R,projected,preview,Dean Kremer,R,2.15,58% hard · 15% break,0.11606782308779898,0.11977541000202752,0.12087246815040953,3,0.6295796639999999,fair,Weather not posted; Projected order,4S-FB 25%; 108.2 last game; 37.5% pull air; 25% barrels last 10,1.365520721371956,1.2007579087099942,0.88,0.9495677510380416,1,1.22,88,88 air · 57° dew · RHB,11,207,.556,,,,12.6,90.9,47.4,0.202,46.1
37,678246,Miguel Vargas,CWS,MIN,False,1,3B,R,projected,preview,Dean Kremer,R,2.15,58% hard · 15% break,0.11582716699461354,0.1191977640391485,0.12061120500114364,3,0.6673544438399999,fair,Weather not posted; Projected order,4S-FB 25%; 103 last game; 30.4% pull air; 65.2% ideal AA,1.5117776014213913,1.2440559085142677,0.88,1.0325962732754943,1,0.9701657737185461,88,88 air · 57° dew · RHB,29,578,.497,1,45,10,14.5,90.7,45.9,0.254,45.5
38,686469,Vinnie Pasquantino,KC,CLE,False,4,1B,L,projected,preview,Tanner Bibee,R,1.5,69% hard · 16% break,0.11393397760039237,0.11691742870316257,0.11855755590054484,3,0.69588576,fair,Weather not posted; Projected order,15% vs RHP last 10; 24.2% pull air; 75.8% ideal AA; 15.2% barrels last 10,0.9701861849125792,1.1222323442964377,0.95,1.2718866363748327,1,1.22,95,95 air · 55° dew · LHB,9,380,.384,3,44,10,7.7,89.5,41.2,0.162,44.2
39,670541,Yordan Alvarez,HOU,NYM,False,2,DH,L,projected,preview,Christian Scott,R,1.01,68% hard · 29% break,0.11387882528722859,0.1168578212990441,0.11849777295175745,3,0.69588576,fair,Weather not posted; Projected order,4S-FB 48%; 4× 100+ last 3; 55% ideal AA; 22.4% blast,1.8259175773557241,1.0485250506656276,0.96,1.0515,1,0.8297680000000002,96,96 air · 69° dew · LHB,36,580,.609,0,41,10,17,94.5,53.4,0.337,41.5
40,646240,Rafael Devers,SF,AZ,True,2,1B,L,projected,preview,Kohl Drake,L,1.62,57% hard · 26% break,0.11333803951834466,0.1186649235041688,0.11791171371128095,3,0.40083019776,thin,Starter sample thin; Weather not posted; Starter outing length thin; Projected order,4S-FB 44%; 105.5 last game; 4× 100+ last 3; 60.7% ideal AA,1.3945394072101016,1.370655539029623,0.78,0.904686052517095,1,1.22,78,78 air · 57° dew · LHB,29,568,.486,4,43,10,11,92.7,50.4,0.218,32.8
41,686797,Brooks Lee,MIN,CWS,True,2,3B,S,projected,preview,Luis Castillo,R,1.6,61% hard · 25% break,0.11285418586190842,0.1157504135984927,0.11738755477504448,3,0.69588576,fair,Weather not posted; Projected order,4S-FB 43%; tank last game; 74.1% ideal AA; Air starter,0.9550363306240661,1.1744210652840987,0.88,1.3105592161514235,1,1.22,88,88 air · 57° dew · switch,21,512,.437,4,38,10,4.1,87.9,32.8,0.115,43
42,641355,Cody Bellinger,NYY,BOS,True,4,LF,L,projected,preview,Patrick Sandoval,L,1.13,41% hard · 35% break,0.11224373217368876,0.1155922027501759,0.11672652179244669,3,0.62908072704,fair,Weather not posted; Projected order,16.7% vs LHP last 10; 4S-FB 20%; 101.8 last game; 21.4% pull air,0.9490297010689164,1.00083612886197,1.22,1.1137346243768809,1,1.22,122,122 air · 67° dew · LHB,12,452,.421,1,42,10,6.5,89.1,37.5,0.146,42.3
43,606192,Teoscar Hernández,LAD,DET,False,5,LF,R,projected,preview,Drew Anderson,R,1.44,41% hard · 30% off,0.1122333348334768,0.11507941149493262,0.11671526560298351,3,0.69588576,fair,Weather not posted; Projected order,16.7% vs RHP last 10; 4S-FB 40%; 25% pull air; 68.8% ideal AA,1.0315172307209373,1.0664224360983945,0.97,1.2004962608810672,1,1.22,97,97 air · 56° dew · RHB,11,378,.388,0,40,10,8.8,89.4,42.9,0.161,34.2
44,547180,Bryce Harper,PHI,LAA,False,3,RF,L,projected,preview,Reid Detmers,L,1.03,47% hard · 43% break,0.1115343944160005,0.11432401210133813,0.11595879220456728,3,0.69588576,fair,Weather not posted; Projected order,14.3% vs LHP last 10; 4S-FB 45%; 106.4 last game; 4× 100+ last 3,1.3472192007368822,1.0920392054268802,0.85,1.0130616185543657,1,1.22,85,85 air · 67° dew · LHB,27,571,.507,2,43,10,11.5,90.4,45,0.232,38.3
45,680574,Matt McLain,CIN,CHC,False,7,2B,R,projected,preview,David Peterson,L,0.91,54% hard · 33% break,0.1114725781488475,0.11425720244266901,0.11589190665637794,3,0.69588576,fair,Weather not posted; Projected order,14.3% vs LHP last 10; 68% ideal AA; 12% barrels last 10; 38.2% sweet,1.1107999031786553,0.958542461611329,1.02,1.2400439739760882,1,1.1465158371040725,102,102 air · 61° dew · RHB,13,410,.350,2,40,10,10.2,88.1,36.9,0.163,36.5
46,687952,Christian Encarnacion-Strand,BAL,ATH,False,5,3B,R,projected,preview,,,,,0.11029066095215656,0.1154148987693766,0.11445539332709942,2.8000000000000007,0.37004478566399995,thin,No established starter; Weather not posted; Projected order,104.8 last game; 6× 100+ last 3; 36.8% pull air; 63.2% ideal AA,1.6149636867213308,1,1.17,1,1,0.9268022400000002,117,117 air · 56° dew · RHB,7,118,.527,2,40,10,17.3,92.9,44.4,0.296,44.4
47,665833,Oneil Cruz,PIT,STL,False,5,CF,L,projected,preview,Quinn Mathews,L,0.64,47% hard · 36% break,0.11019142950430257,0.11505704406790118,0.11418147845841826,2.6153846153846168,0.40083019776,thin,Starter sample thin; Weather not posted; Starter outing length thin; Projected order,4S-FB 43%; 100.8 last game; 35.7% barrels last 10; 78.3 bat,1.5919817343155782,1.0505628998449494,0.87,1.1312604178351298,1,1.17852,87,87 air · 64° dew · LHB,17,314,.486,,,,18.3,95.8,57.8,0.248,41.6
48,608369,Corey Seager,TEX,MIL,False,2,DH,L,projected,preview,Logan Henderson,R,1.3,64% hard · 3% break,0.11000058335442958,0.11274372533966515,0.11430011565873832,3,0.68475158784,fair,Weather not posted; Projected order,4S-FB 46%; 18.5% pull air; 59.3% ideal AA; 18.7% blast,1.3832025734583875,1.094689126925571,1.16,1.0030919821312856,1,0.85696,116,116 air · 59° dew · LHB,13,314,.412,1,44,10,14.3,91.6,48,0.22,42.9
49,605137,Josh Bell,MIN,CWS,True,3,DH,S,projected,preview,Luis Castillo,R,1.6,61% hard · 25% break,0.10818181013758711,0.11070061292801192,0.1123357463786484,3,0.69588576,fair,Weather not posted; Projected order,106.5 last game; 18.2% pull air; 81.8% ideal AA; Air starter,1.1203503824046026,1.1474931280258371,0.88,1.1814157674771089,1,1.095502394557823,88,88 air · 57° dew · switch,17,521,.423,1,42,10,9.8,89.7,41.6,0.188,41.3
50,694212,Samuel Basallo,BAL,ATH,False,4,C,L,projected,preview,,,,,0.10770265614177828,0.11208250871485725,0.11181867979995985,3,0.4175314559999999,thin,No established starter; Weather not posted; Projected order,68.8% ideal AA; 12.5% barrels last 10; 18.6% blast; 12.9% barrels,1.3711267482579235,1,1.17,1,1,0.9319290956072351,117,117 air · 56° dew · LHB,17,340,.434,,,,12.9,90.7,44.5,0.212,42.7
51,691023,Jordan Walker,STL,PIT,True,3,RF,R,projected,preview,Jared Jones,R,1.46,47% hard · 41% break,0.10750275326282235,0.10996670322900548,0.11093723280662907,2.276190476190475,0.69588576,fair,Weather not posted; Projected order,20% vs RHP last 10; 4S-FB 47%; 102 last game; 20% barrels last 10,1.41122604318421,1.153750728508954,0.87,1.42,1,1.11264,87,87 air · 64° dew · RHB,27,560,.502,3,44,10,13.5,92.4,48,0.211,38.5
52,672960,Kazuma Okamoto,TOR,SEA,True,5,3B,R,projected,preview,,,,,0.10709455427810426,0.11138765876984436,0.11101390195710092,2.8000000000000007,0.4175314559999999,thin,No established starter; Weather not posted; Projected order,3 tanks last 10; 100.2 last game; 20–30° last 5; 40.7% pull air,1.3799908159495822,1,0.98,1,1,1.22,98,98 air · RHB,26,531,.435,2,42,10,12.8,90.4,43,0.21,50.8
53,683737,Michael Busch,CHC,CIN,True,4,1B,L,projected,preview,Rhett Lowder,R,1.26,50% hard · 30% break,0.10588268245341637,0.10821576641607333,0.10985638761747585,3,0.69588576,fair,Weather not posted; Projected order,Sinker 29%; 35.7% pull air; 71.4% ideal AA; 21.4% barrels last 10,1.0546675083806814,1.0881453129207588,1.02,0.9869681556344363,1,1.22,102,102 air · 61° dew · LHB,16,592,.394,2,44,10,9.2,88.3,39.9,0.168,38.6
54,682987,Spencer Jones,NYY,BOS,True,6,RF,L,projected,preview,Patrick Sandoval,L,1.13,41% hard · 35% break,0.1056301513123791,0.1083502724050438,0.10857741507867047,2,0.62908072704,fair,Weather not posted; Projected order,Changeup 25%; 35% pull air; 55% ideal AA; 20% barrels last 10,1.3886476286435387,1.0793789946529004,1.22,1.1991168666147995,1,1.22,122,122 air · 67° dew · LHB,7,189,.418,2,38,10,15.7,94.9,57.4,0.221,32.4
55,679822,Justin Foscue,TEX,MIL,False,7,2B,R,projected,preview,Logan Henderson,R,1.3,64% hard · 3% break,0.10538959189742467,0.10774944961997235,0.10832306341428866,2,0.68475158784,fair,Weather not posted; Projected order,25% vs RHP last 10; Changeup 33%; 4× 100+ last 3; 31.6% pull air,1.2760049278436765,1.0336630941457035,1.16,1.42,1,1.22,116,116 air · 59° dew · RHB,9,193,.477,,,,10.9,89.2,41.4,0.201,46.1
56,701398,Sal Stewart,CIN,CHC,False,3,1B,R,projected,preview,David Peterson,L,0.91,54% hard · 33% break,0.10465398746709118,0.10688781996402241,0.10853311623913764,3,0.69588576,fair,Weather not posted; Projected order,66.7% ideal AA; 13.1% barrels; xSLG 0.474; Platoon,1.369971698099457,0.9452660858306461,1.02,1.2737045671713236,1,0.8206226578764746,102,102 air · 61° dew · RHB,28,581,.472,2,45,10,13.1,90.1,38.6,0.218,32.7
57,677800,Wilyer Abreu,BOS,NYY,False,3,RF,L,projected,preview,Cam Schlittler,R,0.8,90% hard · 10% break,0.10427209219698205,0.10647507597577421,0.1081220719612308,3,0.69588576,fair,Weather not posted; Projected order,18.2% pull air; 59.1% ideal AA; 16.0% blast; 12.7% barrels,1.309671065661034,0.9386755735661637,1.22,1.0672462732754944,1,0.85696,122,122 air · 67° dew · LHB,22,568,.458,0,47,10,12.7,89.9,44.3,0.224,36.9
58,664983,Jake McCarthy,COL,ATL,False,1,DH,L,projected,preview,Grant Holmes,R,1.38,49% hard · 44% break,0.10313098907885604,0.1052417968837257,0.10689456727703206,3,0.69588576,fair,Weather not posted; Projected order,104.6 last game; 19.4% pull air; 58.1% ideal AA; 38.7% sweet,0.8548117303036107,1.0915550441253459,1.1,1.0742844481353608,1,1.22,110,110 air · 70° dew · LHB,13,471,.475,0,45,10,5,84.9,27.3,0.128,38.1
59,680869,Zack Gelof,ATH,BAL,True,2,LF,R,projected,preview,Brandon Young,R,1.17,54% hard · 27% break,0.1029784603371606,0.1050769471825187,0.10673056833097072,3,0.69588576,fair,Weather not posted; Projected order,4S-FB 40%; 69.6% ideal AA; 8.1% solid; 18.7% K,1.157382993103718,1.1357283172611854,1.17,1.0858720358579101,1,0.8034,117,117 air · 56° dew · RHB,14,316,.453,0,43,10,8.1,88.9,42.4,0.171,38.1
60,553993,Eugenio Suárez,CIN,CHC,False,5,DH,R,projected,preview,David Peterson,L,0.91,54% hard · 33% break,0.10278857463137514,0.10487172289813618,0.10652642914275023,3,0.69588576,fair,Weather not posted; Projected order,4S-FB 24%; 100.5 last game; 58.8% ideal AA; Platoon,1.239332869952315,1.0191111075925439,1.02,1.1997756909286106,1,0.8652000000000001,102,102 air · 61° dew · RHB,19,410,.410,1,39,10,10.6,88.6,34.8,0.147,49.3
61,682928,CJ Abrams,WSH,MIA,True,1,DH,L,projected,preview,Eury Pérez,R,0.92,55% hard · 36% break,0.10197307885178783,0.1039903530388806,0.10565004672911726,3,0.69588576,fair,Weather not posted; Projected order,103.7 last game; 76.5% ideal AA; Platoon; #1,1.3197393688577295,0.9385096589798032,1.06,1.1607559946552524,1,0.8652000000000001,106,106 air · 71° dew · LHB,29,552,.519,0,44,10,9.9,89.4,41,0.186,44.1
62,695681,Christian Moore,LAA,PHI,True,4,2B,R,projected,preview,Andrew Painter,R,1.66,42% hard · 42% break,0.10196257840212203,0.10547317045463167,0.10563876575419007,3,0.42614035200000006,thin,Short season sample; Weather not posted; Projected order,4S-FB 32%; 101.1 last game; 27.3% barrels last 10; 19% barrels,1.2477507944219224,1.2288415095860805,0.85,0.9,1,1.1510652631578948,85,85 air · 67° dew · RHB,1,43,.270,1,39,10,19,91.2,40.9,0.13,22.7
63,694249,Cole Carrigg,COL,ATL,False,2,CF,S,projected,preview,Grant Holmes,R,1.38,49% hard · 44% break,0.10114542171635404,0.10309583945434886,0.10476113728656111,3,0.69588576,fair,Weather not posted; Projected order,101 last game; 60% ideal AA; 9.4% solid; 18.9% K,0.923396069486035,1.04996444095974,1.09,1.0080045397950212,1,1.22,109,109 air · 70° dew · switch,6,259,.448,1,46,10,5.3,86.8,32.9,0.131,47.6
64,687263,Zach Neto,LAA,PHI,True,1,SS,R,projected,preview,Andrew Painter,R,1.66,42% hard · 42% break,0.10081100782695582,0.10273441229554592,0.10440212925387238,3,0.69588576,fair,Weather not posted; Projected order,4S-FB 32%; tank last game; 35.3% pull air; #1,1.2428561047180384,1.1375249426519147,0.85,0.9901346874544126,1,1.0858370370370372,85,85 air · 67° dew · RHB,22,581,.432,2,45,10,11.7,89.6,40.9,0.195,47.8
65,642350,Jose Siri,LAA,PHI,True,5,LF,R,projected,preview,Andrew Painter,R,1.66,42% hard · 42% break,0.09983697826349902,0.10168170261789544,0.10335697256788767,3,0.69588576,fair,Weather not posted; Projected order,4S-FB 32%; 15.4% barrels last 10; 14.2% barrels; 9.3% solid,1.3571611782081756,1.2176984426445951,0.85,0.8691295854135013,1,1.0401669274908711,85,85 air · 67° dew · RHB,7,178,.425,,,,14.2,88.8,40.6,0.223,42.1
66,663757,Trent Grisham,NYY,BOS,True,1,CF,L,projected,preview,Patrick Sandoval,L,1.13,41% hard · 35% break,0.09975901149213096,0.10192132165712042,0.10327334498075313,3,0.62908072704,fair,Weather not posted; Projected order,Changeup 25%; 75% ideal AA; 18.8% blast; 11.7% solid,1.259773693504124,1.0097646740452253,1.22,0.8808452073055126,1,0.9326423200859291,122,122 air · 67° dew · LHB,18,457,.412,2,46,10,9.8,90.8,46.4,0.19,45.4
67,805808,Kevin McGonigle,DET,LAD,True,2,SS,L,projected,preview,Tarik Skubal,L,0.9,56% hard · 18% break,0.09929917269961826,0.1011004542215097,0.102780217558615,3,0.69588576,fair,Weather not posted; Projected order,22.2% vs LHP last 10; 55.2% ideal AA; 13.8% barrels last 10; #2,0.9649225331424658,0.8906820555655308,0.97,1.2367099955631171,1,1.22,97,97 air · 56° dew · LHB,14,581,.423,2,45,10,7.2,88.1,36.8,0.17,37.5
68,621438,Tyrone Taylor,CHC,CIN,True,6,LF,R,projected,preview,Rhett Lowder,R,1.26,50% hard · 30% break,0.09863316497445801,0.10056119448306744,0.10183180228042851,2.646153846153844,0.656496,fair,Weather not posted; Projected order,Sinker 29%; 44.4% pull air; 66.7% ideal AA; Air starter,1.2555351962119519,1.1350726327615555,1.02,1.220639258365778,1,0.85696,102,102 air · 61° dew · RHB,10,196,.483,,,,9.7,86.9,34.7,0.183,53.5
69,694374,Tim Tawa,AZ,SF,False,6,1B,R,projected,preview,Blade Tidwell,R,0.55,45% hard · 49% break,0.09718041115311815,0.09952438409513809,0.10051024042827661,3,0.532978903584,fair,Weather not posted; Starter outing length thin; Projected order,25% vs RHP last 10; 68% ideal AA; 16% barrels last 10,1.08754387710295,0.8520379685007722,0.78,1.42,1,1.19377,78,78 air · 57° dew · RHB,8,252,.395,1,40,10,9.2,90.9,45.1,0.163,38.3
70,805811,Bryce Eldridge,SF,AZ,True,3,DH,L,projected,preview,Kohl Drake,L,1.62,57% hard · 26% break,0.09716502820867201,0.10012107006624771,0.10049377259899939,3,0.40083019776,thin,Starter sample thin; Weather not posted; Starter outing length thin; Projected order,12.5% vs LHP last 10; 29.4% pull air; 70.6% ideal AA; 19.0% blast,1.2760720509368806,1.2658950654778898,0.78,1.146092081116058,1,0.85696,78,78 air · 57° dew · LHB,14,360,.436,2,42,10,11.5,92.5,52.1,0.209,39.7
71,672515,Gabriel Moreno,AZ,SF,False,3,C,R,projected,preview,Blade Tidwell,R,0.55,45% hard · 49% break,0.09507999238798519,0.09717999979753766,0.09826341801230842,3,0.532978903584,fair,Weather not posted; Starter outing length thin; Projected order,21.4% vs RHP last 10; 4S-FB 32%; tank last game; 20% barrels last 10,0.981966702124994,0.9954459039963706,0.78,1.3323735125132572,1,1.159,78,78 air · 57° dew · RHB,11,439,.471,3,43,10,8.2,89.4,43.1,0.167,35.9
72,687093,Vaughn Grissom,LAA,PHI,True,3,1B,R,projected,preview,Andrew Painter,R,1.66,42% hard · 42% break,0.09383709831992039,0.09519716465486838,0.0969355285370107,3,0.69588576,fair,Weather not posted; Projected order,18.5% pull air; #3,0.9186482311222962,1.1199681625189526,0.85,1.0662128456226188,1,1.22,85,85 air · 67° dew · RHB,9,354,.389,2,42,10,6.9,87.8,37.1,0.135,41.3
73,699302,Héctor Rodríguez,CIN,CHC,False,1,RF,L,projected,preview,David Peterson,L,0.91,54% hard · 33% break,0.09331305126884218,0.09560722405876965,0.09637600839064087,3,0.42614035200000006,thin,Short season sample; Weather not posted; Projected order,115.2 last game; 4× 100+ last 3; 55.6% ideal AA; 22.2% barrels last 10,1.1332109778606339,0.9226091471709253,1.02,0.9,1,1.19377,102,102 air · 61° dew · LHB,3,55,.440,3,36,10,10.5,88.4,31.6,0.182,39.5
74,673548,Seiya Suzuki,CHC,CIN,True,2,RF,R,projected,preview,Rhett Lowder,R,1.26,50% hard · 30% break,0.09180367920754873,0.09299949010922504,0.09476566969775724,3,0.69588576,fair,Weather not posted; Projected order,Slider 27%; Air starter; 17.4% K; #2,1.2105976677199568,1.1632160053193545,1.02,0.924433344186383,1,0.8240000000000001,102,102 air · 61° dew · RHB,22,511,.478,1,47,10,10.2,88.3,38.1,0.174,42.2
75,691723,Coby Mayo,BAL,ATH,False,7,1B,R,projected,preview,,,,,0.09074073948798862,0.09270090908779671,0.09289826122253109,2,0.4175314559999999,thin,No established starter; Weather not posted; Projected order,111.2 last game; 4× 100+ last 3; 68.8% ideal AA; 25% barrels last 10,1.4473300902169335,1,1.17,1,1,1.22,117,117 air · 56° dew · RHB,18,349,.441,3,38,10,13,92,49,0.219,51
76,666176,Jo Adell,CLE,KC,True,4,RF,R,projected,preview,Michael Wacha,R,1.22,56% hard · 19% break,0.09053992619844173,0.0916336537190795,0.09341875204063732,3,0.69588576,fair,Weather not posted; Projected order,Changeup 25%; 4× 100+ last 3; 21.7% pull air; 65.2% ideal AA,1.1910624248501194,1.1427595416203582,0.95,0.7818193387539263,1,1.0559325934914507,95,95 air · 55° dew · RHB,20,541,.404,2,43,10,9.8,90.4,45.4,0.194,38.8
77,668227,Randy Arozarena,SEA,TOR,False,2,LF,R,projected,preview,Dylan Cease,R,0.56,45% hard · 43% break,0.08958555393096214,0.09060218921353469,0.09240240147345624,3,0.69588576,fair,Weather not posted; Projected order,4S-FB 37%; 70.8% ideal AA; 8.2% solid; #2,1.0828633475626763,0.8756986948635102,0.98,1.031533809699448,1,1.0927700831024931,98,98 air · RHB,20,544,.460,4,47,10,7.6,90.7,42.3,0.157,33.8
78,694671,Wyatt Langford,TEX,MIL,False,3,LF,R,projected,preview,Logan Henderson,R,1.3,64% hard · 3% break,0.08937745219841506,0.09040631609548799,0.09218087965128652,3,0.68475158784,fair,Weather not posted; Projected order,28.6% pull air; 60.7% ideal AA; 116 air; #3,1.0990630028457622,0.9804377294526959,1.16,0.9744068483481956,1,0.85696,116,116 air · 59° dew · RHB,15,353,.467,1,46,10,7,89.4,39.7,0.156,43
79,596019,Francisco Lindor,NYM,HOU,True,2,SS,S,projected,preview,Hunter Brown,R,1.21,63% hard · 28% break,0.08872179117471914,0.08966865347005681,0.09148315687935205,3,0.69588576,fair,Weather not posted; Projected order,Sinker 30%; 76% ideal AA; #2,1.1709142236209473,1.0098375570934093,0.96,1.0313654159124879,1,0.8794615384615384,96,96 air · 69° dew · switch,13,334,.419,1,42,10,9.5,91,46.8,0.203,46.4
80,683002,Gunnar Henderson,BAL,ATH,False,3,SS,L,projected,preview,,,,,0.08835251144110441,0.08997199107884724,0.09109033455338655,3,0.4175314559999999,thin,No established starter; Weather not posted; Projected order,102 last game; 63.0% ideal AA; 117 air; #3,1.0228611502692961,1,1.17,1,1,0.8652000000000001,117,117 air · 56° dew · LHB,20,601,.391,0,43,10,6.9,89.7,44.2,0.151,43.5
81,645277,Ozzie Albies,ATL,COL,True,2,2B,S,projected,preview,Tomoyuki Sugano,R,1.92,51% hard · 27% break,0.08833330615588296,0.08924878742666931,0.09106990778090074,3,0.69588576,fair,Weather not posted; Projected order,107.2 last game; 24.1% pull air; 62.1% ideal AA; Air starter,0.919950421000034,1.2398009429308972,1.09,0.8961836023235343,1,0.9169472000000002,109,109 air · 70° dew · switch,20,571,.418,0,41,10,4.1,86.9,27.9,0.126,45.5
82,682998,Corbin Carroll,AZ,SF,False,2,RF,L,projected,preview,Blade Tidwell,R,0.55,45% hard · 49% break,0.08820199337043891,0.08950311499565111,0.09093025097521579,3,0.532978903584,fair,Weather not posted; Starter outing length thin; Projected order,4S-FB 32%; 20–30° last 5; 75% ideal AA; 12.5% barrels last 10,1.1942158389922979,0.9660521434563707,0.78,1.0532094857836631,1,1.0830501522401044,78,78 air · 57° dew · LHB,18,567,.481,0,41,10,12.1,91.7,48.8,0.194,43.9
83,701785,Kaelen Culpepper,MIN,CWS,True,8,SS,R,projected,preview,Luis Castillo,R,1.6,61% hard · 25% break,0.0872027532936937,0.08863760926287967,0.08919153580867101,2,0.42614035200000006,thin,Short season sample; Weather not posted; Projected order,12.5% vs RHP last 10; 4S-FB 43%; tank last game; 24% pull air,1.1466707137307894,1.24792438802316,0.88,1.264766186684411,1,1.204571943661972,88,88 air · 57° dew · RHB,3,63,.526,2,38,10,7.1,89.6,34.9,0.188,41.9
84,814430,Brett Callahan,DET,LAD,True,1,LF,L,projected,preview,Tarik Skubal,L,0.9,56% hard · 18% break,0.08706601654227968,0.0886324206133492,0.08972265003171565,3,0.3630084480000001,thin,Short season sample; Weather not posted; Projected order,4S-FB 36%; 41.2% sweet; xSLG 0.469; #1,1.0423373546279757,1.0307077091561252,0.97,0.9,1,1.0767554048964219,97,97 air · 56° dew · LHB,1,26,.522,,,,5.9,90,47.1,0.178,35.3
85,665052,Griffin Conine,MIA,WSH,False,2,1B,L,projected,preview,Jackson Kent,L,0.73,44% hard · 33% break,0.08676449323952326,0.08819589469531852,0.08940228373156633,3,0.40083019776,thin,Starter sample thin; Weather not posted; Starter outing length thin; Projected order,4S-FB 41%; 82.4% ideal AA; 40% sweet; 15.2% barrels,1.553616717501223,1.0544649896445764,1.06,0.7,1,0.8240000000000001,106,106 air · 71° dew · LHB,14,222,.500,1,37,10,15.2,92,52,0.244,45.6
86,663993,Nathaniel Lowe,CLE,KC,True,5,1B,L,projected,preview,Michael Wacha,R,1.22,56% hard · 19% break,0.0867259742876429,0.0875116185804925,0.08936136270724293,3,0.69588576,fair,Weather not posted; Projected order,110 last game; 4× 100+ last 3,1.1430914087418147,1.0107981930053367,0.95,1.0216442135816222,1,0.8816800000000001,95,95 air · 55° dew · LHB,14,349,.465,0,44,10,8.7,89.2,41.7,0.171,36.6
87,666211,Taylor Trammell,HOU,NYM,False,8,LF,L,projected,preview,Christian Scott,R,1.01,68% hard · 29% break,0.08545323488646853,0.08613606989592448,0.08736123105952753,2,0.69588576,fair,Weather not posted; Projected order,16.7% vs RHP last 10; 4S-FB 48%; 108.6 last game; 14.3% barrels last 10,1.1592554480710384,1.0692545397054514,0.96,1.3413803339189654,1,1.1464285714285714,96,96 air · 69° dew · LHB,7,221,.367,,,,12.5,88.6,37.5,0.194,46.1
88,680776,Jarren Duran,BOS,NYY,False,7,LF,L,projected,preview,Cam Schlittler,R,0.8,90% hard · 10% break,0.08523054011028681,0.08589538629160276,0.0871283787041921,2,0.69588576,fair,Weather not posted; Projected order,101.3 last game; 4× 100+ last 3; 13.0% barrels last 10; 17.4% blast,1.093594049093618,0.9431690557691192,1.22,1.186478768901209,1,1.22,122,122 air · 67° dew · LHB,18,524,.370,2,36,10,9.8,89.8,40.2,0.149,39.6
89,672386,Alejandro Kirk,TOR,SEA,True,3,C,R,projected,preview,,,,,0.08491896008236358,0.08604863034713439,0.0874429533558988,3,0.4175314559999999,thin,No established starter; Weather not posted; Projected order,103.4 last game; #3,0.8464365086529229,1,0.98,1,1,1.159,98,98 air · RHB,7,230,.408,2,43,10,3.4,88.2,39.7,0.109,24
90,592518,Manny Machado,SD,TB,False,3,3B,R,projected,preview,Shane McClanahan,L,0.67,38% hard · 33% break,0.08418912201577959,0.08476984457531511,0.08653222906111455,2.7071428571428555,0.69588576,fair,Weather not posted; Projected order,16.7% vs LHP last 10; 68.2% ideal AA; #3,1.2171799308413664,0.9274308962028562,1,1.1867825591017622,1,0.8240000000000001,100,100 air · roof closed · RHB,24,559,.402,1,45,10,9.7,90.5,44.7,0.179,42
91,661531,Brian Serven,ATH,BAL,True,7,DH,R,projected,preview,Brandon Young,R,1.17,54% hard · 27% break,0.08401285847369061,0.08503891821173515,0.0858556569304294,2,0.4020192,thin,Short season sample; Weather not posted; Projected order,4S-FB 40%; 18.7% K; 117 air,1.3141282976175,1.1357283172611854,1.17,0.9,1,1.14,117,117 air · 56° dew · RHB,4,49,.458,3,36,10,11.8,87.8,32.4,0.19,38.2
92,690993,Colt Keith,DET,LAD,True,4,DH,L,projected,preview,Tarik Skubal,L,0.9,56% hard · 18% break,0.08330003022584989,0.08380893377066057,0.08572636673157663,3,0.69588576,fair,Weather not posted; Projected order,30.8% pull air; 15.4% barrels last 10; 17.6% blast; 39.1% sweet,0.9752153617593013,0.8859219271808211,0.97,0.9,1,1.22,97,97 air · 56° dew · LHB,9,378,.412,,,,7.3,89,42,0.154,38
93,664040,Brandon Lowe,PIT,STL,False,2,2B,L,projected,preview,Quinn Mathews,L,0.64,47% hard · 36% break,0.0830965787608515,0.08399029147072679,0.08551078569760395,3,0.40083019776,thin,Starter sample thin; Weather not posted; Starter outing length thin; Projected order,4S-FB 43%; 57.1% ideal AA; #2,1.3572468107696278,1.0157155179474873,0.87,0.9344415706571121,1,0.8240000000000001,87,87 air · 64° dew · LHB,27,553,.470,1,43,10,11.9,91.1,46,0.189,47.5
94,693307,Dillon Dingler,DET,LAD,True,5,C,R,projected,preview,Tarik Skubal,L,0.9,56% hard · 18% break,0.08257050745765232,0.08302048164665887,0.08495349835846122,3,0.69588576,fair,Weather not posted; Projected order,29.4% pull air; 39.5% sweet; 9% solid; xSLG 0.476,1.3405783916674354,0.9125126176169701,0.97,0.9410685289696034,1,0.8112,97,97 air · 56° dew · RHB,26,520,.480,0,40,10,10.1,88.5,42.3,0.208,42
95,677951,Bobby Witt Jr.,KC,CLE,False,2,SS,R,projected,preview,Tanner Bibee,R,1.5,69% hard · 16% break,0.0816586141925782,0.08203492751037478,0.08398799962662074,3,0.69588576,fair,Weather not posted; Projected order,104.8 last game; 21.2% blast; 92.3 EV; xSLG 0.503,1.1967178642168599,1.1057474705233794,0.95,0.8409886598250389,1,0.8400000000000001,95,95 air · 55° dew · RHB,16,513,.459,2,47,10,11.4,92.3,50.8,0.2,29.2
96,668804,Bryan Reynolds,PIT,STL,False,3,DH,S,projected,preview,Quinn Mathews,L,0.64,47% hard · 36% break,0.08164056230115847,0.08232083392106193,0.08396889301118193,3,0.40083019776,thin,Starter sample thin; Weather not posted; Starter outing length thin; Projected order,4S-FB 43%; 104.8 last game; 4× 100+ last 3; 64.3% ideal AA,1.0920699685093365,1.024377097808421,0.87,0.8383819915173942,1,1.0946559090909092,87,87 air · 64° dew · switch,15,587,.425,0,44,10,11,90.5,46.4,0.185,38.7
97,683021,Michael Stefanic,ATH,BAL,True,6,2B,R,projected,preview,Brandon Young,R,1.17,54% hard · 27% break,0.08141374868053418,0.08212247992195498,0.08363492736718521,2.7785714285714285,0.3424608,thin,Short season sample; Weather not posted; Projected order,18.7% K; 117 air,0.9523809523809524,1.0020435650172084,1.17,0.9,1,1,117,117 air · 56° dew · RHB,0,7,.571,,,,0,88.5,16.7,0.065,33.3
98,806146,George Lombard Jr.,NYY,BOS,True,5,SS,R,projected,preview,Patrick Sandoval,L,1.13,41% hard · 35% break,0.08129625002298901,0.0819419586387774,0.08356993486199209,2.9142857142857146,0.38523087820800006,thin,Short season sample; Weather not posted; Projected order,103.6 last game; 39.2% sweet; 120 air; Platoon,0.9371731314925549,0.9576536088026153,1.2,1.08,1,0.798,120,120 air · 67° dew · RHB,2,79,.389,0,41,10,8,85.6,35.3,0.11,31.4
99,694376,Shay Whitcomb,SF,AZ,True,6,3B,R,projected,preview,Kohl Drake,L,1.62,57% hard · 26% break,0.08086656832161339,0.08152759756629202,0.0825710634514909,2,0.3,thin,Short season sample; Starter sample thin; Weather not posted; Starter outing length thin; Projected order,11.1% vs hard; 20–30° last 5; 20% pull air; 70% ideal AA,1.3356648190208489,1.3498030318605398,0.78,1.08,1,1.1004385305428572,78,78 air · 57° dew · RHB,3,39,.405,,,,18.2,87.1,40.9,0.258,36.4
100,666018,Jonathan Aranda,TB,SD,True,2,1B,L,projected,preview,Casey Mize,R,0.86,45% hard · 32% break,0.08038840281903349,0.08066211106233323,0.08264418375031435,3,0.69588576,fair,Weather not posted; Projected order,Slider 27%; 101.1 last game; 38.6% sweet; #2,1.0808308218737368,1.054899522283032,1,0.9016313326367922,1,0.8400000000000001,100,100 air · roof closed · LHB,16,565,.420,1,39,10,9.6,91.1,45.3,0.178,29.6
101,605141,Mookie Betts,LAD,DET,False,3,SS,R,projected,preview,Drew Anderson,R,1.44,41% hard · 30% off,0.08000948159834409,0.08025258136112867,0.08224354496113218,3,0.69588576,fair,Weather not posted; Projected order,100.3 last game; 58.1% ideal AA; 39.5% sweet; #3,1.0799843600080596,0.9956578865130666,0.97,0.9488416877987027,1,0.8652000000000001,97,97 air · 56° dew · RHB,16,409,.407,1,46,10,7.2,90,37.7,0.151,37.3
102,691728,Zac Veen,COL,ATL,False,8,LF,L,projected,preview,Grant Holmes,R,1.38,49% hard · 44% break,0.07998722187062207,0.08046689065514134,0.08165406860037061,2,0.3424608,thin,Short season sample; Weather not posted; Projected order,38.5% sweet; 15.4% barrels; 18.9% K; 110 air,1.2265238198600472,1.1225055210772386,1.1,1.08,1,1,110,110 air · 70° dew · LHB,2,28,.480,,,,15.4,87.5,38.5,0.239,61.5
103,804668,Rafael Flores Jr.,PIT,STL,False,8,C,R,projected,preview,Quinn Mathews,L,0.64,47% hard · 36% break,0.0799418085065648,0.08044474064000562,0.0816067228084485,2,0.3,thin,Short season sample; Starter sample thin; Weather not posted; Starter outing length thin; Projected order,4S-FB 43%; 23.5% pull air; 64.7% ideal AA; 17.6% barrels last 10,1.5757752637110518,1.0505628998449494,0.87,1.0515,1,1.0795408231368189,87,87 air · 64° dew · RHB,6,78,.551,,,,17.4,89.4,41.3,0.256,43.5
104,621550,Patrick Wisdom,SEA,TOR,False,5,1B,R,projected,preview,Dylan Cease,R,0.56,45% hard · 43% break,0.07960962028582766,0.07999143696114164,0.08182088519330044,3,0.4020192,thin,Short season sample; Weather not posted; Projected order,76.5 bat; 19.2% barrels; 92.7 EV,1.339090289526848,0.721079287357621,0.98,0.9,1,1,98,98 air · RHB,1,48,.200,,,,19.2,92.7,42.3,0.209,34.6
105,681198,TJ Rumfield,COL,ATL,False,4,1B,L,projected,preview,Grant Holmes,R,1.38,49% hard · 44% break,0.07934382823437505,0.07953315788108162,0.08154000649226634,3,0.69588576,fair,Weather not posted; Projected order,103 last game; 18.2% pull air; 60.9% ideal AA; 18.9% K,0.8113490860749442,1.0052277131625706,1.1,0.8539345470788877,1,1.1011163963963964,110,110 air · 70° dew · LHB,13,526,.441,0,43,10,4.5,84,27.3,0.12,41.7
106,682657,Angel Martínez,CLE,KC,True,6,LF,S,projected,preview,Michael Wacha,R,1.22,56% hard · 19% break,0.07867529555626757,0.07881062250179427,0.08083376607136139,3,0.69588576,fair,Weather not posted; Projected order,102.5 last game; 60% ideal AA,1.0224561622980715,1.0476189462742191,0.95,0.9437609453006295,1,0.8652000000000001,95,95 air · 55° dew · switch,12,337,.420,,,,7.3,87.5,35.6,0.147,45.6
107,661388,William Contreras,MIL,TEX,True,3,DH,R,projected,preview,Cody Bradford,L,0.44,50% hard · 14% break,0.07866149863109792,0.07890506186587276,0.08081919454666753,3,0.40083019776,thin,Starter sample thin; Weather not posted; Starter outing length thin; Projected order,56.7% ideal AA; 18.8% blast; 9.5% solid; Air starter,0.9948369799123206,1.0073812054469098,1.16,0.771754832173358,1,0.927960372960373,116,116 air · 59° dew · RHB,12,537,.390,1,48,10,7.8,90.1,43.3,0.175,36.4
108,596142,Gary Sánchez,MIL,TEX,True,5,C,R,projected,preview,Cody Bradford,L,0.44,50% hard · 14% break,0.07849678292715011,0.07871620007542157,0.08042688082588512,2.5,0.40083019776,thin,Starter sample thin; Weather not posted; Starter outing length thin; Projected order,4S-FB 50%; 71.4% ideal AA; Air starter; 14.9% K,1.0993009109936411,1.1840388819644643,1.16,0.9133169212443759,1,0.8034,116,116 air · 59° dew · RHB,10,238,.415,,,,8.1,87.9,35.1,0.185,42.6
109,663457,Lars Nootbaar,AZ,SF,False,1,DH,L,projected,preview,Blade Tidwell,R,0.55,45% hard · 49% break,0.07842570974499838,0.07859130721672947,0.08057019026998535,3,0.532978903584,fair,Weather not posted; Starter outing length thin; Projected order,103.3 last game; 55.6% ideal AA; #1,0.9935398514975313,0.8861007056634939,0.78,0.990528040465319,1,1.2159447115384616,78,78 air · 57° dew · LHB,4,245,.332,,,,9.1,91.4,48.5,0.176,40.6
110,669065,Kyle Stowers,MIA,WSH,False,1,DH,L,projected,preview,Jackson Kent,L,0.73,44% hard · 33% break,0.07840469252020987,0.07861818723548608,0.08054799714286265,3,0.378141696,thin,Starter sample thin; Weather not posted; Starter outing length thin; Projected order,Changeup 24%; 107.5 last game; 20.7% blast; 75.4 bat,1.3016153605867502,0.9917209587400001,1.06,0.72,1,0.84,106,106 air · 71° dew · LHB,16,411,.458,0,41,10,11.6,92.3,55.8,0.199,47.2
111,671976,Tristan Peters,CWS,MIN,False,8,LF,L,projected,preview,Dean Kremer,R,2.15,58% hard · 15% break,0.07826780601481408,0.07837786460361529,0.07986230286972806,2,0.6673544438399999,fair,Weather not posted; Projected order,15.8% vs RHP last 10; 36% pull air; 64% ideal AA; 16% barrels last 10,0.9457228270528643,1.1693434809305776,0.88,1.3192217359253222,1,1.22,88,88 air · 57° dew · LHB,12,400,.475,5,36,10,5.8,87.2,32,0.135,52.1
112,543807,George Springer,TOR,SEA,True,4,DH,R,projected,preview,,,,,0.07799826335328844,0.0781406694792054,0.08011889481955148,3,0.4175314559999999,thin,No established starter; Weather not posted; Projected order,100.6 last game; 65.2% ideal AA,0.9661862576752298,1,0.98,1,1,0.8652000000000001,98,98 air · RHB,13,428,.398,,,,6.6,88.2,37.3,0.139,41.6
113,683146,Brett Baty,NYM,HOU,True,7,3B,L,projected,preview,Hunter Brown,R,1.21,63% hard · 28% break,0.07795577997730885,0.07803298592729235,0.07953732655623713,2,0.69588576,fair,Weather not posted; Projected order,18.2% vs RHP last 10; 4S-FB 33%; 106.8 last game; 61.5% ideal AA,0.9964059642849148,1.0652310734326431,0.96,1.2508402372563676,1,1.22,96,96 air · 69° dew · LHB,8,406,.337,,,,9,90,41.6,0.148,36.9
114,668904,Royce Lewis,MIN,CWS,True,6,1B,R,projected,preview,Luis Castillo,R,1.6,61% hard · 25% break,0.07770920010395337,0.0777664878365425,0.07981378254922677,3,0.69588576,fair,Weather not posted; Projected order,25% pull air; 78.6% ideal AA; 75.2 bat; Air starter,1.1582801264253617,1.1242457928964615,0.88,0.827618082740158,1,0.85696,88,88 air · 57° dew · RHB,13,404,.402,0,39,10,11.2,89.8,40.3,0.166,47.8
115,686611,Dylan Crews,WSH,MIA,True,2,RF,R,projected,preview,Eury Pérez,R,0.92,55% hard · 36% break,0.07679463382084471,0.07677804476129901,0.07884885855685198,3,0.69588576,fair,Weather not posted; Projected order,4S-FB 39%; 103.7 last game; 68% ideal AA; 17.4% blast,1.1119647183805887,1.003690443267769,1.06,0.7773719458402248,1,0.8652000000000001,106,106 air · 71° dew · RHB,10,340,.366,0,38,10,9.7,90.5,44.1,0.18,33
116,695491,Joshua Báez,STL,PIT,True,5,LF,R,projected,preview,Jared Jones,R,1.46,47% hard · 41% break,0.0767364968068571,0.07669943924810829,0.07826796540918024,2,0.42614035200000006,thin,Short season sample; Weather not posted; Projected order,14.3% vs RHP last 10; 4S-FB 47%; 57.1% ideal AA; 77.8 bat,1.6810407023427434,1.153750728508954,0.87,1.0870614658077402,1,0.8240000000000001,87,87 air · 64° dew · RHB,4,50,.444,1,36,10,19.2,93.5,53.8,0.271,30.8
117,687551,Drew Gilbert,SF,AZ,True,1,RF,L,projected,preview,Kohl Drake,L,1.62,57% hard · 26% break,0.07660757068338736,0.07655004348957228,0.07865157388813315,3,0.40083019776,thin,Starter sample thin; Weather not posted; Starter outing length thin; Projected order,4S-FB 44%; 4 tanks last 10; 27.8% pull air; 77.8% ideal AA,0.8784384287809903,1.315539550245072,0.78,0.72,1,1.22,78,78 air · 57° dew · LHB,8,329,.392,,,,5.6,86.8,35.9,0.137,44
118,702616,Jackson Holliday,BAL,ATH,False,1,2B,L,projected,preview,,,,,0.07621857591275114,0.07610710274627985,0.07824140890381759,3,0.4175314559999999,thin,No established starter; Weather not posted; Projected order,117 air; #1,0.8593039021294843,1,1.17,1,1,0.78,117,117 air · 56° dew · LHB,6,290,.359,0,45,10,6.3,87.2,33.9,0.121,33.9
119,671732,Lawrence Butler,ATH,BAL,True,3,RF,L,projected,preview,Brandon Young,R,1.17,54% hard · 27% break,0.07616307167684368,0.0760954663201806,0.07818289335527662,3,0.69588576,fair,Weather not posted; Projected order,4S-FB 40%; 104.3 last game; 18.7% K; 117 air,0.9686326215402759,1.0826780430257044,1.17,0.8191781633608319,1,0.78,117,117 air · 56° dew · LHB,12,418,.373,1,42,10,7.7,89.3,45.4,0.142,34.5
120,683953,Travis Bazzana,CLE,KC,True,2,2B,L,projected,preview,Michael Wacha,R,1.22,56% hard · 19% break,0.07518639566730037,0.0750398964219463,0.07715361226797024,3,0.69588576,fair,Weather not posted; Projected order,#2,0.7952782791669442,0.9819086055419911,0.95,0.8464414061123708,1,1.22,95,95 air · 55° dew · LHB,9,424,.373,0,42,10,4.6,87.9,36.4,0.121,38.3
121,687637,Dylan Beavers,BAL,ATH,False,6,LF,L,projected,preview,,,,,0.07509707770118422,0.07482561847992497,0.07656253306865657,2,0.4175314559999999,thin,No established starter; Weather not posted; Projected order,29.4% pull air; 64.7% ideal AA; 29.4% barrels last 10; 9.8% solid,1.0166499413282892,1,1.17,1,1,1.22,117,117 air · 56° dew · LHB,6,261,.391,,,,8,88.9,40.9,0.152,40.2
122,665862,Jazz Chisholm Jr.,NYY,BOS,True,7,2B,L,projected,preview,Patrick Sandoval,L,1.13,41% hard · 35% break,0.07478649060050999,0.07457618735968286,0.07623961013904856,2,0.62908072704,fair,Weather not posted; Projected order,29.2% pull air; 75% ideal AA; 123 air; pull × porch,1.1358191642145055,0.9565155980418227,1.23,1.0268955364268304,1,1.0517179415204678,123,123 air · 67° dew · pull × porch · LHB,18,485,.404,,,,9,90.7,42.2,0.157,52.2
123,681393,Connor Norby,COL,ATL,False,5,2B,R,projected,preview,Grant Holmes,R,1.38,49% hard · 44% break,0.07468848448139577,0.07450176498972161,0.07626726690228686,2.1933333333333316,0.69588576,fair,Weather not posted; Projected order,104.3 last game; 55.6% ideal AA; 18.9% K,0.9476824816381356,1.100838667231328,1.07,0.9342841114525628,1,1.19377,107,107 air · 70° dew · RHB,6,287,.366,2,38,10,7.5,87.7,38.5,0.141,38.5
124,664954,Brett Sullivan,COL,ATL,False,7,C,L,projected,preview,Grant Holmes,R,1.38,49% hard · 44% break,0.07459136237273489,0.07439679755594242,0.07603675957437783,2,0.69588576,fair,Weather not posted; Projected order,20% pull air; 8.6% solid; 18.9% K; 110 air,0.9677782484533737,1.101970606154897,1.1,1.0044151338560618,1,1.22,110,110 air · 70° dew · LHB,7,199,.423,1,36,10,4.6,86.8,32.9,0.13,51.3
125,672356,Gabriel Arias,CHC,CIN,True,9,2B,R,projected,preview,Rhett Lowder,R,1.26,50% hard · 30% break,0.07371709278708835,0.07339862812580167,0.07512815261596018,2,0.6198405119999999,fair,Weather not posted; Projected order,Air starter; 17.4% K; Platoon,1.0868299643338493,0.9944345262242729,1.02,1.275342300817402,1,1,102,102 air · 61° dew · RHB,5,144,.365,,,,10.4,89.4,42.9,0.153,33.8
126,571771,Enrique Hernández,LAD,DET,False,8,3B,R,projected,preview,Drew Anderson,R,1.44,41% hard · 30% off,0.07344403707806475,0.07287304353073742,0.07508133155280887,2.400000000000002,0.3424608,thin,Short season sample; Weather not posted; Projected order,101.5 last game,1.1511508476898769,1.0355494552632885,0.97,0.9,1,1,97,97 air · 56° dew · RHB,2,39,.432,,,,11.5,89,38.5,0.168,19.2
127,669242,Tommy Edman,LAD,DET,False,2,CF,S,projected,preview,Drew Anderson,R,1.44,41% hard · 30% off,0.07335571507266812,0.073061337196478,0.07522627925100467,3,0.69588576,fair,Weather not posted; Projected order,tank last game; 31.3% pull air; 81.3% ideal AA; #2,0.8572943685454381,0.9524864331755064,0.97,0.8270555552346135,1,1.1188396043010755,97,97 air · 56° dew · switch,5,217,.414,1,43,10,6.2,88.2,36.3,0.111,42.5
128,596146,Max Kepler,AZ,SF,False,5,LF,L,projected,preview,Blade Tidwell,R,0.55,45% hard · 49% break,0.07322312756343581,0.07274990938224735,0.07508679028164755,3,0.49253844244608,thin,Weather not posted; Starter outing length thin; Projected order,110.7 last game; 4× 100+ last 3; 30% pull air; spray vs wall,0.9215550535764164,0.8623456024132564,0.78,0.9623579496984818,1,1.22,78,78 air · 57° dew · spray vs wall · LHB,2,135,.320,0,37,10,8.4,89.2,41.1,0.133,43.2
129,665489,Vladimir Guerrero Jr.,TOR,SEA,True,2,1B,R,projected,preview,,,,,0.0727684490159518,0.0721648019119353,0.07460854576726761,3,0.4175314559999999,thin,No established starter; Weather not posted; Projected order,114.7 last game; 76.2 bat; #2,0.7812994043212012,1,0.98,1,1,0.9378833107191317,98,98 air · RHB,7,507,.351,0,41,10,6.7,90,42.9,0.116,36
130,807727,Charles McAdoo,TOR,SEA,True,1,2B,R,projected,preview,,,,,0.07259814097008857,0.07184559832563064,0.07442945091177111,3,0.3,thin,Short season sample; No established starter; Weather not posted; Projected order,100.4 last game; #1,0.8659698653495305,1,0.98,1,1,0.8400000000000001,98,98 air · RHB,2,73,.368,0,36,10,6.1,86.9,34.7,0.113,16.3
131,800325,Luis Lara,MIL,TEX,True,2,CF,S,projected,preview,Cody Bradford,L,0.44,50% hard · 14% break,0.07257421421939836,0.07189337322620326,0.07440429144988592,3,0.3704166899712,thin,Starter sample thin; Weather not posted; Starter outing length thin; Projected order,100.1 last game; 4× 100+ last 3; Air starter; 14.9% K,0.7333557969683743,1.0340258684052797,1.16,0.7,1,1.159,116,116 air · 59° dew · switch,1,135,.375,1,42,10,5.3,89.3,43.2,0.092,29.5
132,663616,Trevor Larnach,MIN,CWS,True,7,LF,L,projected,preview,Luis Castillo,R,1.6,61% hard · 25% break,0.072467492419079,0.07210136573521841,0.07411177982310847,2.5111111111111093,0.69588576,fair,Weather not posted; Projected order,109.9 last game; 21.4% pull air; Air starter,0.988487634771912,1.0819313290591484,0.88,0.9758719988461426,1,1.036159037593985,88,88 air · 57° dew · LHB,11,389,.422,1,37,10,7.6,87.7,37.7,0.142,43.5
133,666139,Josh Lowe,LAA,PHI,True,6,RF,L,projected,preview,Andrew Painter,R,1.66,42% hard · 42% break,0.07209645245790465,0.07170035392553875,0.07382724986846897,2.7739130434782595,0.69588576,fair,Weather not posted; Projected order,4S-FB 32%,1.0560469598037772,1.1625600359085466,0.85,0.9888312166807527,1,0.78,85,85 air · 67° dew · LHB,10,277,.361,,,,7.9,88.7,37.9,0.164,35
134,650490,Yandy Díaz,TB,SD,True,1,DH,R,projected,preview,Casey Mize,R,0.86,45% hard · 32% break,0.07188577919827184,0.07147266291126342,0.07368057338223777,3,0.69588576,fair,Weather not posted; Projected order,4S-FB 34%; 105.5 last game; #1,1.0043897206345802,1.0833620565640842,1,0.8327217744625439,1,0.78,100,100 air · roof closed · RHB,19,568,.459,2,43,10,6.7,90.6,47.1,0.157,22.7
135,518692,Freddie Freeman,LAD,DET,False,4,1B,L,projected,preview,Drew Anderson,R,1.44,41% hard · 30% off,0.07186279752112072,0.07144782482127798,0.07365642004287687,3,0.69588576,fair,Weather not posted; Projected order,101.3 last game; 55.6% ideal AA; 39% sweet; 8.6% solid,1.0338972119068486,0.9470566837761394,0.97,0.9048062722618433,1,0.8219400000000001,97,97 air · 56° dew · LHB,15,559,.458,0,46,10,8.4,89.6,41.9,0.184,32.8
136,676475,Alec Burleson,STL,PIT,True,4,1B,L,projected,preview,Jared Jones,R,1.46,47% hard · 41% break,0.07184410957538358,0.0714276273015404,0.07318304924975672,2,0.69588576,fair,Weather not posted; Projected order,4S-FB 47%; 19.2% blast; 92 EV; xSLG 0.534,1.2709601158239485,1.1184422541325654,0.87,1.3192903346637919,1,0.8240000000000001,87,87 air · 64° dew · LHB,21,565,.484,0,40,10,11.2,92,49.6,0.236,48.2
137,641680,Jonah Heim,ATH,BAL,True,4,C,S,projected,preview,Brandon Young,R,1.17,54% hard · 27% break,0.07180270419926865,0.07138287728390413,0.0735932649005181,3,0.69588576,fair,Weather not posted; Projected order,20–30° last 5; 77.8% ideal AA; 18.7% K; 117 air,0.9912658536209749,1.0235974805992984,1.17,0.7,1,0.8487200000000001,117,117 air · 56° dew · switch,11,310,.379,0,37,10,6.6,87.6,32.2,0.141,39.6
138,689414,Liam Hicks,TB,SD,True,4,C,L,projected,preview,Casey Mize,R,0.86,45% hard · 32% break,0.0718001723765871,0.07138014094576928,0.07338842168286623,2.4538461538461505,0.69588576,fair,Weather not posted; Projected order,Platoon,0.8523396676572875,0.9458080631268672,1,1.0808783047051762,1,1.1142857142857143,100,100 air · roof closed · LHB,17,477,.447,1,36,10,4,85,28.2,0.1,43.8
139,807712,Luke Keaschall,MIN,CWS,True,1,CF,R,projected,preview,Luis Castillo,R,1.6,61% hard · 25% break,0.07135966292921866,0.07090404804701222,0.07312773430155695,3,0.69588576,fair,Weather not posted; Projected order,4S-FB 43%; Air starter; #1,0.7163262269241777,1.1797385362871255,0.88,0.809230098853696,1,1.159,88,88 air · 57° dew · RHB,8,499,.379,1,46,10,3.7,85.3,29.4,0.116,38.8
140,686765,Nick Sogard,BOS,NYY,False,1,1B,S,projected,preview,Cam Schlittler,R,0.8,90% hard · 10% break,0.07096434325318182,0.07046680189574717,0.07271247268945025,3,0.68802296832,fair,Weather not posted; Projected order,25% pull air; 66.7% ideal AA; 121 air; #1,0.7241831255083215,0.922575736416165,1.21,0.7,1,1.22,121,121 air · 67° dew · switch,2,164,.393,2,47,10,4.5,85.7,26.4,0.099,45.5
141,681297,Colton Cowser,BAL,ATH,False,8,CF,L,projected,preview,,,,,0.0699460721236945,0.06893980204671213,0.0712139280093238,2,0.4175314559999999,thin,No established starter; Weather not posted; Projected order,109.9 last game; 4× 100+ last 3; 9.2% solid; 117 air,1.2295406401211242,1,1.17,1,1,0.8816800000000001,117,117 air · 56° dew · LHB,12,319,.373,,,,10.8,87.8,40.5,0.201,36.8
142,687401,Joey Ortiz,MIL,TEX,True,6,3B,R,projected,preview,Cody Bradford,L,0.44,50% hard · 14% break,0.06959879253474331,0.06851383104411213,0.07085385990044113,2,0.40083019776,thin,Starter sample thin; Weather not posted; Starter outing length thin; Projected order,4S-FB 50%; 105.4 last game; heart vs in-zone; Air starter,0.784776170164064,1.1678960561018126,1.16,0.9679471942575408,1,1.22,116,116 air · 59° dew · RHB,7,336,.382,2,41,10,4.5,88.6,36.8,0.105,32.2
143,678662,Ezequiel Tovar,COL,ATL,False,9,SS,R,projected,preview,Grant Holmes,R,1.38,49% hard · 44% break,0.06941496730662068,0.06880226389302002,0.0706632925345776,2,0.69588576,fair,Weather not posted; Projected order,12.5% vs RHP last 10; 4× 100+ last 3; 23.1% pull air; 84.6% ideal AA,0.8860450530198276,1.0408476717660364,1.07,1.050095672085336,1,1.22,107,107 air · 70° dew · RHB,10,438,.338,,,,6.7,87.4,33.8,0.143,37.8
144,641487,J.P. Crawford,SEA,TOR,False,6,SS,L,projected,preview,Dylan Cease,R,0.56,45% hard · 43% break,0.06930765453035115,0.06862208359917155,0.07093208411559429,2.8599999999999994,0.656496,fair,Weather not posted; Projected order,101.2 last game; Platoon,0.8964102058967256,0.7361890367824536,0.98,1.102569003415276,1,1,98,98 air · LHB,10,370,.343,,,,6.3,87.8,35.7,0.123,36.6
145,656775,Cedric Mullins,TB,SD,True,9,CF,L,projected,preview,Casey Mize,R,0.86,45% hard · 32% break,0.06923353027881214,0.06860617075352604,0.07047521941677282,2,0.69588576,fair,Weather not posted; Projected order,102 last game; 85% ideal AA; 15% barrels last 10; Platoon,0.8706961827755142,0.9712775716216374,1,1.2195795591604603,1,1.22,100,100 air · roof closed · LHB,13,438,.349,,,,4.3,87.8,31.9,0.123,44.2
146,667472,Dane Myers,CIN,CHC,False,6,CF,R,projected,preview,David Peterson,L,0.91,54% hard · 33% break,0.06911599440660378,0.06847914057416915,0.07077244515603198,3,0.69588576,fair,Weather not posted; Projected order,12.5% vs LHP last 10,0.8288203061275121,0.8901516289816773,1.02,1.118997828790718,1,0.782,102,102 air · 61° dew · RHB,5,263,.366,2,39,10,5,89,34.1,0.124,23.2
147,663586,Austin Riley,ATL,COL,True,8,3B,R,projected,preview,Tomoyuki Sugano,R,1.92,51% hard · 27% break,0.06880254090202957,0.06814036693716818,0.07002854000586778,2,0.69588576,fair,Weather not posted; Projected order,104.4 last game; 31.3% pull air; 16.3% blast; 75.7 bat,1.176248589916585,1.2931910110317464,1.07,0.8751120189956594,1,0.8736000000000002,107,107 air · 70° dew · RHB,15,531,.361,0,39,10,11.9,91.4,45.5,0.18,39
148,664034,Ty France,SD,TB,False,4,1B,R,projected,preview,Shane McClanahan,L,0.67,38% hard · 33% break,0.0686956989008187,0.06802489445781645,0.06991782444458461,2,0.69588576,fair,Weather not posted; Projected order,16.7% vs LHP last 10; Changeup 29%; 106.5 last game; 92 EV,1.2238302791011177,0.9887317704448758,1,1.228667622964252,1,0.8346000000000001,100,100 air · roof closed · RHB,18,391,.506,1,44,10,9.8,92,48.5,0.181,38
149,701678,Hao-Yu Lee,DET,LAD,True,9,3B,R,projected,preview,Tarik Skubal,L,0.9,56% hard · 18% break,0.06854869071023002,0.06786601124653346,0.0697654968478365,2,0.69588576,fair,Weather not posted; Projected order,12.5% vs LHP last 10; 4S-FB 36%; 14.3% barrels last 10; 9.5% solid,1.0652502170368447,1.0025586967335698,0.97,1.0295052225819905,1,1.159,97,97 air · 56° dew · RHB,7,249,.422,,,,8.9,89.5,40.8,0.165,29.6
150,676609,José Caballero,NYY,BOS,True,9,3B,R,projected,preview,Patrick Sandoval,L,1.13,41% hard · 35% break,0.0679710410465845,0.06711320898604034,0.06916706165094078,2,0.62908072704,fair,Weather not posted; Projected order,103.4 last game; 63.2% ideal AA; 120 air,0.8212372016901857,0.9580176152948066,1.2,1.053682234763524,1,1.22,120,120 air · 67° dew · RHB,12,388,.370,,,,4.2,84.1,26.1,0.109,43.4
151,691781,Brady House,WSH,MIA,True,5,3B,R,projected,preview,Eury Pérez,R,0.92,55% hard · 36% break,0.06795675920214396,0.06722626472297111,0.06938526421306616,2.4758620689655153,0.69588576,fair,Weather not posted; Projected order,4S-FB 39%; 57.9% ideal AA,1.1231787576118584,1.0405889556419248,1.06,0.8681411704261466,1,0.8062840000000001,106,106 air · 71° dew · RHB,9,274,.390,1,37,10,10.9,89.6,46.9,0.18,33.7
152,683734,Andrew Vaughn,MIL,TEX,True,4,1B,R,projected,preview,Cody Bradford,L,0.44,50% hard · 14% break,0.06775069898358448,0.06639482084273052,0.06934107907515186,3,0.40083019776,thin,Starter sample thin; Weather not posted; Starter outing length thin; Projected order,55% ideal AA; Air starter; 14.9% K; 116 air,0.7905341805403887,1.108942209746309,1.16,0.7659062614772666,1,0.8034,116,116 air · 59° dew · RHB,5,288,.452,0,36,10,5.3,90,43.2,0.118,34
153,701807,Carson Benge,NYM,HOU,True,3,RF,L,projected,preview,Hunter Brown,R,1.21,63% hard · 28% break,0.06716091600961821,0.06636613494652899,0.0687231870008711,3,0.69588576,fair,Weather not posted; Projected order,100.4 last game; 20–30° last 5; #3,0.996261431907991,0.9518064279733468,0.96,0.8357029448752678,1,0.8219400000000001,96,96 air · 69° dew · LHB,16,529,.426,2,41,10,7.3,89.1,40.6,0.159,32.3
154,691458,Blaze Jordan,STL,PIT,True,6,3B,R,projected,preview,Jared Jones,R,1.46,47% hard · 41% break,0.06704113180808485,0.0662366748224068,0.06820408097344277,2,0.69588576,fair,Weather not posted; Projected order,18.2% vs RHP last 10; 4S-FB 47%; 102.8 last game; 17.4% barrels last 10,0.9333789457509728,1.153750728508954,0.87,1.1394059000301793,1,1.11264,87,87 air · 64° dew · RHB,3,199,.382,,,,10.1,88.4,45,0.159,38.8
155,662139,Daulton Varsho,HOU,NYM,False,5,CF,L,projected,preview,Christian Scott,R,1.01,68% hard · 29% break,0.0670108335714165,0.0662039291562041,0.06817271328041996,2,0.69588576,fair,Weather not posted; Projected order,15.8% vs RHP last 10; 102.6 last game; 64% ideal AA; 12% barrels last 10,0.8476548549291316,0.9636546566155874,0.96,1.267761574890376,1,1.19377,96,96 air · 69° dew · LHB,10,450,.370,2,39,10,6.5,87,38,0.124,37.1
156,703607,Henry Bolte,ATH,BAL,True,1,CF,R,projected,preview,Brandon Young,R,1.17,54% hard · 27% break,0.06696280851266169,0.06615202473151549,0.06851569612035491,3,0.69588576,fair,Weather not posted; Projected order,4S-FB 40%; 77 bat; 18.7% K; 117 air,0.8215484196971188,1.050486187906806,1.17,0.7475364953233458,1,0.8240000000000001,117,117 air · 56° dew · RHB,6,345,.374,0,45,10,7.1,90.9,47.4,0.114,31.6
157,664761,Alec Bohm,PHI,LAA,False,5,1B,R,projected,preview,Reid Detmers,L,1.03,47% hard · 43% break,0.06682073302574937,0.06599847267761405,0.06836690929620537,3,0.69588576,fair,Weather not posted; Projected order,103.8 last game,0.9216409162285737,0.9509533172693663,0.85,0.9515645189332517,1,0.8740277777777777,85,85 air · 67° dew · RHB,14,521,.384,1,43,10,5.7,90.5,42.5,0.146,28.9
158,663647,Ke'Bryan Hayes,CIN,CHC,False,9,3B,R,projected,preview,David Peterson,L,0.91,54% hard · 33% break,0.06671814759360908,0.06588760060426879,0.06815405937773987,2.643478260869564,0.69588576,fair,Weather not posted; Projected order,Sinker 30%; 104 last game; 56.3% ideal AA; 8.3% solid,0.9945299935717444,0.9711159697303599,1.02,0.9335165103335784,1,0.8219400000000001,102,102 air · 61° dew · RHB,5,211,.250,,,,7.9,90.8,41,0.15,30.8
159,668670,Jake Rogers,CWS,MIN,False,7,C,R,projected,preview,Dean Kremer,R,2.15,58% hard · 15% break,0.06578695615293922,0.06465091809056644,0.06690606141650646,2,0.600034853376,fair,Weather not posted; Projected order,4S-FB 25%; 33.3% pull air; 77.8% ideal AA; 33.3% barrels last 10,1.0650844358632297,1.2651582193862376,0.88,0.7890144646308264,1,1.22,88,88 air · 57° dew · RHB,4,148,.323,,,,10.6,88.5,38.8,0.142,44.7
160,670623,Isaac Paredes,HOU,NYM,False,3,3B,R,projected,preview,Christian Scott,R,1.01,68% hard · 29% break,0.06570291365321664,0.06479035814446354,0.06719681305654013,3,0.69588576,fair,Weather not posted; Projected order,25.9% pull air; 38.5% sweet; #3,0.9007226847201064,0.9420012023898546,0.96,0.9095429041837353,1,0.8112,96,96 air · 69° dew · RHB,17,540,.425,1,43,10,5.1,86,28,0.123,49.6
161,670231,John Rave,KC,CLE,False,7,LF,L,projected,preview,Tanner Bibee,R,1.5,69% hard · 16% break,0.06494555503236199,0.06364130059924877,0.06603573459317702,2,0.56870366976,fair,Weather not posted; Projected order,102.3 last game; 60% ideal AA; 12.7% barrels,1.15625386665773,1.0895876318335336,0.95,0.9822013059851377,1,0.9462498842056508,95,95 air · 55° dew · LHB,3,87,.423,,,,12.7,87.6,33.3,0.18,42.9
162,695731,Braden Montgomery,CWS,MIN,False,5,RF,S,projected,preview,Dean Kremer,R,2.15,58% hard · 15% break,0.06483810774933167,0.06378233053844884,0.06597989216216936,2.105882352941176,0.6673544438399999,fair,Weather not posted; Projected order,61.5% ideal AA; 8.9% solid,0.8176602360254164,1.1690658404777037,0.88,1.002325979524066,1,1.22,88,88 air · 57° dew · switch,5,270,.371,1,39,10,4.4,89.3,40.6,0.135,36.1
163,701538,Jackson Merrill,SD,TB,False,5,CF,L,projected,preview,Shane McClanahan,L,0.67,38% hard · 33% break,0.0648167785988858,0.06383264291445678,0.06590256563831387,2,0.69588576,fair,Weather not posted; Projected order,4S-FB 38%; 103.6 last game; 73.7% ideal AA; 38.3% sweet,1.2430176336495542,1.0751092160892977,1,0.801187386859591,1,1.0440454545454545,100,100 air · roof closed · LHB,21,549,.416,2,42,10,11.2,90.7,46.8,0.21,38
164,696285,Jacob Young,WSH,MIA,True,7,CF,R,projected,preview,Eury Pérez,R,0.92,55% hard · 36% break,0.06465586507112722,0.06365873112133302,0.06573617628941553,2,0.69588576,fair,Weather not posted; Projected order,21.7% pull air; 65.2% ideal AA,0.8872152451572745,0.9658162540429399,1.06,1.0042715138382667,1,1.22,106,106 air · 71° dew · RHB,10,408,.399,,,,6.3,87.9,31.7,0.132,38.6
165,678882,Ceddanne Rafaela,BOS,NYY,False,2,CF,R,projected,preview,Cam Schlittler,R,0.8,90% hard · 10% break,0.06406411301208606,0.06301917854234207,0.06548305683551336,3,0.69588576,fair,Weather not posted; Projected order,57.1% ideal AA; 120 air; #2,0.8707096265675389,0.840187051968374,1.2,0.7936998101192312,1,0.8240000000000001,120,120 air · 67° dew · RHB,16,541,.455,0,47,10,5.5,86.4,32.3,0.113,34.5
166,643289,Mauricio Dubón,ATL,COL,True,4,LF,R,projected,preview,Tomoyuki Sugano,R,1.92,51% hard · 27% break,0.0636925047106127,0.0626175524829975,0.06509473017789613,3,0.69588576,fair,Weather not posted; Projected order,Air starter; 13.8% K,0.7279432791334315,1.1829030230752051,1.07,0.7504460462173888,1,0.8216503496503497,107,107 air · 70° dew · RHB,10,512,.390,0,37,10,3.9,86.6,30,0.109,31.1
167,673237,Yainer Diaz,HOU,NYM,False,7,C,R,projected,preview,Christian Scott,R,1.01,68% hard · 29% break,0.06345992496512491,0.06236618542178474,0.06449998704740367,2,0.69588576,fair,Weather not posted; Projected order,107.6 last game; 4× 100+ last 3; 72.2% ideal AA; Platoon,0.9498302509167073,0.8828624046743918,0.96,1.0956291908616604,1,1.22,96,96 air · 69° dew · RHB,10,266,.419,,,,5.6,88.1,36.2,0.134,37.6
168,573262,Mike Yastrzemski,ATL,COL,True,7,RF,L,projected,preview,Tomoyuki Sugano,R,1.92,51% hard · 27% break,0.06244899304453558,0.06115215225294357,0.06345564785573332,2,0.656496,fair,Weather not posted; Projected order,22.2% pull air; 66.7% ideal AA; 10.2% solid; Air starter,1.009885082337392,1.2784193444189096,1.1,0.8561347254055791,1,0.85696,110,110 air · 70° dew · LHB,9,335,.380,,,,7,90.8,43.7,0.133,47.9
169,805367,Chase Meidroth,CWS,MIN,False,4,2B,R,projected,preview,Dean Kremer,R,2.15,58% hard · 15% break,0.06234667945165275,0.06107462066508884,0.0636892166072136,3,0.6673544438399999,fair,Weather not posted; Projected order,Split 27%; 101.1 last game; 83.3% ideal AA,0.7475982265418675,1.1850644673558088,0.88,0.7746877155387353,1,0.9027396694214875,88,88 air · 57° dew · RHB,12,540,.401,0,43,10,4.4,87.8,35.1,0.099,40.5
170,665877,José Fermín,STL,PIT,True,1,SS,R,projected,preview,Jared Jones,R,1.46,47% hard · 41% break,0.061476458519655865,0.06022249861721796,0.06278111657854657,3,0.69588576,fair,Weather not posted; Projected order,25% pull air; 57.1% ideal AA; #1,0.749018103852094,0.9573304144498551,0.87,0.7,1,1.22,87,87 air · 64° dew · RHB,6,296,.361,,,,2.6,86.5,32.6,0.094,50.4
171,553869,Elias Díaz,TEX,MIL,False,8,C,R,projected,preview,Logan Henderson,R,1.3,64% hard · 3% break,0.061425621141731536,0.06013101576820723,0.06239903090624099,2,0.68475158784,fair,Weather not posted; Projected order,20–30° last 5; 25% pull air; 61.5% ideal AA; 15.4% barrels last 10,1.0303915015015166,0.9929780080814339,1.16,0.7,1,1.22,116,116 air · 59° dew · RHB,6,182,.382,,,,7.5,87.1,38.3,0.141,37.6
172,806367,Turner Hill,SF,AZ,True,5,LF,L,projected,preview,Kohl Drake,L,1.62,57% hard · 26% break,0.06095299048171174,0.058209590727999694,0.061911240919768185,2,0.3,thin,Short season sample; Starter sample thin; Weather not posted; Starter outing length thin; Projected order,4S-FB 44%; 23.5% pull air; 82.4% ideal AA; Air starter,0.8187134502923977,1.370655539029623,0.78,0.9,1,1.22,78,78 air · 57° dew · spray vs wall · LHB,0,31,.462,,,,9.1,88,36.4,0.172,54.5
173,608070,José Ramírez,CLE,KC,True,3,DH,S,projected,preview,Michael Wacha,R,1.22,56% hard · 19% break,0.06083826015560394,0.059532747895778004,0.06211549535924887,3,0.69588576,fair,Weather not posted; Projected order,105.6 last game; 26.9% pull air; 65.4% ideal AA; 38.1% sweet,0.8857820196787758,0.9598763108343842,0.95,0.7058024632567927,1,0.9169472000000002,95,95 air · 55° dew · switch,10,434,.385,0,45,10,4.7,89.4,42,0.139,50.3
174,676724,Jared Young,NYM,HOU,True,5,1B,L,projected,preview,Hunter Brown,R,1.21,63% hard · 28% break,0.06078650753141778,0.059476814800553224,0.06195931700758119,2.59,0.69588576,fair,Weather not posted; Projected order,100.9 last game; 72% ideal AA; 8% solid,0.9999942681572298,0.8791026946853927,0.96,0.9036600087744797,1,0.8652000000000001,96,96 air · 69° dew · LHB,8,276,.440,,,,7.5,90,45.8,0.156,39.3
175,666152,David Hamilton,MIL,TEX,True,9,2B,L,projected,preview,Cody Bradford,L,0.44,50% hard · 14% break,0.0600581686921493,0.057574623319846974,0.060988054386615476,2,0.40083019776,thin,Starter sample thin; Weather not posted; Starter outing length thin; Projected order,12.5% vs LHP last 10; 102.9 last game; heart vs in-zone; 22.7% pull air,0.6585003696433179,1.0105122556558435,1.16,1.0024033951478382,1,1.22,116,116 air · 59° dew · LHB,4,326,.337,,,,3.6,86.9,27.8,0.09,32.6
176,657041,Lane Thomas,ATL,COL,True,6,DH,R,projected,preview,Tomoyuki Sugano,R,1.92,51% hard · 27% break,0.060005277709559414,0.05863247883294587,0.060933500582880384,2,0.69588576,fair,Weather not posted; Projected order,Air starter; 13.8% K,0.9642563349850636,1.2493566034646708,1.07,0.9430885625425629,1,0.8,107,107 air · 70° dew · RHB,11,364,.394,,,,6.5,89.6,41.6,0.13,44.6
177,663538,Nico Hoerner,CHC,CIN,True,5,SS,R,projected,preview,Rhett Lowder,R,1.26,50% hard · 30% break,0.059919592994378545,0.058539872681878435,0.06115788306607717,3,0.69588576,fair,Weather not posted; Projected order,Air starter; 17.4% K,0.5924290871271711,1.0116858733437601,1.02,0.7475364953233458,1,1.11264,102,102 air · 61° dew · RHB,7,574,.354,0,41,10,1.3,85.8,27.9,0.076,30.6
178,664728,Kyle Isbel,KC,CLE,False,9,CF,L,projected,preview,Tanner Bibee,R,1.5,69% hard · 16% break,0.05970699979179004,0.05831010663558578,0.06062587393952268,2,0.69588576,fair,Weather not posted; Projected order,14.3% vs RHP last 10,0.7380374393025573,1.0761703677244816,0.95,1.1854472049284543,1,1.077504,95,95 air · 55° dew · LHB,6,251,.367,2,38,10,3.3,88.8,34.4,0.091,32.2
179,672640,Otto Lopez,MIA,WSH,False,6,SS,R,projected,preview,Jackson Kent,L,0.73,44% hard · 33% break,0.059279188629842924,0.056681450624306184,0.0601847393422672,2,0.40083019776,thin,Starter sample thin; Weather not posted; Starter outing length thin; Projected order,12.5% vs LHP last 10; 105.7 last game; 5× 100+ last 3; 18.5% blast,0.8214036067516611,0.9050636244144694,1.06,0.9969422701131356,1,1.1712,106,106 air · 71° dew · RHB,9,565,.444,0,45,10,6.3,89.1,41.1,0.14,31.7
180,572233,Christian Walker,HOU,NYM,False,6,1B,R,projected,preview,Christian Scott,R,1.01,68% hard · 29% break,0.05910296329505997,0.05765727730717696,0.06000305494576619,2,0.69588576,fair,Weather not posted; Projected order,107.5 last game; 6× 100+ last 3; 16.4% blast,1.1968031963723658,0.9200667572874711,0.96,1.0575050059819677,1,0.8464128000000001,96,96 air · 69° dew · RHB,24,530,.441,1,41,10,9,89.4,41.5,0.159,42.1
181,801501,Nate Furman,SF,AZ,True,9,2B,L,projected,preview,Kohl Drake,L,1.62,57% hard · 26% break,0.05838022260749706,0.05519698197599188,0.05925810330945569,2,0.3,thin,Short season sample; Starter sample thin; Weather not posted; Starter outing length thin; Projected order,Air starter; 16.9% K; pull × porch,0.8974358974358975,1.3634700600455738,0.8,0.9,1,1,80,80 air · 57° dew · pull × porch · LHB,0,16,.077,,,,0,84.2,33.3,0.031,33.3
182,624431,Jose Trevino,CIN,CHC,False,8,C,R,projected,preview,David Peterson,L,0.91,54% hard · 33% break,0.05834166838123556,0.05651287508516456,0.059514520384932545,3,0.61519170816,fair,Weather not posted; Projected order,71.4% ideal AA,0.7590807439239439,0.848389272634652,1.02,0.8865000000000001,1,0.8240000000000001,102,102 air · 61° dew · RHB,4,117,.363,,,,2.2,85.8,29.5,0.077,31.6
183,683357,Owen Caissie,MIA,WSH,False,7,RF,L,projected,preview,Jackson Kent,L,0.73,44% hard · 33% break,0.05812338259728752,0.05535621209822206,0.058993439060328834,2,0.40083019776,thin,Starter sample thin; Weather not posted; Starter outing length thin; Projected order,4S-FB 41%; 107.2 last game; 76.9% ideal AA; 45.1% sweet,1.4078457638401536,0.9835589510609842,1.06,0.72,1,0.837596,106,106 air · 71° dew · LHB,13,301,.423,,,,14.2,91.2,45.7,0.195,32.7
184,701852,Drew Cavanaugh,SF,AZ,True,7,C,L,projected,preview,Kohl Drake,L,1.62,57% hard · 26% break,0.05777701571529807,0.05472487246061197,0.05863657777869724,2,0.34988757221376,thin,Starter sample thin; Weather not posted; Starter outing length thin; Projected order,103.1 last game; 5× 100+ last 3; 72.7% ideal AA; 18.2% barrels last 10,0.8343812640263191,1.1852811200045203,0.8,0.9,1,1.22,80,80 air · 57° dew · pull × porch · LHB,0,112,.250,,,,5.9,86.7,32.9,0.131,25.7
185,699393,Pedro Ramírez,CHC,CIN,True,7,3B,S,projected,preview,Rhett Lowder,R,1.26,50% hard · 30% break,0.05770086487495914,0.05614192024694531,0.05855812847766084,2,0.69588576,fair,Weather not posted; Projected order,Air starter; 17.4% K,0.7525371906473539,1.0381790985149282,1.02,0.931717432734168,1,1.22,102,102 air · 61° dew · switch,3,178,.429,1,42,10,3.8,88.9,41.5,0.094,38.5
186,682626,Francisco Alvarez,NYM,HOU,True,9,C,R,projected,preview,Hunter Brown,R,1.21,63% hard · 28% break,0.057599871180695685,0.05603276848880412,0.05845409138047497,2,0.69588576,fair,Weather not posted; Projected order,76.9% ideal AA; 18.3% blast; 15.3% barrels,1.3097967700683126,0.9349068771359768,0.96,0.9560618472602278,1,0.8034,96,96 air · 69° dew · RHB,13,348,.397,0,37,10,15.3,90,44.1,0.194,41.6
187,650402,Gleyber Torres,DET,LAD,True,3,2B,R,projected,preview,Tarik Skubal,L,0.9,56% hard · 18% break,0.05751812675566665,0.05594442091646079,0.05865755471746548,3,0.69588576,fair,Weather not posted; Projected order,58.3% ideal AA; #3,0.8486973560372453,0.8692719626378013,0.97,0.8003156798702328,1,0.8240000000000001,97,97 air · 56° dew · RHB,8,333,.378,0,44,10,6.3,86.1,32.1,0.123,25
188,669224,Austin Wells,NYY,BOS,True,8,C,L,projected,preview,Patrick Sandoval,L,1.13,41% hard · 35% break,0.05722835291568358,0.055349869156238074,0.05807142553149869,2,0.62908072704,fair,Weather not posted; Projected order,105.4 last game; 26.7% pull air; 8.4% solid; 124 air,0.966658475927902,0.9325472226776836,1.24,0.8893532929103443,1,0.8902400000000001,124,124 air · 67° dew · pull × porch · LHB,8,311,.294,,,,6.3,89.1,42.6,0.143,49.5
189,702332,Caleb Durbin,BOS,NYY,False,4,3B,R,projected,preview,Cam Schlittler,R,0.8,90% hard · 10% break,0.05721329890683108,0.055614969698011385,0.05834048179541973,3,0.69588576,fair,Weather not posted; Projected order,80.8% ideal AA; 120 air,0.7219961121895138,0.8661867741541591,1.2,0.7751605474043612,1,0.8034,120,120 air · 67° dew · RHB,12,479,.398,0,40,10,2.7,83.5,25.3,0.084,39.9
190,665750,Leody Taveras,BAL,ATH,False,9,RF,S,projected,preview,,,,,0.057009709794508354,0.054158017628566424,0.057846257161404235,2,0.4175314559999999,thin,No established starter; Weather not posted; Projected order,111.3 last game; 4× 100+ last 3; 117 air,0.7574167827734493,1,1.17,1,1,0.9637411255411256,117,117 air · 56° dew · switch,8,415,.359,1,36,10,4.4,88.2,33.2,0.11,35
191,608348,Carson Kelly,CHC,CIN,True,8,C,R,projected,preview,Rhett Lowder,R,1.26,50% hard · 30% break,0.056733695007856334,0.05509662437787777,0.05756204218292349,2,0.69588576,fair,Weather not posted; Projected order,29.4% pull air; 70.6% ideal AA; Air starter; 17.4% K,0.8411943400418549,1.0565304040133454,1.02,0.8459667140138825,1,1.1453986627565984,102,102 air · 61° dew · RHB,8,350,.375,1,39,10,5.5,87.2,36.4,0.136,39.5
192,694197,Angel Genao,CLE,KC,True,7,3B,S,projected,preview,Michael Wacha,R,1.22,56% hard · 19% break,0.05651248140569721,0.053631235774969865,0.05757989799713053,2.8374999999999986,0.42614035200000006,thin,Short season sample; Weather not posted; Projected order,103.4 last game; 92.3 EV,0.7762130890136298,0.9933108185395316,0.95,0.7821639843555298,1,0.8400000000000001,95,95 air · 55° dew · switch,1,72,.379,0,42,10,5.2,92.3,56.9,0.1,34.5
193,669016,Brandon Marsh,PHI,LAA,False,7,LF,L,projected,preview,Reid Detmers,L,1.03,47% hard · 43% break,0.05624266082086931,0.05456592545446526,0.057056522511135244,2,0.69588576,fair,Weather not posted; Projected order,42.4% sweet; 8.5% solid,1.1034884374948395,0.9650765042834004,0.85,0.8840602368924757,1,1.080392156862745,85,85 air · 67° dew · LHB,17,501,.430,0,36,10,8.5,89.4,44.2,0.156,37.4
194,622761,Jorge Mateo,TB,SD,True,8,SS,R,projected,preview,Casey Mize,R,0.86,45% hard · 32% break,0.05623821796683005,0.0543093321740723,0.057051949193525076,2,0.638845056,fair,Weather not posted; Projected order,101 last game; 46.1% sweet,1.0978534244737406,0.9816859627807147,1,0.9871785348528572,1,0.8064,100,100 air · roof closed · RHB,5,157,.381,,,,9.8,89.1,43.1,0.175,39.2
195,663662,Daz Cameron,TOR,SEA,True,7,LF,R,projected,preview,,,,,0.05623660028116918,0.052686885575139564,0.05705028400750334,2,0.3,thin,Short season sample; No established starter; Weather not posted; Projected order,12.5% barrels; xSLG 0.465,1.0680740794336048,1,0.98,1,1,0.78,98,98 air · RHB,1,22,.429,,,,12.5,87.7,31.3,0.202,31.3
196,805999,A.J. Ewing,NYM,HOU,True,1,CF,L,projected,preview,Hunter Brown,R,1.21,63% hard · 28% break,0.055916851264245615,0.05421379766882439,0.05699271820198948,3,0.69588576,fair,Weather not posted; Projected order,#1,0.864693504267076,0.9168895889121385,0.96,0.7360288968622339,1,0.8,96,96 air · 69° dew · LHB,7,384,.355,0,42,10,7.3,89.3,42.3,0.14,32.1
197,607043,Brandon Nimmo,TEX,MIL,False,4,RF,L,projected,preview,Logan Henderson,R,1.3,64% hard · 3% break,0.0553107586362416,0.053507861154890035,0.05613342438776889,2.094736842105263,0.68475158784,fair,Weather not posted; Projected order,107.6 last game; 55.2% ideal AA; 16.6% blast; 8.8% solid,1.072798559934466,0.9309621303976675,1.16,0.7615500743322147,1,0.8816800000000001,116,116 air · 59° dew · LHB,13,543,.416,0,45,10,10.1,92.2,50.7,0.191,31.3
198,664702,Myles Straw,TOR,SEA,True,8,CF,R,projected,preview,,,,,0.05517041135393142,0.052056336156032224,0.05595309866652798,2,0.4175314559999999,thin,No established starter; Weather not posted; Projected order,,0.6695568141575544,1,0.98,1,1,1.22,98,98 air · RHB,3,264,.336,,,,3.4,85.8,26.1,0.102,37.2
199,669743,Alex Call,LAD,DET,False,7,RF,R,projected,preview,Drew Anderson,R,1.44,41% hard · 30% off,0.05509986603052974,0.053106449816572754,0.05614402874008895,3,0.647616384,fair,Weather not posted; Projected order,4S-FB 40%,0.5803304212846707,1.0688829337761392,0.97,0.72,1,1,97,97 air · 56° dew · RHB,1,163,.328,,,,1.8,83.9,17.3,0.057,37.3
200,701358,Cam Smith,HOU,NYM,False,9,RF,R,projected,preview,Christian Scott,R,1.01,68% hard · 29% break,0.05502105980778965,0.05324564601229653,0.05579945459095148,2,0.69588576,fair,Weather not posted; Projected order,4S-FB 48%; 17.1% blast; 77.7 bat,1.1788610992560429,0.9899407425260408,0.96,0.9267883137854027,1,0.8,96,96 air · 69° dew · RHB,17,475,.387,,,,11.3,89.4,44.6,0.187,38.5
201,664770,Nathan Lukes,TOR,SEA,True,9,RF,L,projected,preview,,,,,0.05486869162136533,0.05171157493738343,0.05564271968484702,2,0.4175314559999999,thin,No established starter; Weather not posted; Projected order,13.6% barrels last 10,0.7262316904443648,1,0.98,1,1,1.11264,98,98 air · LHB,9,354,.383,3,39,10,2.2,86.9,27.5,0.086,33.7
202,677649,Ezequiel Duran,TEX,MIL,False,5,SS,R,projected,preview,Logan Henderson,R,1.3,64% hard · 3% break,0.05469604101396881,0.052842045717145014,0.05546513635159411,2,0.68475158784,fair,Weather not posted; Projected order,102.2 last game; 21.7% pull air; 65.2% ideal AA; 116 air,0.9203131107940152,1.010268166356394,1.16,0.8304941790594378,1,0.9158900087183959,116,116 air · 59° dew · RHB,14,482,.446,1,43,10,6.2,88.8,37.1,0.128,37.7
203,607208,Trea Turner,PHI,LAA,False,2,SS,R,projected,preview,Reid Detmers,L,1.03,47% hard · 43% break,0.054386602950738994,0.05255993902913414,0.05540348640193937,3,0.69588576,fair,Weather not posted; Projected order,100.2 last game; #2,0.9091350047910863,0.921545030965501,0.85,0.7299209622132986,1,0.8193907842268499,85,85 air · 67° dew · RHB,17,574,.380,0,45,10,6.1,88.5,40,0.122,33.3
204,666163,Ben Rortvedt,LAD,DET,False,9,C,L,projected,preview,Drew Anderson,R,1.44,41% hard · 30% off,0.05430228302870228,0.050657630310383284,0.055060189135614834,2,0.3424608,thin,Short season sample; Weather not posted; Projected order,75% ideal AA; Platoon,0.8588957055214724,1.059185926939432,0.97,1.08,1,0.8034,97,97 air · 56° dew · LHB,0,23,.174,,,,0,85,6.3,0.031,25
205,671056,Iván Herrera,STL,PIT,True,2,DH,R,projected,preview,Jared Jones,R,1.46,47% hard · 41% break,0.054009425683634225,0.05215229415451472,0.05501203423786716,3,0.69588576,fair,Weather not posted; Projected order,#2,0.8556320625432008,0.9546122098197699,0.87,0.7365674038571506,1,0.8034,87,87 air · 64° dew · RHB,14,599,.378,1,45,10,5.6,89.2,40.1,0.125,38.5
206,602104,Ramón Urías,STL,PIT,True,7,2B,R,projected,preview,Jared Jones,R,1.46,47% hard · 41% break,0.05397703687768779,0.05143861472025624,0.05472576419435171,2,0.55940606208,fair,Weather not posted; Projected order,11.1% vs hard; 104.4 last game; 83.3% ideal AA,1.1537963233902093,1.1328982213398713,0.87,0.7,1,0.9861923076923077,87,87 air · 64° dew · RHB,3,81,.333,,,,10.3,89.3,37.9,0.211,29.3
207,691788,Joe Mack,MIA,WSH,False,8,C,L,projected,preview,Jackson Kent,L,0.73,44% hard · 33% break,0.05371006037621648,0.05029592994823584,0.05445129629321954,2,0.40083019776,thin,Starter sample thin; Weather not posted; Starter outing length thin; Projected order,,1.1586767182803717,0.9116824986280839,1.06,0.8447981533736906,1,0.8,106,106 air · 71° dew · LHB,12,263,.417,,,,9,88.3,38.4,0.175,49.2
208,660688,Keibert Ruiz,WSH,MIA,True,6,C,S,projected,preview,Eury Pérez,R,0.92,55% hard · 36% break,0.053638088545407164,0.05175096116242839,0.05437731154821002,2,0.69588576,fair,Weather not posted; Projected order,47.8% pull air; 73.9% ideal AA,0.9154557541866184,0.9268981056808648,1.06,0.8631091209860091,1,1.0213051178838413,106,106 air · 71° dew · switch,9,306,.453,2,37,10,4.7,88.2,36.9,0.121,59.6
209,679529,Spencer Torkelson,DET,LAD,True,7,1B,R,projected,preview,Tarik Skubal,L,0.9,56% hard · 18% break,0.05340790050019183,0.051502178998140025,0.054140704470327705,2,0.69588576,fair,Weather not posted; Projected order,90% ideal AA; 41.2% sweet; 12.4% barrels,1.2626388482215112,0.9097376640323869,0.97,0.8787730084653788,1,0.8034,97,97 air · 56° dew · RHB,20,516,.408,,,,12.4,89.4,41.2,0.181,46
210,687462,Spencer Horwitz,PIT,STL,False,1,1B,L,projected,preview,Quinn Mathews,L,0.64,47% hard · 36% break,0.053218608141200704,0.04973243450243592,0.05419162455835447,3,0.40083019776,thin,Starter sample thin; Weather not posted; Starter outing length thin; Projected order,101.5 last game; #1,0.9032425939003876,0.8423128998449495,0.87,0.7175100824831778,1,0.8190000000000001,87,87 air · 64° dew · LHB,10,371,.394,0,46,10,6.8,86.8,31.6,0.134,41.1
211,680757,Steven Kwan,CLE,KC,True,1,CF,L,projected,preview,Michael Wacha,R,1.22,56% hard · 19% break,0.052996315457890374,0.05105734695867992,0.053961096014740084,3,0.69588576,fair,Weather not posted; Projected order,101 last game; 40.1% sweet; #1,0.5303441583250247,0.9598763108343842,0.95,0.717001884731863,1,1.1712,95,95 air · 55° dew · LHB,2,518,.335,0,50,10,0.5,83.8,9.7,0.063,27.3
212,686555,Isaac Collins,KC,CLE,False,6,2B,S,projected,preview,Tanner Bibee,R,1.5,69% hard · 16% break,0.05289237581173847,0.0509450112806874,0.05374393263351456,2.4484848484848456,0.69588576,fair,Weather not posted; Projected order,,0.7530310478095981,1.0560558590876234,0.95,0.7,1,1.058479262672811,95,95 air · 55° dew · switch,6,442,.347,0,36,10,5.6,88.8,40.4,0.092,39.6
213,500743,Miguel Rojas,LAD,DET,False,6,2B,R,projected,preview,Drew Anderson,R,1.44,41% hard · 30% off,0.052454892804667336,0.05026733998840316,0.05339976475240704,3,0.656496,fair,Weather not posted; Projected order,,0.756049896440517,0.9611331343334878,0.97,0.72,1,0.78,97,97 air · 56° dew · RHB,3,202,.391,,,,5.4,86.9,36.1,0.111,34.3
214,650333,Luis Arraez,PHI,LAA,False,4,2B,L,projected,preview,Reid Detmers,L,1.03,47% hard · 43% break,0.05192335194284718,0.04989771164736223,0.05284888661519249,3,0.69588576,fair,Weather not posted; Projected order,59.3% ideal AA; 40.4% sweet,0.6117589361288212,0.9000264568905739,0.85,0.7,1,1.19377,85,85 air · 67° dew · LHB,6,553,.437,1,37,10,1.2,86.6,19.7,0.092,30.3
215,678011,Anthony Seigler,BOS,NYY,False,8,2B,S,projected,preview,Cam Schlittler,R,0.8,90% hard · 10% break,0.05187860037116804,0.0496391053477494,0.052569488142047094,2,0.6563877119999999,fair,Weather not posted; Projected order,38.2% sweet; 9.8% solid; 121 air,0.8967861824052213,0.9273372021824761,1.21,0.73606357483953,1,1,121,121 air · 67° dew · switch,3,169,.408,,,,5.7,87,35,0.131,34.1
216,657757,Gavin Sheets,SD,TB,False,7,DH,L,projected,preview,Shane McClanahan,L,0.67,38% hard · 33% break,0.05162634551853449,0.04936494943343617,0.05231044108003147,2,0.656496,fair,Weather not posted; Projected order,4S-FB 38%,1.0212206686574277,0.9982651094133433,1,0.72,1,1,100,100 air · roof closed · LHB,16,408,.389,,,,7,87.4,38.9,0.149,38.9
217,669364,Xavier Edwards,MIA,WSH,False,4,2B,S,projected,preview,Jackson Kent,L,0.73,44% hard · 33% break,0.05129285006981829,0.04752437474480431,0.052195714203690735,3,0.40083019776,thin,Starter sample thin; Weather not posted; Starter outing length thin; Projected order,,0.6099940982927299,0.8630703568695075,1.06,0.8294477290135542,1,0.78,106,106 air · 71° dew · switch,6,563,.382,0,44,10,3.3,86.9,29,0.101,28.8
218,621493,Taylor Ward,SEA,TOR,False,1,RF,R,projected,preview,Dylan Cease,R,0.56,45% hard · 43% break,0.050772089748661264,0.048653452849886425,0.05165644743691067,3,0.69588576,fair,Weather not posted; Projected order,102.8 last game; 75% ideal AA; #1,0.7485195135873955,0.8211154343948665,0.98,0.72,1,0.8652000000000001,98,98 air · RHB,7,566,.324,0,42,10,5.5,88.9,37.9,0.125,31.9
219,673490,Ha-Seong Kim,ATL,COL,True,9,SS,R,projected,preview,Tomoyuki Sugano,R,1.92,51% hard · 27% break,0.05065736446720914,0.047635741149745225,0.05131568946348741,2,0.539436672,fair,Weather not posted; Projected order,105 last game; Air starter; 13.8% K,0.6443394322514903,1.395004650884931,1.07,0.72,1,1,107,107 air · 70° dew · RHB,0,89,.088,,,,3.8,85.9,25.5,0.056,47.3
220,595978,Austin Hedges,CLE,KC,True,8,C,R,projected,preview,Michael Wacha,R,1.22,56% hard · 19% break,0.04998202667136242,0.04779957009454672,0.05062269087932836,2,0.69588576,fair,Weather not posted; Projected order,60% ideal AA,0.7811629644848523,0.9729747232944796,0.95,0.8078930492620602,1,1.19377,95,95 air · 55° dew · RHB,5,202,.390,,,,4.7,86.5,32.4,0.093,49.3
221,686668,Brenton Doyle,CWS,MIN,False,6,CF,R,projected,preview,Dean Kremer,R,2.15,58% hard · 15% break,0.049930117516301484,0.047580173573491535,0.05056943444122797,2,0.6673544438399999,fair,Weather not posted; Projected order,100.1 last game; 20% pull air; 60% ideal AA; 20% barrels last 10,0.7807469469119501,1.1452325021764902,0.88,0.72,1,1.22,88,88 air · 57° dew · RHB,3,176,.313,,,,6.5,87.9,32.7,0.085,35.5
222,676356,Jonny DeLuca,TB,SD,True,6,RF,R,projected,preview,Casey Mize,R,0.86,45% hard · 32% break,0.049587030523797544,0.047372666966780774,0.05021747933139742,2,0.69588576,fair,Weather not posted; Projected order,108.9 last game; 25% pull air; 66.7% ideal AA,0.8412418782208925,1.0098964914762443,1,0.8809223021210244,1,0.9169472000000002,100,100 air · roof closed · RHB,8,279,.436,,,,3.8,85.7,30.5,0.108,46.5
223,669326,Bryce Teodosio,LAA,PHI,True,9,CF,R,projected,preview,Andrew Painter,R,1.66,42% hard · 42% break,0.04938471160033671,0.045344285618879376,0.05000996064116969,2,0.4020192,thin,Short season sample; Weather not posted; Projected order,,0.7275806018854484,1.147930028149414,0.85,0.9,1,1,85,85 air · 67° dew · RHB,0,54,.245,,,,6.3,82.9,21.9,0.074,34.4
224,694203,Denzer Guzman,LAA,PHI,True,7,3B,R,projected,preview,Andrew Painter,R,1.66,42% hard · 42% break,0.04918419542988943,0.04693729167863314,0.04980431282385345,2,0.69588576,fair,Weather not posted; Projected order,106.6 last game; 33.3% pull air,0.8720593483952266,1.0678502679636184,0.85,0.7,1,1.22,85,85 air · 67° dew · RHB,6,216,.353,,,,6.2,86.6,32.9,0.105,43.2
225,694497,Evan Carter,TEX,MIL,False,6,CF,L,projected,preview,Logan Henderson,R,1.3,64% hard · 3% break,0.048856513477868735,0.0465171130296822,0.049468291442426926,2,0.68475158784,fair,Weather not posted; Projected order,18.8% pull air; 8.8% solid; 116 air,0.8642831085198828,0.984253097193178,1.16,0.8113607152130184,1,0.8320000000000001,116,116 air · 59° dew · LHB,8,378,.325,,,,5.4,87.8,35.8,0.121,38.8
226,687859,Troy Johnston,COL,ATL,False,6,RF,L,projected,preview,Grant Holmes,R,1.38,49% hard · 44% break,0.04877287843001125,0.04649274933351455,0.04938253717445784,2,0.69588576,fair,Weather not posted; Projected order,40.8% sweet; 18.9% K; 110 air,0.6822690306703985,1.038437818203913,1.1,0.7,1,1.22,110,110 air · 70° dew · LHB,4,394,.403,1,36,10,2.5,89.7,37.3,0.107,38
227,801126,Brock Rodden,SEA,TOR,False,9,2B,S,projected,preview,Dylan Cease,R,0.56,45% hard · 43% break,0.048633905506203834,0.04421976951618267,0.04924005116590924,2,0.3630084480000001,thin,Short season sample; Weather not posted; Projected order,4S-FB 37%; 101.6 last game; 35.7% pull air; 57.1% ideal AA,0.7865168539325843,0.8585043852064572,0.98,1.03,1,0.8998080000000002,98,98 air · switch,0,38,.313,,,,5.3,90.1,42.1,0.082,63.2
228,686217,Sal Frelick,MIL,TEX,True,7,RF,L,projected,preview,Cody Bradford,L,0.44,50% hard · 14% break,0.048445119126382774,0.044105154277030434,0.04904650914111519,2,0.378141696,thin,Starter sample thin; Weather not posted; Starter outing length thin; Projected order,10.4% vs hard; Air starter; 14.9% K; 116 air,0.6084682326576291,1.1660691626046091,1.16,0.7420014967489447,1,1,116,116 air · 59° dew · LHB,4,323,.333,,,,2.4,85.9,28.2,0.08,38.7
229,694378,Jacob Gonzalez,PIT,STL,False,9,SS,L,projected,preview,Quinn Mathews,L,0.64,47% hard · 36% break,0.048196948074746046,0.04397463674267654,0.04879211571370079,2,0.40083019776,thin,Starter sample thin; Weather not posted; Starter outing length thin; Projected order,4S-FB 43%; 103.7 last game; 100% ideal AA; 9.3% solid,0.92900704395418,0.9656686379786066,0.87,0.9,1,0.8652000000000001,87,87 air · 64° dew · LHB,6,188,.356,,,,3.6,88.3,36.7,0.139,43.6
230,630105,Jake Cronenworth,SD,TB,False,2,2B,L,projected,preview,Shane McClanahan,L,0.67,38% hard · 33% break,0.047971318482619055,0.04562644101445068,0.04875952194556765,3,0.69588576,fair,Weather not posted; Projected order,#2,0.646358761436193,0.8668592160892977,1,0.7727456045148686,1,0.78,100,100 air · roof closed · LHB,4,318,.306,1,43,10,3.3,87.2,30,0.088,30
231,655316,Andruw Monasterio,BOS,NYY,False,6,SS,R,projected,preview,Cam Schlittler,R,0.8,90% hard · 10% break,0.047937064104012966,0.04558941963726315,0.04856601128677343,2.1454545454545446,0.69588576,fair,Weather not posted; Projected order,102.1 last game; 120 air,0.9175674388290425,0.8901394240644526,1.2,0.7,1,0.8400000000000001,120,120 air · 67° dew · RHB,6,307,.411,0,42,10,7.2,88,32.3,0.134,36.8
232,701675,Nathan Church,STL,PIT,True,8,CF,L,projected,preview,Jared Jones,R,1.46,47% hard · 41% break,0.04760851004499841,0.04523432565394658,0.04818905633255399,2,0.69588576,fair,Weather not posted; Projected order,,0.8773601737598418,0.97304654049324,0.87,0.9515346499858777,1,0.9004962779156327,87,87 air · 64° dew · LHB,10,371,.375,,,,6.5,85.7,29.9,0.123,33.8
233,593428,Xander Bogaerts,SD,TB,False,8,SS,R,projected,preview,Shane McClanahan,L,0.67,38% hard · 33% break,0.047552935551605634,0.045174261966744456,0.04813211056855149,2,0.69588576,fair,Weather not posted; Projected order,101.2 last game; 63.6% ideal AA,0.8531302128789974,0.8907619699887546,1,0.7,1,1.19377,100,100 air · roof closed · RHB,11,504,.323,0,38,10,6.3,89,41.1,0.131,44
234,666023,Freddy Fermin,SD,TB,False,9,C,R,projected,preview,Shane McClanahan,L,0.67,38% hard · 33% break,0.04694450914319458,0.044516688118575676,0.0475087801920282,2,0.69588576,fair,Weather not posted; Projected order,76.9% ideal AA,0.7653989028902748,0.9667574558517342,1,1.0392302615858586,1,0.8062840000000001,100,100 air · roof closed · RHB,4,229,.318,,,,3.7,87.1,27.8,0.102,38.9
235,668942,Josh Rojas,KC,CLE,False,8,3B,L,projected,preview,Tanner Bibee,R,1.5,69% hard · 16% break,0.046832584209570274,0.043332739178712165,0.047394135222953215,2,0.5335891199999999,fair,Weather not posted; Projected order,,0.7190998047656356,1.0254440267684697,0.95,0.8470016439701523,1,1,95,95 air · 55° dew · LHB,1,85,.300,,,,1.5,86,29.9,0.075,31.3
236,702176,Alan Roden,MIN,CWS,True,9,RF,L,projected,preview,Luis Castillo,R,1.6,61% hard · 25% break,0.04570512585919128,0.0411263352727963,0.04623965221851356,2,0.4020192,thin,Short season sample; Weather not posted; Projected order,100.1 last game; Air starter,0.7603164039971196,1.1072445429957163,0.88,0.7355,1,1,88,88 air · 57° dew · LHB,0,79,.313,,,,5.1,87.9,40.7,0.119,33.9
237,543760,Marcus Semien,NYM,HOU,True,6,2B,R,projected,preview,Hunter Brown,R,1.21,63% hard · 28% break,0.0456091211314041,0.043073430196874374,0.0461413778181432,2,0.69588576,fair,Weather not posted; Projected order,68% ideal AA,0.9535081926727031,0.9065571910665511,0.96,0.8592897721430777,1,0.8240000000000001,96,96 air · 69° dew · RHB,14,445,.346,0,39,10,6.4,86.5,33.4,0.14,47.5
238,514888,Jose Altuve,HOU,NYM,False,4,2B,R,projected,preview,Christian Scott,R,1.01,68% hard · 29% break,0.0453130175286634,0.042753407951259925,0.04585670431865864,2.071999999999999,0.69588576,fair,Weather not posted; Projected order,20% pull air; 64% ideal AA,0.8400794703334538,0.9239875104099988,0.96,0.8340877177693831,1,0.8826688,96,96 air · 69° dew · RHB,14,458,.397,1,40,10,4.6,85.4,32.5,0.105,42.3
239,686780,Pedro Pagés,STL,PIT,True,9,C,R,projected,preview,Jared Jones,R,1.46,47% hard · 41% break,0.04458257431972565,0.041693410696255984,0.04509087098118614,2,0.656496,fair,Weather not posted; Projected order,,0.8218849367285721,0.9455007285089544,0.87,1.0566024527892337,1,0.78,87,87 air · 64° dew · RHB,4,196,.311,,,,4.6,86.8,38.5,0.114,37.4
240,592663,J.T. Realmuto,PHI,LAA,False,8,C,R,projected,preview,Reid Detmers,L,1.03,47% hard · 43% break,0.043858132056498675,0.041180999808959395,0.044349859567411,2,0.69588576,fair,Weather not posted; Projected order,106.7 last game; 4× 100+ last 3; 33.3% pull air; 61.1% ideal AA,0.8701555126910816,1.0046055791919746,0.85,0.7781272766738363,1,0.9444556160000002,85,85 air · 67° dew · RHB,9,376,.357,1,40,10,4.2,90,41,0.128,44.1
241,676391,Ernie Clement,TOR,SEA,True,6,SS,R,projected,preview,,,,,0.043854893465079724,0.03912661590265709,0.04434654753464029,2,0.4175314559999999,thin,No established starter; Weather not posted; Projected order,,0.6572124810282152,1,0.98,1,1,0.78,98,98 air · RHB,9,526,.397,0,39,10,2.2,84.3,20.2,0.08,41.3
242,672695,Geraldo Perdomo,AZ,SF,False,4,SS,S,projected,preview,Blade Tidwell,R,0.55,45% hard · 49% break,0.04356279307126498,0.03967903135288364,0.04421113392713971,3,0.532978903584,fair,Weather not posted; Starter outing length thin; Projected order,100.5 last game,0.6523624742341617,0.8849299196408074,0.78,0.7478078434305806,1,0.798,78,78 air · 57° dew · switch,9,562,.376,0,41,10,2.9,87.5,30.3,0.092,44.4
243,806198,Cooper Pratt,MIL,TEX,True,8,SS,R,projected,preview,Cody Bradford,L,0.44,50% hard · 14% break,0.043270474038027446,0.038325978570527997,0.04374896706790454,2,0.40083019776,thin,Starter sample thin; Weather not posted; Starter outing length thin; Projected order,38.7% sweet; Air starter; 14.9% K; 116 air,0.6936100551437936,1.0780486386812864,1.16,0.7,1,0.8,116,116 air · 59° dew · RHB,2,180,.353,,,,3.3,86.9,29,0.091,33.1
244,681082,Bryson Stott,PHI,LAA,False,6,3B,L,projected,preview,Reid Detmers,L,1.03,47% hard · 43% break,0.04307547203219939,0.04033511811008572,0.043576394605690454,2.1187499999999986,0.69588576,fair,Weather not posted; Projected order,102.1 last game; 71.4% ideal AA,0.8223097723283309,1.0016745935974058,0.85,0.7947951288336412,1,0.8652000000000001,85,85 air · 67° dew · LHB,9,502,.409,0,39,10,5.8,89.2,38.1,0.13,36.7
245,657136,Connor Wong,BOS,NYY,False,9,C,R,projected,preview,Cam Schlittler,R,0.8,90% hard · 10% break,0.042849338678108556,0.040090718166570505,0.04331846094272018,2,0.69588576,fair,Weather not posted; Projected order,4S-FB 44%; 66.7% ideal AA; 120 air,0.7915175674471722,0.9540789843590212,1.2,0.7,1,0.8240000000000001,120,120 air · 67° dew · RHB,4,206,.374,,,,5.1,86.4,36.8,0.119,42.6
246,805300,Jakob Marsee,MIA,WSH,False,5,CF,L,projected,preview,Jackson Kent,L,0.73,44% hard · 33% break,0.04264489163235948,0.03760869047730131,0.04315794710003846,2.23076923076923,0.40083019776,thin,Starter sample thin; Weather not posted; Starter outing length thin; Projected order,104.9 last game; 31.6% pull air,0.685171330710534,0.9020198290963829,1.06,0.72,1,0.8386560000000001,106,106 air · 71° dew · LHB,8,509,.326,1,38,10,3.4,87.2,34.8,0.095,41.5
247,678391,Jorbit Vivas,WSH,MIA,True,8,2B,L,projected,preview,Eury Pérez,R,0.92,55% hard · 36% break,0.042524040575467374,0.03973914314911786,0.042985989396567836,2,0.69588576,fair,Weather not posted; Projected order,,0.6017873272233021,0.8882080809535737,1.06,0.7454088742529414,1,1.22,106,106 air · 71° dew · LHB,3,295,.315,,,,3.2,82.4,21.8,0.076,39.4
248,703601,Max Clark,DET,LAD,True,8,CF,L,projected,preview,Tarik Skubal,L,0.9,56% hard · 18% break,0.042511619650961584,0.038874360704994726,0.042973295686501434,2,0.58110048,fair,Weather not posted; Projected order,20–30° last 5; 31.8% pull air; 39.1% sweet; 8.7% solid,0.8317102627254673,0.860096609213858,0.97,0.8359854154164381,1,0.85696,97,97 air · 56° dew · LHB,2,95,.386,1,36,10,1.4,86.2,39.1,0.097,37.7
249,642215,Weston Wilson,SEA,TOR,False,7,3B,R,projected,preview,Dylan Cease,R,0.56,45% hard · 43% break,0.04236225382240945,0.03887007147325716,0.04282065596676543,2,0.602297856,fair,Weather not posted; Projected order,101.7 last game; 8% solid,0.9313386940554358,0.758398678595369,0.98,0.8547943449467792,1,0.8400000000000001,98,98 air · RHB,4,132,.333,,,,5.4,85.2,34.7,0.104,45.3
250,683766,Christian Koss,SF,AZ,True,8,SS,R,projected,preview,Kohl Drake,L,1.62,57% hard · 26% break,0.0420799933710788,0.03659572118324117,0.04253224125767918,2,0.357028134912,thin,Starter sample thin; Weather not posted; Starter outing length thin; Projected order,100.2 last game; 55% ideal AA; Air starter; 16.9% K,0.6243936960225318,1.1898632216721672,0.78,0.7188722222222224,1,1.0815000000000001,78,78 air · 57° dew · RHB,0,120,.252,0,36,10,5,85.1,29.3,0.069,41.5
251,814439,Ryan Waldschmidt,AZ,SF,False,9,CF,R,projected,preview,Blade Tidwell,R,0.55,45% hard · 49% break,0.04196799359512333,0.03789899448035494,0.04241781127343036,2,0.532978903584,fair,Weather not posted; Starter outing length thin; Projected order,48.3% sweet,0.8612618079904546,0.8799700321253671,0.78,0.9505256723964401,1,0.8488160077034185,78,78 air · 57° dew · RHB,3,242,.393,,,,6.7,87.5,31.5,0.128,36.2
252,640902,Jhonny Pereda,SEA,TOR,False,8,C,R,projected,preview,Dylan Cease,R,0.56,45% hard · 43% break,0.04196015597343474,0.037860558679638445,0.04240980383884718,2,0.529203456,fair,Weather not posted; Projected order,102.8 last game; 45% sweet,0.8248442368632977,0.721079287357621,0.98,0.8169140400382331,1,1,98,98 air · RHB,2,82,.355,,,,3.4,89.6,47.5,0.1,30
253,675961,Alika Williams,ATH,BAL,True,8,SS,R,projected,preview,Brandon Young,R,1.17,54% hard · 27% break,0.04153153893737447,0.038572937552717845,0.041971950085877285,2,0.68337416448,fair,Weather not posted; Projected order,101.9 last game; 9.6% solid; 18.7% K; 117 air,0.7247444405286152,0.957254785399587,1.17,0.7691127028917347,1,0.78624,117,117 air · 56° dew · RHB,2,161,.416,,,,0.9,85.4,35.1,0.08,38.3
254,699912,Jose Fernandez,AZ,SF,False,7,3B,R,projected,preview,Blade Tidwell,R,0.55,45% hard · 49% break,0.040673485780655896,0.03645412841662676,0.04114888785129874,2.2857142857142847,0.532978903584,fair,Weather not posted; Starter outing length thin; Projected order,,0.7136500460474914,0.8571651248080814,0.78,0.7411751546559584,1,1.0225799999999998,78,78 air · 57° dew · RHB,3,205,.360,,,,4,87.7,38.3,0.103,42.3
255,683227,Cody Freeman,TEX,MIL,False,9,3B,R,projected,preview,Logan Henderson,R,1.3,64% hard · 3% break,0.040663801959317264,0.03549558880268178,0.041085812966088486,2,0.41932210636800005,thin,Short season sample; Weather not posted; Projected order,76.2% ideal AA; 116 air,0.6243544824742269,0.9355741588497416,1.16,0.7875000000000001,1,0.8034,116,116 air · 59° dew · RHB,0,54,.319,,,,0,83.4,17.9,0.03,43.6
256,677587,Brayan Rocchio,CLE,KC,True,9,SS,S,projected,preview,Michael Wacha,R,1.22,56% hard · 19% break,0.039381279799534444,0.03634251659127141,0.03977682882742606,2,0.69588576,fair,Weather not posted; Projected order,26.1% pull air; 65.2% ideal AA,0.7265674453221806,1.0052928535731438,0.95,0.7491463943757085,1,0.85696,95,95 air · 55° dew · switch,10,499,.367,1,38,10,3.1,86.7,31.1,0.105,43.1
257,691594,Javier Sanoja,MIA,WSH,False,9,3B,R,projected,preview,Jackson Kent,L,0.73,44% hard · 33% break,0.03901425465412714,0.03344582935505802,0.03940239177349514,2,0.40083019776,thin,Starter sample thin; Weather not posted; Starter outing length thin; Projected order,22.2% pull air,0.6377385196469174,0.8823401950048254,1.06,0.8133831302908618,1,0.80211456,106,106 air · 71° dew · RHB,6,372,.420,2,41,10,2.2,86.8,30.8,0.075,38.6
258,680700,Richie Palacios,TB,SD,True,7,2B,L,projected,preview,Casey Mize,R,0.86,45% hard · 32% break,0.03854983249701405,0.03544390667771469,0.03892869328727788,2,0.69588576,fair,Weather not posted; Projected order,101.1 last game; 70.8% ideal AA,0.672842145988925,1.0028842586841904,1,0.7325535444011391,1,0.8652000000000001,100,100 air · roof closed · LHB,5,330,.337,0,37,10,3.6,86.1,27.5,0.087,37.1
259,687231,Darell Hernaiz,ATH,BAL,True,9,3B,R,projected,preview,Brandon Young,R,1.17,54% hard · 27% break,0.03764873993826082,0.03424998533106349,0.03800992860642727,2,0.66942775296,fair,Weather not posted; Projected order,103.9 last game; 70% ideal AA; 18.7% K; 117 air,0.6154589280082178,0.9274783172611856,1.17,0.7,1,0.8652000000000001,117,117 air · 56° dew · RHB,1,152,.286,,,,0.9,85.1,27.8,0.053,26.9
260,656716,Zach McKinstry,DET,LAD,True,6,RF,L,projected,preview,Tarik Skubal,L,0.9,56% hard · 18% break,0.037466054940668146,0.03427258378897535,0.037890362533240525,2.4538461538461505,0.69588576,fair,Weather not posted; Projected order,38.4% sweet,0.6309509636271854,0.849273691185958,0.97,0.72,1,0.78,97,97 air · 56° dew · LHB,4,368,.318,,,,2.2,85.7,22.5,0.083,39.5
261,682668,Luisangel Acuña,CWS,MIN,False,9,SS,R,projected,preview,Dean Kremer,R,2.15,58% hard · 15% break,0.03692606696155793,0.03312299891240933,0.03727339342592906,2,0.6295796639999999,fair,Weather not posted; Projected order,,0.5720205702483105,1.0569082193862378,0.88,0.72,1,1,88,88 air · 57° dew · RHB,1,207,.273,,,,3.2,88.4,36.1,0.07,36.1
262,666624,Christopher Morel,NYM,HOU,True,8,DH,R,projected,preview,Hunter Brown,R,1.21,63% hard · 28% break,0.03501244413245928,0.030141296408645712,0.03532439739529436,2,0.5335891199999999,fair,Weather not posted; Projected order,62.5% ideal AA; 76 bat,0.666369980011791,0.8657766685838385,0.96,0.72,1,0.8240000000000001,96,96 air · 69° dew · RHB,0,85,.205,,,,2.1,87.9,41.7,0.05,54.2
263,650859,Luis Rengifo,SD,TB,False,6,LF,S,projected,preview,Shane McClanahan,L,0.67,38% hard · 33% break,0.034416090760451414,0.030976249745882534,0.03471741549511642,2,0.69588576,fair,Weather not posted; Projected order,55.6% ideal AA,0.6578768782668583,0.8801115959001464,1,0.72,1,0.8240000000000001,100,100 air · roof closed · switch,4,347,.324,,,,4.2,87.7,34.4,0.092,39.3
264,545121,Ildemaro Vargas,AZ,SF,False,8,2B,S,projected,preview,Blade Tidwell,R,0.55,45% hard · 49% break,0.03417133814580466,0.02919675047425252,0.03446835502025514,2,0.532978903584,fair,Weather not posted; Starter outing length thin; Projected order,100.3 last game; 20% pull air,0.7349202212859023,0.8900928708113989,0.78,0.7,1,0.8736000000000002,78,78 air · 57° dew · switch,9,419,.395,0,41,10,3.4,87.4,35.4,0.099,40.2
265,663968,Jake Mangum,PIT,STL,False,7,LF,S,projected,preview,Quinn Mathews,L,0.64,47% hard · 36% break,0.03291717091174248,0.026454958876293677,0.03319260822188541,2,0.40083019776,thin,Starter sample thin; Weather not posted; Starter outing length thin; Projected order,100.9 last game,0.5797000101074197,0.8938711807197152,0.87,0.72,1,0.8190000000000001,87,87 air · 64° dew · switch,4,399,.376,,,,2.1,85.4,27.7,0.08,29.1
266,693304,Nick Gonzales,PIT,STL,False,6,3B,R,projected,preview,Quinn Mathews,L,0.64,47% hard · 36% break,0.032647169435698196,0.02614537720940935,0.032918069256593796,2,0.40083019776,thin,Starter sample thin; Weather not posted; Starter outing length thin; Projected order,,0.6329389603959485,0.8674399362480645,0.87,0.7,1,0.78,87,87 air · 64° dew · RHB,6,521,.394,0,43,10,2.6,86,33.8,0.1,36.9
267,683083,Nasim Nuñez,WSH,MIA,True,9,SS,S,projected,preview,Eury Pérez,R,0.92,55% hard · 36% break,0.03164884240053271,0.027985468728301988,0.03190329749834975,2,0.69588576,fair,Weather not posted; Projected order,55.2% ideal AA,0.5363368486303135,0.8882080809535737,1.06,0.7,1,0.8240000000000001,106,106 air · 71° dew · switch,1,444,.250,0,36,10,0.3,85.1,21.5,0.048,32.2
268,623168,Tyler Heineman,LAA,PHI,True,8,C,S,projected,preview,Andrew Painter,R,1.66,42% hard · 42% break,0.0315718933179415,0.02779737696471174,0.03182510260692695,2,0.68492376576,fair,Weather not posted; Projected order,30.8% pull air,0.5839528468115801,1.0221233766240931,0.85,0.7,1,0.8112,85,85 air · 67° dew · switch,1,162,.224,,,,0.8,81.4,11.7,0.045,50
269,802415,Chandler Simpson,TB,SD,True,5,LF,L,projected,preview,Casey Mize,R,0.86,45% hard · 32% break,0.029609585193500258,0.025781484498662355,0.029832073343493137,2,0.69588576,fair,Weather not posted; Projected order,,0.5166522175861785,0.903731616328121,1,0.7,1,0.78,100,100 air · roof closed · LHB,0,505,.361,0,41,10,0,83.8,13.2,0.037,29.3
270,702222,Justin Crawford,PHI,LAA,False,9,CF,L,projected,preview,Reid Detmers,L,1.03,47% hard · 43% break,0.029107089015355657,0.025238397707910476,0.029322034441299882,2,0.69588576,fair,Weather not posted; Projected order,104.6 last game,0.5605039304016137,0.9204403212439334,0.85,0.72,1,0.78,85,85 air · 67° dew · LHB,2,394,.353,,,,1.3,87.2,35.7,0.063,27
