rank,playerId,name,team,opponent,isHome,battingOrder,position,bats,lineupSource,gameStatus,pitcher,pitcherThrows,pitcherHr9,pitcherMixLabel,pHr,pHrRaw,xHr,expectedPa,confidence,confidenceBand,confidenceNotes,reasons,factor_batter,factor_pitcher,factor_park,factor_platoon,factor_weather,factor_form,parkHrFactor,parkAirLabel,season_hr,season_pa,season_slg,recent_hr,recent_pa,recent_games,barrelPct,evAvg,hardHitPct,xIso,pullPct
1,608369,Corey Seager,TEX,TB,True,2,SS,L,official,preview,Ian Seymour,L,1.59,43% hard · 30% off,0.24942567467476473,0.25301335253726986,0.28127164328610754,3.172961647080259,0.97,stable,,30.8% vs LHP last 10; 19.7% vs CH; trending +5.2 brl; 24% pull air,1.2909905101000003,1.1932801583445807,1.12,1.42,1,1.22,112,112 air · 72°F · roof closed · LHB,14,352,.411,1,43,10,14.8,91.9,49.8,0.227,44.4
2,691718,Pete Crow-Armstrong,CHC,MIA,False,1,CF,L,official,preview,Tyler Phillips,R,1.14,33% hard · 43% break,0.2435092121654834,0.2469426953350522,0.2740745618670913,3.283679097617332,0.97,stable,,22.2% vs RHP last 10; 16.4% vs hard; 4 tanks last 10; trending +9.9 brl,1.5173546443507053,1.1732833446512658,0.9,1.42,1,1.22,90,90 air · 72°F · roof closed · LHB,39,641,.568,6,48,10,13.2,90.4,49,0.237,50.3
3,679822,Justin Foscue,TEX,TB,True,3,2B,R,official,preview,Ian Seymour,L,1.59,43% hard · 30% off,0.24292883679923563,0.24634719424101592,0.2727978615936889,3.101175184476633,0.97,stable,,20% vs LHP last 10; 12.6% vs FF; trending +6.9 brl; 72.7% ideal AA,1.266266725771417,1.2370349919232826,1.09,1.42,1,1.22,109,109 air · 72°F · roof closed · RHB,11,211,.505,3,28,10,11.3,89.6,41.8,0.21,46.1
4,682829,Elly De La Cruz,CIN,MIL,True,2,DH,S,official,live,Kyle Harrison,L,1.55,59% hard · 32% break,0.2319908606652934,0.2351241528558915,0.25865217355308034,2.5067674416413,0.97,stable,,37.5% vs LHP last 10; 15.4% vs hard; trending +9.1 brl; 115.2 last game,1.3021958404423004,1.19622430448596,1.19,1.42,1,1.19377,119,119 air · 77°F · cross RF 10 · 64° dew · switch,22,552,.483,1,44,10,14.4,94.2,51.9,0.202,33.3
5,660670,Ronald Acuña Jr.,ATL,PHI,False,2,RF,R,official,live,Aaron Nola,R,1.93,50% hard · 34% break,0.225652964548844,0.2286210786547327,0.24801615219249928,2.684477413813298,0.97,stable,,13.3% vs RHP last 10; 17.3% vs FF; 109 last game; 6× 100+ last 3,1.2265848452833579,1.2694883550975202,1.16,1.2751018672698573,1,1.22,116,116 air · 77°F · in CF 8 · 62° dew · RHB,15,393,.431,2,44,10,12.4,90.4,45.8,0.219,36.9
6,695657,Colson Montgomery,CWS,MIN,True,5,SS,L,projected,preview,Bailey Ober,R,1.43,35% hard · 34% off,0.2250535410902405,0.23420466119031602,0.25695423477768464,2.5473262275667303,0.69588576,fair,Weather not posted; Projected order,14.3% vs RHP last 10; tank last game; trending +3.9 brl; 33.3% pull air,1.3924031504019099,1.1932090457542075,1.13,1.4192226534283248,1,1.22,113,113 air · 59° dew · LHB,31,566,.441,4,43,10,12.8,88.8,42,0.207,48.9
7,624413,Pete Alonso,BAL,BOS,True,2,1B,R,official,live,Payton Tolle,L,1.03,88% hard · 9% break,0.2213932686278074,0.22425036664874398,0.24588501449379407,2.777521651855133,0.97,stable,,27.3% vs LHP last 10; 17.3% vs FF; 4× 100+ last 3; heart vs in-zone,1.4853287983792598,1.0797583091149567,1.04,1.42,1,1.1444453349544077,104,104 air · 77°F · in CF 5 · 58° dew · RHB,33,619,.495,1,43,10,14.1,94.2,57,0.259,35
8,672960,Kazuma Okamoto,TOR,KC,False,5,3B,R,official,preview,Randy Dobnak,R,0.78,49% hard · 30% break,0.21254745879359943,0.21517401754736087,0.2346006366108409,2.867049284868361,0.97,stable,,22.2% vs RHP last 10; 16.3% vs break; trending +10.5 brl; 29.4% pull air,1.341814015877617,1.056846027820324,1.07,1.42,1,1.22,107,107 air · 95°F · cross LF 6 · 71° dew · RHB,28,560,.445,2,40,10,13,90.6,44,0.211,51.3
9,691406,Junior Caminero,TB,TEX,False,3,3B,R,official,preview,MacKenzie Gore,L,1.05,59% hard · 29% break,0.21200993961554282,0.21462248955838426,0.2341800707053452,2.701328231757311,0.97,stable,,19.7% vs FF; 107 last game; 56% ideal AA; 12% barrels last 10,1.4817338749097857,1.1145580279936702,1.09,1.3215656132932756,1,1.1001436094674557,109,109 air · 72°F · roof closed · RHB,38,620,.532,3,45,10,13,93.1,50.7,0.22,45.9
10,808959,Munetaka Murakami,CWS,MIN,True,3,1B,L,projected,preview,Bailey Ober,R,1.43,35% hard · 34% off,0.21196592912130718,0.22005985871826916,0.24062770967846125,2.684012025143482,0.69588576,fair,Weather not posted; Projected order,14.3% vs RHP last 10; 107.6 last game; 40% pull air; 13.3% barrels last 10,1.6289757267477083,1.1646343541008666,1.13,1.4192226534283248,1,0.899449379310345,113,113 air · 59° dew · LHB,30,468,.482,1,44,10,19.2,93.9,57.1,0.26,44.6
11,681508,Mickey Gasper,BOS,BAL,False,2,1B,S,official,live,Kyle Bradish,R,1.03,53% hard · 46% break,0.210447523994096,0.21301935430141028,0.23251806219504242,2.8178886431961043,0.97,stable,,21.4% vs RHP last 10; 14.6% vs hard; 3 tanks last 10; trending +9.9 brl,1.1610231427697175,1.1275222206986664,1.09,1.42,1,1.22,109,109 air · 77°F · in CF 5 · 58° dew · switch,8,183,.503,5,39,10,10.1,89,38,0.201,42.6
12,695578,James Wood,WSH,LAD,False,1,RF,L,projected,preview,Justin Wrobleski,L,1.4,59% hard · 36% break,0.20511175927354258,0.21343106933586709,0.23334117636889393,3.1490907561965225,0.656496,fair,Weather not posted; Projected order,109.4 last game; 24.7% blast; 39.1% sweet; 76.9 bat,1.655281695342626,1.1768667295588535,1.1,1.2654719472617664,1,0.84,110,110 air · 71° dew · LHB,30,549,.533,0,46,10,20.9,95.2,57.9,0.305,32.7
13,646240,Rafael Devers,SF,NYM,False,2,DH,L,official,preview,Christian Scott,R,0.95,67% hard · 29% break,0.2036526478787713,0.20604739030046149,0.22410188383012486,2.5497676960918287,0.97,stable,,31.6% vs RHP last 10; 17.3% vs FF; trending +11.6 brl; 109.7 last game,1.4634183563503824,1.0671784264038513,0.92,1.42,1,1.22,92,92 air · 72°F · in CF 8 · 61° dew · LHB,35,611,.519,6,47,10,12.4,93.1,51.5,0.232,33.5
14,643217,Andrew Benintendi,CWS,MIN,True,4,DH,L,projected,preview,Bailey Ober,R,1.43,35% hard · 34% off,0.19134975345887506,0.19777835058933513,0.21414988183679692,2.621882117154049,0.69588576,fair,Weather not posted; Projected order,15% vs RHP last 10; 17.3% vs FF; trending +5.6 brl; 20–30° last 5,1.0809748588338133,1.178034431537586,1.13,1.3555458244889835,1,1.22,113,113 air · 59° dew · LHB,14,424,.416,1,34,10,8.7,89,44.4,0.16,51.2
15,691023,Jordan Walker,STL,COL,False,4,RF,R,official,preview,Tanner Gordon,R,1.73,47% hard · 31% break,0.19063708284366576,0.19269261394595139,0.20837489089434752,2.972271893179245,0.97,stable,,107.4 last game; 6× 100+ last 3; 18.2% pull air; 22.1% blast,1.3389747072770084,1.190231159017289,1.14,1.2643991787371989,1,0.9245118228905598,114,114 air · 88°F · cross RF 7 · 49° dew · RHB,28,596,.499,1,45,10,13.3,92.5,48.9,0.207,39.1
16,650490,Yandy Díaz,TB,TEX,False,1,DH,R,official,preview,MacKenzie Gore,L,1.05,59% hard · 29% break,0.19035444671597662,0.19240261176281048,0.20836446436370154,2.826389723968297,0.97,stable,,28.6% vs LHP last 10; 18.8% vs break; trending +7.6 brl; 105.5 last game,1.0493538886852893,1.0547095912833573,1.09,1.42,1,1.19377,109,109 air · 72°F · roof closed · RHB,21,610,.468,2,46,10,7.2,91,48.3,0.163,22.5
17,671739,Michael Harris II,ATL,PHI,False,4,CF,L,official,live,Aaron Nola,R,1.93,50% hard · 34% break,0.18975697903728483,0.19178957289692522,0.20501001150738773,2.563007847577402,0.97,stable,,16.3% vs break; 20.9% blast; 75 bat; xSLG 0.478,1.2410642638036042,1.2015546149347889,1.19,1.2991983852522413,1,0.9784784826827929,119,119 air · 77°F · in CF 8 · 62° dew · LHB,24,542,.497,3,38,10,10.7,90.4,48.4,0.191,36
18,699024,Leo Bernal,STL,COL,False,5,C,S,official,preview,Tanner Gordon,R,1.73,47% hard · 31% break,0.18895506266293993,0.1978621356731638,0.21421663291228674,2.8877523132784138,0.5363600000000002,fair,Short season sample,16.7% vs RHP last 10; 10.4% vs FF; 109.8 last game; 5× 100+ last 3,1.068179528637845,1.2653063958271455,1.17,1.193327471920457,1,1.22,117,117 air · 88°F · cross RF 7 · 49° dew · switch,1,22,.550,1,22,5,6.3,96.6,68.8,0.179,31.3
19,665161,Jeremy Peña,HOU,AZ,True,1,SS,R,official,preview,Eduardo Rodriguez,L,0.75,61% hard · 12% break,0.18882477543297393,0.19083307422638252,0.20657902793799157,2.989450669581853,0.97,stable,,28.6% vs LHP last 10; 11.0% vs FF; trending +5.6 brl; 24% pull air,1.0922647146380111,1.0498257776097966,0.99,1.4149193957597277,1,1.22,99,99 air · 73°F · roof closed · RHB,17,401,.461,2,43,10,6.4,88.4,39.1,0.147,48
20,701398,Sal Stewart,CIN,MIL,True,3,1B,R,official,live,Kyle Harrison,L,1.55,59% hard · 32% break,0.1885094286721634,0.19050950890644558,0.20574307682905807,2.4500532461290536,0.97,stable,,100.7 last game; 69.2% ideal AA; 15.4% barrels last 10; 13.1% barrels,1.3467914035742559,0.9996588329838729,1.14,1.2962806902175346,1,1.1438926431297707,114,114 air · 77°F · cross RF 10 · 64° dew · RHB,31,617,.484,4,43,10,13.1,90.2,38.9,0.225,31.5
21,701350,Roman Anthony,BOS,BAL,False,1,RF,L,official,live,Kyle Bradish,R,1.03,53% hard · 46% break,0.18738449728490464,0.18935525958645916,0.20482151963003525,2.8816417799199976,0.97,stable,,23.5% vs RHP last 10; trending +8.7 brl; 102.3 last game; 4× 100+ last 3,0.9987378166488368,0.9825605678475511,1.16,1.419218374029279,1,1.22,116,116 air · 77°F · in CF 5 · 58° dew · LHB,3,164,.393,2,45,10,11.3,92.8,51,0.166,37.8
22,680869,Zack Gelof,ATH,SEA,False,3,3B,R,projected,preview,Bryan Woo,R,1.09,66% hard · 28% break,0.1871080227121622,0.19319398151617784,0.2018333411328745,2.7405848592511615,0.6983999999999999,fair,Projected order,14.3% vs RHP last 10; 25.1% vs FF; tank last game; trending +12.0 brl,1.218472202197355,1.1337393340036748,0.91,1.350863386802458,1,1.22,91,91 air · 67°F · in LF 8 · 57° dew · RHB,17,357,.474,3,45,10,9.7,89.2,42.6,0.191,38
23,693307,Dillon Dingler,DET,CLE,False,5,C,R,official,live,Gavin Williams,R,1.49,49% hard · 51% break,0.18601365525987257,0.18794869071201625,0.2025486887065983,2.6160956867032135,0.97,stable,,25% vs RHP last 10; 15.4% vs FF; 104.8 last game; 4× 100+ last 3,1.2852319828555543,1.1765223746353026,0.89,1.42,1,1.176673338490099,89,89 air · 73°F · in RF 14 · 62° dew · RHB,26,551,.462,0,38,10,10.1,88.5,42.9,0.202,42.1
24,681715,Heriberto Hernández,MIA,CHC,True,5,LF,R,official,preview,Clay Holmes,R,0.44,61% hard · 25% break,0.18473419630165566,0.18663588652751295,0.20101966179881248,2.5928942333971032,0.97,stable,,22.2% vs RHP last 10; 21.7% vs hard; trending +12.3 brl; 104.9 last game,1.4374264182180214,0.997030062736834,0.9,1.42,1,1.22,90,90 air · 72°F · roof closed · RHB,23,417,.462,3,44,10,14,91.1,47.1,0.24,46.7
25,686948,Drake Baldwin,ATL,PHI,False,1,DH,L,official,live,Aaron Nola,R,1.93,50% hard · 34% break,0.18251892699124295,0.18436288292561198,0.1972614007280015,2.7452121969312455,0.97,stable,,58.3% ideal AA; 18.8% blast; 75.4 bat; 12.6% barrels,1.2719609080492453,1.1309930275012945,1.19,1.3098412738313483,1,0.8487200000000001,119,119 air · 77°F · in CF 8 · 62° dew · LHB,22,528,.449,1,45,10,12.6,91.7,51,0.216,30.8
26,694192,Jackson Chourio,MIL,CIN,False,3,LF,R,official,live,Brady Singer,R,1.67,59% hard · 41% break,0.18021501104544663,0.1819989223820081,0.19612731905063657,2.732164043534878,0.97,stable,,109.7 last game; 4× 100+ last 3; 81.8% ideal AA; 12.1% barrels last 10,1.2608634801992267,1.0506426679832412,1.14,1.1896179877189486,1,1.1048766518068223,114,114 air · 77°F · cross RF 10 · 64° dew · RHB,21,492,.476,4,48,10,12.6,91.8,47.1,0.208,29.3
27,669065,Kyle Stowers,MIA,CHC,True,1,DH,L,official,preview,Clay Holmes,R,0.44,61% hard · 25% break,0.1800627423488064,0.18184268526253322,0.19607464146220815,2.8585077890133914,0.97,stable,,16.7% vs RHP last 10; 9.8% vs hard; trending +15.8 brl; 101.5 last game,1.318262365544254,0.9213077034414311,0.9,1.3858274719204569,1,1.22,90,90 air · 72°F · roof closed · LHB,19,442,.479,3,38,10,12.8,92.4,56,0.213,46
28,553993,Eugenio Suárez,CIN,MIL,True,5,3B,R,official,live,Kyle Harrison,L,1.55,59% hard · 32% break,0.17965356260625803,0.1814228414881146,0.19489027754608165,2.325282016002111,0.97,stable,,trending +10.8 brl; 105.7 last game; 22.2% barrels last 10; 114 air,1.2405064612039394,1.095114314593784,1.14,1.2782925901121094,1,1.1460192,114,114 air · 77°F · cross RF 10 · 64° dew · RHB,21,436,.420,3,41,10,11.4,88.3,35.5,0.157,47.9
29,677951,Bobby Witt Jr.,KC,TOR,True,2,SS,R,official,preview,Spencer Arrighetti,R,1.36,46% hard · 47% break,0.17815734147138398,0.17988762587671092,0.19370398663963773,2.878013118338344,0.97,stable,,13.6% vs RHP last 10; tank last game; 13.3% barrels last 10; 21.3% blast,1.1775654299010747,1.003591134065288,1.07,1.2318986668619583,1,1.188748844375963,107,107 air · 95°F · cross LF 6 · 71° dew · RHB,17,548,.452,1,44,10,11.8,92.3,51,0.209,29.7
30,677649,Ezequiel Duran,TEX,TB,True,1,CF,R,official,preview,Ian Seymour,L,1.59,43% hard · 30% off,0.17599025611857871,0.17766406200147467,0.1912999381049299,3.244748109683884,0.97,stable,,12.6% vs FF; trending +5.9 brl; 104.7 last game; 12.5% barrels last 10,0.99423992142495,1.199144681977372,1.09,1.0604388894146952,1,1.22,109,109 air · 72°F · roof closed · RHB,17,519,.455,3,42,10,6.6,88.9,37.9,0.136,37.6
31,668227,Randy Arozarena,SEA,ATH,True,1,LF,R,projected,preview,Gage Jump,L,0.97,51% hard · 39% break,0.1753304811219289,0.18046507422616864,0.18813613380278169,2.7990070146670307,0.6983999999999999,fair,Projected order,25% vs LHP last 10; 13.2% vs hard; trending +6.4 brl; 38.1% pull air,1.0996090428487904,1.0074277388662474,0.91,1.42,1,1.22,91,91 air · 67°F · in LF 8 · 57° dew · RHB,22,585,.463,2,45,10,7.9,90.7,41.5,0.161,35.7
32,700250,Ben Rice,NYY,SD,False,1,DH,L,official,preview,Michael King,R,1,48% hard · 27% off,0.17531563463578198,0.18041545072355247,0.20783147436110502,2.902252302943588,0.97,stable,,14.3% vs RHP last 10; 8.0% vs SI; 108.6 last game; 5× 100+ last 3,1.5393951429723505,1.0645138038873858,0.82,1.4192226534283248,1,1.0531543949756097,82,82 air · 84°F · in LF 14 · 68° dew · LHB,36,586,.528,2,45,10,14.4,92,48.8,0.246,45.5
33,553869,Elias Díaz,TEX,TB,True,8,C,R,official,preview,Ian Seymour,L,1.59,43% hard · 30% off,0.1729055054849216,0.1744989166765648,0.18653877681064057,2.6417418238134283,0.97,stable,,42.9% vs LHP last 10; tank last game; trending +21.2 brl; 30.8% pull air,1.0756628002443462,1.0738271132769919,1.09,1.42,1,1.22,109,109 air · 72°F · roof closed · RHB,7,205,.405,1,28,10,9.6,87.9,40.4,0.147,37.7
34,663728,Cal Raleigh,SEA,ATH,True,4,C,S,projected,preview,Gage Jump,L,0.97,51% hard · 39% break,0.1724437822501239,0.17734519372887958,0.18665593289203392,2.6132322128085996,0.6983999999999999,fair,Projected order,28.0% vs FF; tank last game; trending +18.3 brl; 44.4% pull air,1.30339787650592,1.085003381385762,0.92,1.21323300731904,1,1.22,92,92 air · 67°F · in LF 8 · 57° dew · spray vs wall · switch,21,450,.378,4,42,10,15,89.9,39.3,0.213,54.3
35,682928,CJ Abrams,WSH,LAD,False,4,SS,L,projected,preview,Justin Wrobleski,L,1.4,59% hard · 36% break,0.1720829973163486,0.17695526532671912,0.19011037062913533,2.9400803077763995,0.69588576,fair,Weather not posted; Projected order,16.7% vs LHP last 10; 100.8 last game; 4× 100+ last 3; heart vs in-zone,1.2694661896150625,1.1613814487106582,1.1,1.1853719587560514,1,0.9720705398857143,110,110 air · 71° dew · LHB,29,583,.496,0,44,10,9.8,89.6,41,0.181,43.9
36,621566,Matt Olson,ATL,PHI,False,3,1B,L,official,live,Aaron Nola,R,1.93,50% hard · 34% break,0.1717168441654806,0.1732792764965515,0.1843905416763109,2.62374263069535,0.97,stable,,102.3 last game; 18.2% pull air; 19.2% blast; 15% barrels,1.575379330579089,1.0659714804197558,1.19,1.0515,1,0.8736000000000002,119,119 air · 77°F · in CF 8 · 62° dew · LHB,37,618,.511,1,43,10,15,92.6,50.4,0.263,39
37,694249,Cole Carrigg,COL,STL,True,3,CF,S,official,preview,Kyle Leahy,R,0.9,39% hard · 46% break,0.17039119121479226,0.1719190744129394,0.18433625239710213,2.515523367040175,0.97,stable,,14.3% vs RHP last 10; 14.6% vs FF; trending +6.8 brl; 103.7 last game,0.9867840260181115,1.13915709622358,1.17,1.1668707852451137,1,1.22,117,117 air · 88°F · cross RF 7 · 49° dew · switch,7,289,.458,2,41,10,5.7,87.1,33.8,0.141,46.7
38,665487,Fernando Tatis Jr.,SD,NYY,True,1,RF,R,official,preview,Gerrit Cole,R,1.13,53% hard · 33% break,0.16956837029515642,0.1742069708284819,0.1872506758893751,2.896802405028696,0.97,stable,,25% vs RHP last 10; 19.7% vs FF; trending +3.4 brl; 102.1 last game,1.1900165443201012,1.1100568201775223,0.78,1.3582257931650834,1,1.22,78,78 air · 84°F · in LF 14 · 68° dew · RHB,19,617,.444,2,43,10,12.6,92.9,54.2,0.191,34.5
39,656941,Kyle Schwarber,PHI,ATL,True,1,DH,L,official,live,Tyler Mahle,R,1.22,66% hard · 6% break,0.16951607423478085,0.17102115015682262,0.1835681153664752,2.802024295313398,0.97,stable,,20% pull air; 70% ideal AA; 16.8% blast; 39% sweet,1.6726630609078659,0.9194610116609963,1.21,1.0515,1,0.85696,121,121 air · 77°F · in CF 8 · 62° dew · pull × porch · LHB,41,610,.520,2,46,10,16.9,92.4,49.8,0.257,54.6
40,606192,Teoscar Hernández,LAD,WSH,True,5,DH,R,projected,preview,Andrew Alvarez,L,0.5,43% hard · 52% break,0.16766425224897077,0.17217958307844072,0.18449100633907922,2.95346729765107,0.69588576,fair,Weather not posted; Projected order,45.5% vs LHP last 10; 16.3% vs FF; trending +15.8 brl; 110.3 last game,1.0544424023495076,0.9757557731369705,1.03,1.42,1,1.22,103,103 air · 71° dew · RHB,12,414,.404,1,44,10,10.3,90.1,44.7,0.17,34.8
41,669394,Jake Burger,TEX,TB,True,6,1B,R,official,preview,Ian Seymour,L,1.59,43% hard · 30% off,0.1676236250050599,0.1690793799642093,0.18076431462309708,2.8427439191035804,0.97,stable,,12.5% vs LHP last 10; 19.0% pull air; 66.7% ideal AA; 19.8% blast,1.252536344337401,1.0503075097770824,1.09,1.3231447247284112,1,0.9895758906832298,109,109 air · 72°F · roof closed · RHB,23,540,.420,0,37,10,11.5,90.1,46.6,0.183,44
42,701538,Jackson Merrill,SD,NYY,True,5,CF,L,official,preview,Gerrit Cole,R,1.13,53% hard · 33% break,0.16709967511080273,0.1715401638903049,0.18368036526183676,2.6276305001366493,0.97,stable,,16.7% vs RHP last 10; 14.6% vs FF; trending +9.9 brl; 4× 100+ last 3,1.2168166963649276,1.12351526425045,0.82,1.4142778108808844,1,1.218048,82,82 air · 84°F · in LF 14 · 68° dew · LHB,22,584,.413,1,43,10,11.8,90.9,47.1,0.212,37.7
43,687952,Christian Encarnacion-Strand,BAL,BOS,True,4,3B,R,official,live,Payton Tolle,L,1.03,88% hard · 9% break,0.16614806847254457,0.16756536751549667,0.1792784462892289,2.651841939101507,0.97,stable,,heart vs in-zone; 28.6% pull air; 57.1% ideal AA; 14.3% barrels last 10,1.356288900630016,0.9755978634847305,1.04,1.2291206039403426,1,1.0600812151898733,104,104 air · 77°F · in CF 5 · 58° dew · RHB,8,149,.500,1,35,10,15.8,91.6,39.6,0.254,46.5
44,681198,TJ Rumfield,COL,STL,True,4,1B,L,official,preview,Kyle Leahy,R,0.9,39% hard · 46% break,0.1657323373370404,0.16713880160588845,0.1787511422891094,2.4572936594698005,0.97,stable,,16.7% vs RHP last 10; 12.6% vs FF; tank last game; trending +12.2 brl,0.8858199438486275,1.13915709622358,1.19,1.2623981045057842,1,1.22,119,119 air · 88°F · cross RF 7 · 49° dew · LHB,15,561,.456,2,46,10,5.2,84.3,28,0.13,41.7
45,668901,Mark Vientos,NYM,SF,True,5,1B,R,official,preview,Cesar Perdomo,L,2.25,53% hard · 40% break,0.16569953818547833,0.17137685795417967,0.1834737908817257,2.554796392456956,0.582,fair,No established starter,33.3% vs LHP last 10; 12.6% vs FF; trending +11.5 brl; 101.6 last game,1.226909983422459,1,0.92,1.42,1,1.22,92,92 air · 72°F · in CF 8 · 61° dew · RHB,13,264,.413,3,29,10,10.7,89.8,44.9,0.218,36.9
46,682987,Spencer Jones,NYY,SD,False,4,CF,L,official,preview,Michael King,R,1,48% hard · 27% off,0.1645529758186904,0.16878909304741607,0.19901618534695154,2.709624937703969,0.97,stable,,30% vs RHP last 10; 19.8% vs hard; trending +3.9 brl; 108.5 last game,1.2878245190096254,1.14132015076884,0.82,1.42,1,1.22,82,82 air · 84°F · in LF 14 · 68° dew · LHB,9,219,.444,2,33,10,16.1,94.2,56.4,0.21,32.2
47,668709,JJ Bleday,CIN,MIL,True,6,LF,L,official,live,Kyle Harrison,L,1.55,59% hard · 32% break,0.16397087260437576,0.16533142962490688,0.17633761260998543,2.2458821422849655,0.97,stable,,17.3% vs FF; trending +4.0 brl; 33.3% pull air; 14.3% barrels last 10,1.2672889095256838,1.19622430448596,1.21,0.9105555763011524,1,1.22,121,121 air · 77°F · cross RF 10 · 64° dew · LHB,22,477,.431,1,42,10,10.3,88.5,39.7,0.189,46.2
48,669221,Sean Murphy,ATL,PHI,False,7,C,R,official,live,Aaron Nola,R,1.93,50% hard · 34% break,0.16382582029701326,0.16876566847408137,0.17835316096918574,2.3200687151056103,0.6296400000000001,fair,Short season sample,17.3% vs FF; trending +12.5 brl; 103.9 last game; 60% ideal AA,1.0251322174067015,1.2920714804197557,1.16,1.1308193776167732,1,1.22,116,116 air · 77°F · in CF 8 · 62° dew · RHB,3,70,.422,3,39,10,7.5,86.7,40,0.133,47.5
49,686217,Sal Frelick,MIL,CIN,False,1,RF,L,official,live,Brady Singer,R,1.67,59% hard · 41% break,0.163354064028484,0.16469854579985888,0.1763864119449224,2.858653119624455,0.97,stable,,22.2% vs RHP last 10; 17.3% vs SI; trending +7.9 brl; 104.1 last game,0.6765308790922191,1.2767426679832414,1.21,1.2219435232922118,1,1.22,121,121 air · 77°F · cross RF 10 · 64° dew · LHB,4,346,.330,0,36,10,2.6,86,28.8,0.087,38.6
50,678246,Miguel Vargas,CWS,MIN,True,2,3B,R,projected,preview,Bailey Ober,R,1.43,35% hard · 34% off,0.16291154203185237,0.16704295865928798,0.17889975770905855,2.746141933132914,0.69588576,fair,Weather not posted; Projected order,101 last game; 40% pull air; 68% ideal AA; 17.3% blast,1.4078744174932805,1.0969171202175028,1.19,0.9687500092814254,1,0.9358003200000002,119,119 air · 59° dew · pull × porch · RHB,30,617,.486,1,44,10,13.8,90.6,45.4,0.244,46.3
51,668904,Royce Lewis,MIN,CWS,False,5,1B,R,projected,preview,Bryan Hudson,L,0.61,73% hard · 27% break,0.16100053845088727,0.16520910733864402,0.17650564714547684,2.8685433178464064,0.6736174156799999,fair,Weather not posted; Projected order,18.4% vs FF; trending +3.6 brl; 103.5 last game; 4× 100+ last 3,1.116591745878495,1.0154777981557683,1.17,1.0772368819670133,1,1.22,117,117 air · 59° dew · RHB,14,438,.404,1,42,10,11.4,89.8,40.9,0.169,46.4
52,521692,Salvador Perez,KC,TOR,True,4,DH,R,official,preview,Spencer Arrighetti,R,1.36,46% hard · 47% break,0.1606948060650203,0.1619699823241112,0.17291815088574342,2.747786280404482,0.97,stable,,104.5 last game; 5× 100+ last 3; 22.2% pull air; 66.7% ideal AA,1.096226423353103,1.0595359609445985,1.07,1.099243721314215,1,1.22,107,107 air · 95°F · cross LF 6 · 71° dew · RHB,18,555,.378,1,42,10,10.2,88.9,42.5,0.182,39.6
53,668723,Ryan Vilade,TB,TEX,False,4,2B,R,official,preview,MacKenzie Gore,L,1.05,59% hard · 29% break,0.16051236292069937,0.16178278435128035,0.1726894428123867,2.6387974856518173,0.97,stable,,trending +3.6 brl; 76.4 bat; xSLG 0.453; Platoon,1.158921981682996,0.8924246946603368,1.09,1.2569697992546622,1,1.19377,109,109 air · 72°F · roof closed · RHB,11,232,.476,0,23,10,7.5,89.9,40.6,0.19,35.4
54,676369,Nelson Velázquez,HOU,AZ,True,6,LF,R,official,preview,Eduardo Rodriguez,L,0.75,61% hard · 12% break,0.15968237380242678,0.16228289269689433,0.17298406794161403,2.6190762503416236,0.8251200000000001,stable,,107 last game; 41.7% sweet; 13.3% barrels; 11.7% solid,1.3145644382201094,0.9280536450936641,0.99,1.38,1,1.0972974869650816,99,99 air · 73°F · roof closed · RHB,5,102,.407,1,19,10,13.3,94.7,63.3,0.247,45
55,665742,Juan Soto,NYM,SF,True,2,DH,L,official,preview,Cesar Perdomo,L,2.25,53% hard · 40% break,0.1595637302837813,0.16423067701672533,0.17568558679129342,2.7541951352828646,0.61692,fair,No established starter,14.6% vs break; 22.2% pull air; 72.2% ideal AA; 16.7% barrels last 10,1.4738429538018167,1,0.92,0.983501194847584,1,1.2111443591549296,92,92 air · 72°F · in CF 8 · 61° dew · LHB,23,386,.528,2,38,10,14.2,92.3,48,0.289,38.7
56,673548,Seiya Suzuki,CHC,MIA,False,2,RF,R,official,preview,Tyler Phillips,R,1.14,33% hard · 43% break,0.15874853957307244,0.15997299228517436,0.1708676443498141,3.2110313299709308,0.97,stable,,10.4% vs off; 20–30° last 3; 71.4% ideal AA; #2,1.1971424294513495,1.07924163122025,0.9,1.1288397070351444,1,1.1146338519566241,90,90 air · 72°F · roof closed · RHB,24,555,.480,2,48,10,10.1,88.4,38,0.179,42
57,608324,Alex Bregman,CHC,MIA,False,4,3B,R,official,preview,Tyler Phillips,R,1.14,33% hard · 43% break,0.15843906595306967,0.15965545317168905,0.17032311320755747,3.0657357946781283,0.97,stable,,12% vs RHP last 10; 15.4% vs break; trending +9.8 brl; 4× 100+ last 3,1.0280636211069814,1.1452107571957026,0.9,1.2067907356191376,1,1.22,90,90 air · 72°F · roof closed · RHB,24,641,.443,5,46,10,5.8,88.2,37.6,0.132,47.7
58,695336,Thomas Saggese,STL,COL,False,8,SS,R,official,preview,Tanner Gordon,R,1.73,47% hard · 31% break,0.15607259481575647,0.1579232306065097,0.1677429237824677,2.591933783625503,0.8883648000000001,stable,,12.6% vs FF; trending +8.2 brl; heart vs in-zone; 80% ideal AA,1.124501567176752,1.289275807852153,1.14,0.9379177798706783,1,1.22,114,114 air · 88°F · cross RF 7 · 49° dew · RHB,4,108,.448,3,32,10,11.8,89,38.2,0.196,33.8
59,691723,Coby Mayo,BAL,BOS,True,3,DH,R,official,live,Payton Tolle,L,1.03,88% hard · 9% break,0.15552499048696422,0.15666543114613452,0.16698159709100752,2.7146817954783202,0.97,stable,,16.7% vs LHP last 10; heart vs in-zone; 17.1% blast; 75.7 bat,1.3567091176299895,0.9022327783286551,1.03,1.42,1,0.8586774193548388,103,103 air · 77°F · in CF 5 · 58° dew · spray vs wall · RHB,19,376,.443,2,36,10,12.4,91.3,47.6,0.215,49.8
60,547180,Bryce Harper,PHI,ATL,True,3,RF,L,official,live,Tyler Mahle,R,1.22,66% hard · 6% break,0.1549474317145536,0.15607282005193113,0.16630639057425123,2.6780409194145753,0.97,stable,,104.8 last game; 26.3% pull air; 16.6% blast; 38.6% sweet,1.2701367759124675,0.9194610116609963,1.19,1.2962806902175346,1,0.8517600000000001,119,119 air · 77°F · in CF 8 · 62° dew · LHB,27,607,.505,1,44,10,11,90.4,44.6,0.225,38.1
61,641343,Jake Bauers,MIL,CIN,False,4,1B,L,official,live,Brady Singer,R,1.67,59% hard · 41% break,0.1544076850120408,0.15551900648481354,0.16562541266200506,2.6689195054900887,0.97,stable,,102.1 last game; 25% pull air; 66.7% ideal AA; 20.8% blast,1.3522573853429127,1.0506426679832412,1.21,1.01677938130687,1,0.8998080000000002,121,121 air · 77°F · cross RF 10 · 64° dew · LHB,24,515,.494,0,39,10,13.4,92.4,53.1,0.213,43.5
62,668939,Adley Rutschman,BOS,BAL,False,3,C,S,official,live,Kyle Bradish,R,1.03,53% hard · 46% break,0.15366016692284534,0.15475200659850585,0.16481640311793908,2.7541355064722106,0.97,stable,,11.8% vs SI; 26.7% pull air; 73.3% ideal AA; 40.2% sweet,1.047015494139952,1.0990005526330133,1.09,1.1061907237365391,1,1.078878927634774,109,109 air · 77°F · in CF 5 · 58° dew · switch,11,351,.416,2,35,10,7.1,88.7,40.2,0.161,37.5
63,680574,Matt McLain,CIN,MIL,True,7,SS,R,official,live,Kyle Harrison,L,1.55,59% hard · 32% break,0.15337229947792222,0.15445663675967647,0.16390176583336902,2.1664822685678202,0.97,stable,,16.7% vs LHP last 10; 12.6% vs FF; tank last game; 22.2% pull air,1.0929213290836532,1.19622430448596,1.14,1.3858274719204569,1,0.9268879360000003,114,114 air · 77°F · cross RF 10 · 64° dew · RHB,15,444,.351,2,40,10,9.7,88.4,37.4,0.16,37.8
64,607208,Trea Turner,PHI,ATL,True,2,SS,R,official,live,Tyler Mahle,R,1.22,66% hard · 6% break,0.15189944878690598,0.1529454006720341,0.16285110466670794,2.740032607363987,0.97,stable,,trending +6.1 brl; 101.6 last game; 20.8% pull air; 12.5% barrels last 10,0.9148723717640876,1.0116953301418377,1.16,1.0875256380913698,1,1.22,116,116 air · 77°F · in CF 8 · 62° dew · RHB,17,611,.376,0,46,10,6.4,88.3,39.2,0.124,33.7
65,664983,Jake McCarthy,COL,STL,True,1,LF,L,official,preview,Kyle Leahy,R,0.9,39% hard · 46% break,0.15175257343778403,0.1527946974613611,0.16275228639896888,2.6319827821809234,0.97,stable,,20–30° last 5; 25.8% pull air; 61.3% ideal AA; 39% sweet,0.8939244168289345,0.9855154844774822,1.19,1.0897272096594586,1,1.22,119,119 air · 88°F · cross RF 7 · 49° dew · LHB,14,510,.476,1,49,10,5.1,85.4,27.8,0.13,37.8
66,695491,Joshua Báez,STL,COL,False,6,LF,R,official,preview,Tanner Gordon,R,1.73,47% hard · 31% break,0.1506304006434811,0.15431815823519845,0.16400698832376212,2.7891461367274437,0.6296400000000001,fair,Short season sample,11.0% vs FF; 107.3 last game; 88.2% ideal AA; 77.4 bat,1.5065776305693435,1.1880374979108206,1.14,0.9120359257950681,1,0.8816800000000001,114,114 air · 88°F · cross RF 7 · 49° dew · RHB,7,77,.586,3,32,10,15.9,93.6,52.3,0.281,45.5
67,665019,Kody Clemens,MIN,CWS,False,6,2B,L,projected,preview,Bryan Hudson,L,0.61,73% hard · 27% break,0.1503557117664602,0.15365435719282283,0.1632560841533523,2.770593058212627,0.6736174156799999,fair,Weather not posted; Projected order,11.8% vs FF; trending +8 brl; 105.9 last game; 45% pull air,1.3387073062868635,0.9899777981557684,1.13,0.8942691818465454,1,1.22,113,113 air · 59° dew · LHB,24,506,.467,3,42,10,12,92.5,47.2,0.212,47.7
68,683737,Michael Busch,CHC,MIA,False,3,1B,L,official,preview,Tyler Phillips,R,1.14,33% hard · 43% break,0.14977000674565966,0.1507604611673693,0.16032232654932893,3.1383835623245298,0.97,stable,,15.4% vs RHP last 10; 11.8% vs ST; tank last game; 20.8% pull air,1.0499233430757424,1.090924114889371,0.9,1.2167389623852771,1,1.0969603464661655,90,90 air · 72°F · roof closed · LHB,18,634,.393,2,46,10,9.1,88.4,40.2,0.169,38.6
69,682657,Angel Martínez,CLE,DET,True,5,LF,S,official,live,Jackson Jobe,R,1.54,52% hard · 36% break,0.14964309732678832,0.15330954767240024,0.1629591609905036,2.452930507590251,0.6208,fair,Starter sample thin,trending +5.2 brl; 37.5% pull air; 75% ideal AA; 12.5% barrels last 10,1.0672841035654166,1.15117069270201,0.89,1.230441123804343,1,1.22,89,89 air · 73°F · in RF 14 · 62° dew · switch,14,356,.432,2,37,10,7.3,87.5,36.3,0.148,45
70,670541,Yordan Alvarez,HOU,AZ,True,2,DH,L,official,preview,Eduardo Rodriguez,L,0.75,61% hard · 12% break,0.14930876306526605,0.15028719656610356,0.15985227100602786,2.9233123804318124,0.97,stable,,20–30° last 5; 21.8% blast; 41.9% sweet; 76.2 bat,1.6944262451292451,0.898478084832173,1.03,1.0490141509701256,1,0.8240000000000001,103,103 air · 73°F · roof closed · LHB,37,618,.597,1,43,10,16.3,94.4,53.4,0.327,41.4
71,596019,Francisco Lindor,NYM,SF,True,1,SS,S,official,preview,Cesar Perdomo,L,2.25,53% hard · 40% break,0.14924397352224747,0.1529033002514637,0.16288410648648977,2.8165072424159607,0.61692,fair,No established starter,13.2% vs FF; tank last game; 7× 100+ last 3; 20–30° last 5,1.1778406997594653,1,0.91,1.191562629927532,1,1.0721403765930957,91,91 air · 72°F · in CF 8 · 61° dew · switch,16,371,.426,3,44,10,9.3,91.2,48.5,0.2,47.7
72,672515,Gabriel Moreno,AZ,HOU,False,3,DH,R,official,preview,Peter Lambert,R,0.88,51% hard · 25% break,0.14918256789781417,0.15015771250346055,0.15962236596491414,2.765870456408855,0.97,stable,,16.7% vs RHP last 10; 9.8% vs hard; tank last game; 36.8% pull air,0.9830344395238291,1.0106634386566076,0.99,1.1812384879024451,1,1.22,99,99 air · 73°F · roof closed · RHB,12,469,.469,2,42,10,8.3,89.4,42.6,0.165,36.5
73,665052,Griffin Conine,MIA,CHC,True,2,1B,L,official,preview,Clay Holmes,R,0.44,61% hard · 25% break,0.1490802325879888,0.15005271013343657,0.15958174343195514,2.7952664662476088,0.97,stable,,14.3% vs RHP last 10; 9.8% vs hard; 105.1 last game; 25% pull air,1.4051579916223003,0.9213077034414311,0.9,1.3528365523456958,1,0.8679840000000002,90,90 air · 72°F · roof closed · LHB,15,251,.493,1,39,10,15.1,91.8,51.8,0.242,45.3
74,624424,Michael Conforto,CHC,MIA,False,8,DH,L,official,preview,Tyler Phillips,R,1.14,33% hard · 43% break,0.14907817588544198,0.15005059982916114,0.15891925416617977,2.6734378493875623,0.97,stable,,102 last game; 22.2% pull air; 55.6% ideal AA; 38.8% sweet,1.3172547261056051,1.034643339538795,0.9,1.277939465177038,1,1.0990654089904204,90,90 air · 72°F · roof closed · LHB,14,256,.489,3,24,10,11.8,90.7,42.8,0.205,45.4
75,683002,Gunnar Henderson,BAL,BOS,True,5,SS,L,official,live,Payton Tolle,L,1.03,88% hard · 9% break,0.14906298650010455,0.1500350145784558,0.15928682447722325,2.5764341114493314,0.97,stable,,16.7% vs LHP last 10; heart vs in-zone; 116 air,1.0415494911702663,0.905829205751182,1.16,1.3310161660531128,1,1.064285714285714,116,116 air · 77°F · in CF 5 · 58° dew · LHB,22,635,.401,2,38,10,7,89.4,43.2,0.151,42.3
76,666182,Bo Bichette,NYM,SF,True,3,3B,R,official,preview,Cesar Perdomo,L,2.25,53% hard · 40% break,0.1473296795123553,0.15080209476856343,0.1603454023120392,2.691883028149768,0.61692,fair,No established starter,33.3% vs LHP last 10; 11.0% vs FF; tank last game; #3,0.9146241207206997,1,0.92,1.42,1,1.20536,92,92 air · 72°F · in CF 8 · 61° dew · RHB,15,601,.397,1,40,10,6.7,89.6,41.6,0.138,26
77,695734,Daylen Lile,WSH,LAD,False,2,LF,L,projected,preview,Justin Wrobleski,L,1.4,59% hard · 36% break,0.14595045139147808,0.14871178583814493,0.15807726517474735,3.0794206067231484,0.69588576,fair,Weather not posted; Projected order,11.0% vs FF; trending +6 brl; 100.8 last game; 4× 100+ last 3,1.117702775617099,1.2054239512011262,1.11,0.72,1,1.22,111,111 air · 71° dew · pull × porch · LHB,20,588,.438,3,40,10,9,88.8,38.3,0.183,41.9
78,663886,Tyler Stephenson,CIN,MIL,True,4,C,R,official,live,Kyle Harrison,L,1.55,59% hard · 32% break,0.14513961344984022,0.14600939068120122,0.15485078360145582,2.3933390506168064,0.97,stable,,11.8% vs FF; 26.7% pull air; 66.7% ideal AA; 13.3% barrels last 10,1.2245590563946398,1.1815174733314762,1.14,0.8023879918511673,1,1.098830735813196,114,114 air · 77°F · cross RF 10 · 64° dew · RHB,15,408,.426,3,39,10,12.7,91.1,45.4,0.205,36.1
79,680777,Ryan Jeffers,MIN,CWS,False,3,C,R,projected,preview,Bryan Hudson,L,0.61,73% hard · 27% break,0.14455398932083177,0.1473567015087982,0.1564744533966918,3.0224651544137746,0.6736174156799999,fair,Weather not posted; Projected order,9.3% vs FF; 101.7 last game; 4× 100+ last 3; 28.6% pull air,1.234281004363365,0.9211699650578997,1.17,0.9638942286356447,1,1.044104277894737,117,117 air · 59° dew · RHB,14,314,.506,4,40,10,11.4,88.8,40.6,0.198,39.3
80,686469,Vinnie Pasquantino,KC,TOR,True,3,1B,L,official,preview,Spencer Arrighetti,R,1.36,46% hard · 47% break,0.1443109612953642,0.14515914221570148,0.15399228718177924,2.812899699371413,0.97,stable,,10.4% vs break; 107.4 last game; 4× 100+ last 3; 30.4% pull air,0.982080694820502,1.1333277630695393,1.04,0.9408946605164303,1,1.22,104,104 air · 95°F · cross LF 6 · 71° dew · LHB,10,409,.378,2,44,10,7.8,89.6,41.4,0.161,43.4
81,686527,Dominic Canzone,SEA,ATH,True,2,RF,L,projected,preview,Gage Jump,L,0.97,51% hard · 39% break,0.14296433347717427,0.14548445543162536,0.1516417226354978,2.7370820807142207,0.6983999999999999,fair,Projected order,11.8% vs FF; 84% ideal AA; 12% barrels last 10; 20.7% blast,1.2971994650595025,1.0702965502312785,0.92,0.8892751240774885,1,1.1080436172917991,92,92 air · 67°F · in LF 8 · 57° dew · LHB,21,448,.479,2,45,10,12.1,91.1,44.6,0.216,40.7
82,690993,Colt Keith,DET,CLE,False,3,1B,L,official,live,Gavin Williams,R,1.49,49% hard · 51% break,0.14276813252276113,0.1435761042795194,0.15221111579253688,2.756471552818996,0.97,stable,,12.5% vs RHP last 10; 11.0% vs FF; trending +5.1 brl; 75% ideal AA,0.972956239588382,1.227454988975813,0.84,1.0698817379897518,1,1.22,84,84 air · 73°F · in RF 14 · 62° dew · LHB,9,393,.402,0,24,10,7.4,89,41.9,0.151,38.4
83,666018,Jonathan Aranda,TB,TEX,False,2,1B,L,official,preview,MacKenzie Gore,L,1.05,59% hard · 29% break,0.14076985465174813,0.14152574734230106,0.149976005536135,2.763858977862804,0.97,stable,,9.8% vs FF; tank last game; trending +5.7 brl; 84.2% ideal AA,1.1124875493639852,1.0575218122636758,1.12,0.7662969058409694,1,1.22,112,112 air · 72°F · roof closed · LHB,19,601,.429,3,44,10,10.1,91.3,46.4,0.188,29.2
84,676475,Alec Burleson,STL,COL,False,3,1B,L,official,preview,Tanner Gordon,R,1.73,47% hard · 31% break,0.14009207276621377,0.14083030112279116,0.14913611412494499,3.0427048764299385,0.97,stable,,18.2% blast; xSLG 0.514; Air starter; 18.8% K,1.191605240272966,1.0969830115516896,1.19,0.9957254013200305,1,0.8,119,119 air · 88°F · cross RF 7 · 49° dew · LHB,21,600,.461,0,44,10,10.6,91.8,49,0.225,48.3
85,645277,Ozzie Albies,ATL,PHI,False,6,2B,S,official,live,Aaron Nola,R,1.93,50% hard · 34% break,0.1390313498592966,0.13974193368290078,0.1468266881020219,2.4050974114707375,0.97,stable,,102.9 last game; 25% pull air; 58.3% ideal AA; 116 air,0.9510415867481301,1.133147839211353,1.16,0.9810370376447396,1,1.1817632410783054,116,116 air · 77°F · in CF 8 · 62° dew · switch,21,606,.414,1,43,10,4.1,87,27.7,0.123,45.5
86,669357,Nolan Gorman,STL,COL,False,7,3B,L,official,preview,Tanner Gordon,R,1.73,47% hard · 31% break,0.1389705455018871,0.13967954464390064,0.1474682652227297,2.6905399601764732,0.97,stable,,11.8% vs FF; 103.6 last game; 50% pull air; Air starter,1.0780780693861836,1.3083761803972063,1.19,0.8753370762176762,1,1.0038415841584158,119,119 air · 88°F · cross RF 7 · 49° dew · LHB,8,260,.316,1,31,10,10.1,89.5,43.9,0.162,45.9
87,592885,Christian Yelich,MIL,CIN,False,2,DH,L,official,live,Brady Singer,R,1.67,59% hard · 41% break,0.13847035585080605,0.13916631906306642,0.1472693403917206,2.7954085815796668,0.97,stable,,104 last game; 4× 100+ last 3; 62.5% ideal AA; 18.5% K,0.9537884674760782,1.0506426679832412,1.21,0.9270288842050706,1,1.0590853026315792,121,121 air · 77°F · cross RF 10 · 64° dew · LHB,10,439,.388,1,39,10,9.8,89.1,43.3,0.157,35
88,666310,Bo Naylor,MIL,CIN,False,8,C,L,official,live,Brady Singer,R,1.67,59% hard · 41% break,0.1366372351752361,0.13811665556834873,0.14556388136760856,2.3273990000482296,0.7992,stable,,9.5% solid; 18.5% K; 121 air,1.061564428139029,1.191527181512679,1.21,0.9742773388721981,1,1.0683587701016106,121,121 air · 77°F · cross RF 10 · 64° dew · LHB,2,92,.233,1,31,10,11.1,89.6,42.6,0.188,39.7
89,672275,Patrick Bailey,CLE,DET,True,7,C,S,official,live,Jackson Jobe,R,1.54,52% hard · 36% break,0.13552970909919446,0.1376397313745913,0.1451689413192352,2.2854133021938434,0.6580480000000001,fair,Starter sample thin,14.3% vs RHP last 10; 12.6% vs FF; 60% ideal AA; Air starter,0.9914301984409488,1.2505109502563065,0.89,1.1310447371384957,1,1.2180114314814816,89,89 air · 73°F · in RF 14 · 62° dew · switch,8,297,.327,2,28,10,7.2,90.6,42.1,0.159,34
90,691781,Brady House,WSH,LAD,False,5,3B,R,projected,preview,Justin Wrobleski,L,1.4,59% hard · 36% break,0.13477434887706174,0.1366329006412873,0.14429180301220315,2.8564761284083504,0.69588576,fair,Weather not posted; Projected order,10.4% vs FF; 101.6 last game; Air starter,1.0816086425598233,1.1834720291438172,1.03,1.217084258360416,1,0.798,103,103 air · 71° dew · RHB,10,300,.408,1,40,10,10.3,89.8,47.7,0.182,31.8
91,666160,Mickey Moniak,COL,STL,True,5,DH,L,official,preview,Kyle Leahy,R,0.9,39% hard · 46% break,0.13468570532699473,0.13528303307516232,0.14277501265031975,2.387418010385351,0.97,stable,,27.3% pull air; 63.6% ideal AA; Air starter; 119 air,1.2649349269624572,0.9665769237224144,1.19,1.0515,1,0.85696,119,119 air · 88°F · cross RF 7 · 49° dew · LHB,21,385,.493,0,37,10,9.5,89.4,40.7,0.176,47.5
92,545361,Mike Trout,LAA,PIT,False,2,DH,R,official,live,Paul Skenes,R,0.9,53% hard · 24% break,0.13367512524041095,0.13424611527649233,0.14182430433152593,2.6852691992347637,0.97,stable,,9.3% vs FF; 107.5 last game; 16.0% blast; 15.6% barrels,1.2959404335934515,0.9825872635989159,0.8,1.2016854234698358,1,0.9131165501165501,80,80 air · 75°F · in LF 8 · 60° dew · RHB,20,549,.422,0,45,10,15.6,89.9,45.5,0.234,35.7
93,687093,Vaughn Grissom,LAA,PIT,False,4,3B,R,official,live,Paul Skenes,R,0.9,53% hard · 24% break,0.13344060138335187,0.1340054792647346,0.14143674589970504,2.563763805604231,0.97,stable,,15.8% vs RHP last 10; 11.8% vs FF; trending +5.6 brl; 108.3 last game,0.9470997867233192,0.9793306428173086,0.8,1.338110623208939,1,1.22,80,80 air · 75°F · in LF 8 · 60° dew · RHB,10,389,.391,3,44,10,7.4,88.1,38,0.143,39.8
94,682985,Riley Greene,DET,CLE,False,4,DH,L,official,live,Gavin Williams,R,1.49,49% hard · 51% break,0.13217097724521643,0.13270276621513943,0.13998814879556645,2.6926643409481854,0.97,stable,,100.7 last game; 25% pull air; 16.8% blast; 39.5% sweet,1.2778460870186295,1.0389426431831412,0.84,1.210822428509681,1,0.8736000000000002,84,84 air · 73°F · in RF 14 · 62° dew · LHB,18,511,.461,2,42,10,15,90.5,48,0.233,37.9
95,663494,Bryan Torres,STL,COL,False,1,2B,L,official,preview,Tanner Gordon,R,1.73,47% hard · 31% break,0.13182997733394825,0.13251907256266116,0.13994891219185854,3.183570842931324,0.92664,stable,,Air starter; 18.8% K; 119 air; #1,0.9237753497546868,1.2635737266430875,1.19,0.8902826834528184,1,0.84,119,119 air · 88°F · cross RF 7 · 49° dew · LHB,4,149,.386,0,28,10,3.9,87.2,28.6,0.116,48.6
96,805811,Bryce Eldridge,SF,NYM,False,3,1B,L,official,preview,Christian Scott,R,0.95,67% hard · 29% break,0.1317521946321059,0.1322730693003944,0.13956686474230634,2.4920806441440497,0.97,stable,,12.5% barrels last 10; 18.4% blast; 92.4 EV; xSLG 0.464,1.2101072865967382,0.8410784264038513,0.92,1.211163083650884,1,1.0045241379310343,92,92 air · 72°F · in CF 8 · 61° dew · LHB,15,403,.450,1,47,10,11.6,92.4,51.9,0.207,38.3
97,607043,Brandon Nimmo,TEX,TB,True,4,RF,L,official,preview,Ian Seymour,L,1.59,43% hard · 30% off,0.1316625159171396,0.13218105338107744,0.13941058770314013,3.029388721873007,0.97,stable,,8.8% vs FF; 19.0% pull air; 66.7% ideal AA; 16.3% blast,1.0504787870054493,1.1553066866464086,1.12,0.8095516899794934,1,1.0467772582972583,112,112 air · 72°F · roof closed · LHB,14,579,.420,1,41,10,9.9,92.2,50.9,0.191,32.5
98,686765,Nick Sogard,BOS,BAL,False,5,2B,S,official,live,Kyle Bradish,R,1.03,53% hard · 46% break,0.12892597226409994,0.12937318999811043,0.13621671902749682,2.613878605679644,0.97,stable,,18.4% vs SI; 34.6% pull air; 59.3% ideal AA; 38.3% sweet,0.8611571213697286,1.1275222206986664,1.09,0.9161754239132257,1,1.22,109,109 air · 77°F · in CF 5 · 58° dew · switch,4,205,.413,2,41,10,5,86.6,29.1,0.114,45.4
99,664040,Brandon Lowe,PIT,LAA,True,2,2B,L,official,live,Walbert Ureña,R,0.58,52% hard · 14% break,0.12789515947610047,0.1283155121938836,0.13521615932551223,2.7566944049156072,0.97,stable,,57.9% ideal AA; #2,1.3219418757562251,0.8385869477780805,0.88,1.0515,1,0.9949683615819209,88,88 air · 75°F · in LF 8 · 60° dew · LHB,29,584,.478,2,39,10,11.8,91,45.7,0.189,46.8
100,815873,Sean Keys,TOR,KC,False,6,1B,L,official,preview,Randy Dobnak,R,0.78,49% hard · 30% break,0.1278342237810831,0.12955253295340163,0.1363300594542728,2.7691500409948078,0.5743980000000001,fair,Short season sample,tank last game; 18.5% solid; 16.2% K; Platoon,1.1029199634405162,0.8511911540462154,1.04,1.1978813409492723,1,1.0562885422873853,104,104 air · 95°F · cross LF 6 · 71° dew · LHB,2,44,.381,1,25,10,7.4,90.1,59.3,0.129,29.6
101,694673,Abimelec Ortiz,WSH,LAD,False,3,1B,L,projected,preview,Justin Wrobleski,L,1.4,59% hard · 36% break,0.12765463738873284,0.12928167815848257,0.13624053665634978,3.009750457249774,0.59504689152,fair,Weather not posted; Projected order,112.2 last game; 61.1% ideal AA; 39.7% sweet; 75.4 bat,1.1659447545906483,1.05289921724042,1.1,0.9,1,0.8816800000000001,110,110 air · 71° dew · LHB,5,104,.384,0,34,10,8.2,89.5,37,0.187,42.5
102,596115,Trevor Story,BOS,BAL,False,4,SS,R,official,live,Kyle Bradish,R,1.03,53% hard · 46% break,0.12704676633177298,0.12744500824936533,0.1341481303681527,2.6903823697483165,0.97,stable,,15.4% vs RHP last 10; trending +9.6 brl; 28.6% pull air; 57.1% ideal AA,0.8482603632879498,0.9014222206986662,1.04,1.12737356055178,1,1.22,104,104 air · 77°F · in CF 5 · 58° dew · RHB,3,201,.342,1,40,10,4.7,88.5,40.2,0.102,45.7
103,701678,Hao-Yu Lee,DET,CLE,False,2,2B,R,official,live,Gavin Williams,R,1.49,49% hard · 51% break,0.12657206345127003,0.126957933674665,0.13370744283076447,2.8202787646898058,0.97,stable,,12.5% vs RHP last 10; 102.5 last game; 55.6% ideal AA; 10.2% solid,1.0489845146020016,1.1132245514822625,0.89,1.1685576028539575,1,0.8228360101744185,89,89 air · 73°F · in RF 14 · 62° dew · RHB,8,285,.412,1,39,10,8.6,89.8,41.1,0.164,27.9
104,664761,Alec Bohm,PHI,ATL,True,5,1B,R,official,live,Tyler Mahle,R,1.22,66% hard · 6% break,0.1263161520235795,0.12669535268996301,0.13325066956779658,2.5416592059258702,0.97,stable,,17.3% vs FF; tank last game; trending +10.6 brl; 4× 100+ last 3,0.9596498176321775,1.1455610116609962,1.16,0.7339153863207452,1,1.22,116,116 air · 77°F · in CF 8 · 62° dew · RHB,15,551,.389,1,42,10,6.1,90.5,42.8,0.15,29.4
105,543510,James McCann,AZ,HOU,False,7,C,R,official,preview,Peter Lambert,R,0.88,51% hard · 25% break,0.12569019667982131,0.126214904543949,0.13254410568017075,2.4457465609911635,0.9093600000000001,stable,,tank last game; Platoon,1.0409651598486493,0.9130652120943925,0.99,1.316024628166611,1,1.0291847029748036,99,99 air · 73°F · roof closed · RHB,5,141,.455,1,28,10,9.2,89.8,42.9,0.166,28.6
106,683953,Travis Bazzana,CLE,DET,True,2,2B,L,official,live,Jackson Jobe,R,1.54,52% hard · 36% break,0.12483294517277738,0.12599317493087214,0.13263617687960305,2.6443787423290024,0.6580480000000001,fair,Starter sample thin,tank last game; 28.6% pull air; 64.3% ideal AA; Air starter,0.8432750149374262,1.091528544323161,0.84,1.042682096344922,1,1.22,84,84 air · 73°F · in RF 14 · 62° dew · LHB,10,445,.377,1,36,10,4.7,87.7,36.4,0.118,38.5
107,683357,Owen Caissie,MIA,CHC,True,3,RF,L,official,preview,Clay Holmes,R,0.44,61% hard · 25% break,0.12360942657884116,0.12391808463667109,0.13029047790709142,2.732025143481826,0.97,stable,,109.9 last game; 43.5% sweet; 75 bat; 13.7% barrels,1.2790702753581382,0.7645283823349536,0.9,1.344199253841552,1,0.84,90,90 air · 72°F · roof closed · LHB,13,312,.412,0,26,10,13.7,91,45.2,0.188,33.3
108,701162,Ben Malgeri,DET,CLE,False,7,RF,R,official,live,Gavin Williams,R,1.49,49% hard · 51% break,0.12350005826430327,0.12401119973610653,0.1301175335033199,2.437435493464945,0.8792064000000002,stable,,106.2 last game; 5× 100+ last 3; 70% ideal AA; 43.5% sweet,0.9707789125025474,1.2009886818202173,0.89,1.38,1,0.8627238800000001,89,89 air · 73°F · in RF 14 · 62° dew · RHB,3,104,.393,0,26,10,4.8,90.9,46.8,0.107,37.1
109,663993,Nathaniel Lowe,CLE,DET,True,4,1B,L,official,live,Jackson Jobe,R,1.54,52% hard · 36% break,0.12338912478052991,0.1244211541020891,0.13079930847364818,2.5247235956172824,0.6580480000000001,fair,Starter sample thin,11.8% vs FF; 107.1 last game; 39.5% sweet; Air starter,1.12039692025618,1.1725778201672636,0.84,1.160149013919909,1,0.8184319852941178,84,84 air · 73°F · in RF 14 · 62° dew · LHB,15,379,.452,1,40,10,8.5,89.2,41.1,0.167,35.6
110,572233,Christian Walker,HOU,AZ,True,5,1B,R,official,preview,Eduardo Rodriguez,L,0.75,61% hard · 12% break,0.12316860746707103,0.12346577690860816,0.12968222486183384,2.7116698551516807,0.97,stable,,104.4 last game; 16.1% blast; 17.8% K; Platoon,1.150973595511219,0.9697441272826905,0.99,1.1645193507023373,1,0.8400000000000001,99,99 air · 73°F · roof closed · RHB,24,563,.422,1,37,10,8.8,89.1,40.8,0.156,41.9
111,663586,Austin Riley,ATL,PHI,False,8,3B,R,official,live,Aaron Nola,R,1.93,50% hard · 34% break,0.12298292809610803,0.12327525836668018,0.12865991209119976,2.2350400187404835,0.97,stable,,26.3% pull air; 78.9% ideal AA; 75.8 bat; 9.1% solid,1.133648951207461,1.1341441986407108,1.16,0.9929968771560587,1,0.8826688,116,116 air · 77°F · in CF 8 · 62° dew · RHB,16,557,.365,1,37,10,11.9,91.3,44.7,0.18,39.5
112,664034,Ty France,SD,NYY,True,4,1B,R,official,preview,Gerrit Cole,R,1.13,53% hard · 33% break,0.12191494561578559,0.12272937879189727,0.12892907985045948,2.704536758677234,0.97,stable,,10.4% vs FF; 103.1 last game; 55% ideal AA; 38% sweet,1.195176661720946,1.0657386485259055,0.78,1.1838463508506603,1,0.8652000000000001,78,78 air · 84°F · in LF 14 · 68° dew · RHB,20,426,.515,2,43,10,9.4,92,48.1,0.173,37.6
113,671277,Luis García Jr.,NYY,SD,False,3,1B,L,official,preview,Michael King,R,1,48% hard · 27% off,0.12190546776449955,0.12216971729176895,0.12835612136572128,2.773834059450509,0.97,stable,,103.4 last game; 90.5% ideal AA; 19.3% blast; 12% barrels,1.3786513624614793,0.9400374661659905,0.82,1.0515,1,0.8652000000000001,82,82 air · 84°F · in LF 14 · 68° dew · LHB,28,483,.544,1,35,10,12,91.7,46.6,0.213,43.4
114,691182,Adael Amador,COL,STL,True,6,2B,S,official,preview,Kyle Leahy,R,0.9,39% hard · 46% break,0.121769147457731,0.1229234207252784,0.1290047671103656,2.3058964197868272,0.5363600000000002,fair,Short season sample,11.0% vs FF; 41.7% pull air; 9.5% solid; Air starter,1.212295101639187,1.0835271121251702,1.17,0.8590000000000002,1,0.8758837894736844,117,117 air · 88°F · cross RF 7 · 49° dew · switch,2,30,.720,2,30,9,9.5,80.7,28.6,0.139,47.6
115,681082,Bryson Stott,PHI,ATL,True,6,3B,L,official,live,Tyler Mahle,R,1.22,66% hard · 6% break,0.12097013712651518,0.12121001009088206,0.12711986804109657,2.4548708427966943,0.97,stable,,10.4% vs FF; 22.2% pull air; 72.2% ideal AA; 119 air,0.8582836768800292,1.0723670760414061,1.19,0.9928410789561166,1,1.0265666666666666,119,119 air · 77°F · in CF 8 · 62° dew · LHB,10,530,.400,1,40,10,6,89.2,37.7,0.134,37.1
116,805300,Jakob Marsee,MIA,CHC,True,4,CF,L,official,preview,Clay Holmes,R,0.44,61% hard · 25% break,0.12092884556684005,0.12116764239164635,0.127204503062245,2.6687838207160426,0.97,stable,,18.2% vs RHP last 10; 14.6% vs hard; trending +9.5 brl; 108.7 last game,0.7581237643846456,0.997030062736834,0.9,1.1961272940924454,1,1.22,90,90 air · 72°F · roof closed · LHB,9,540,.328,1,38,10,3.8,87.3,35,0.098,42.6
117,687263,Zach Neto,LAA,PIT,False,1,SS,R,official,live,Paul Skenes,R,0.9,53% hard · 24% break,0.1199964682561525,0.12021096548759591,0.12626755616007498,2.7460218960500296,0.97,stable,,25% pull air; 75% ideal AA; 8.1% solid; spray vs wall,1.1986199220687626,0.8396921225705205,0.78,1.1279805757684715,1,0.963112695652174,78,78 air · 75°F · in LF 8 · 60° dew · spray vs wall · RHB,23,612,.430,1,44,10,11.5,89.6,40.9,0.192,48.3
118,668804,Bryan Reynolds,PIT,LAA,True,3,LF,S,official,live,Walbert Ureña,R,0.58,52% hard · 14% break,0.11987235546471045,0.12008361807179246,0.12605120559027017,2.694325753220684,0.97,stable,,12.5% vs RHP last 10; 108.1 last game; 5× 100+ last 3; 20–30° last 5,1.0900162358489458,0.8320065179406594,0.85,1.1057805036029364,1,1.0943464943156802,85,85 air · 75°F · in LF 8 · 60° dew · switch,16,624,.429,1,45,10,11.1,91,47.9,0.196,38.9
119,605353,Vimael Machín,COL,STL,True,8,3B,L,official,preview,Kyle Leahy,R,0.9,39% hard · 46% break,0.11966284875683739,0.12062808620917054,0.12630559232007518,2.1428532385897787,0.5060000000000001,thin,Short season sample,Air starter; 119 air; Platoon,1,0.9930676197724937,1.19,1.08,1,1,119,119 air · 88°F · cross RF 7 · 49° dew · LHB,0,0,.000,,,,,,,,
120,677594,Julio Rodríguez,SEA,ATH,True,3,CF,R,projected,preview,Gage Jump,L,0.97,51% hard · 39% break,0.11963527209926846,0.12027092023268793,0.12285855215106198,2.67515714676141,0.6983999999999999,fair,Projected order,109.4 last game; 5× 100+ last 3; 56% ideal AA; 17.5% blast,1.1204104818035467,0.9472747857930361,0.91,1.0108578819757108,1,0.9081304000000001,91,91 air · 67°F · in LF 8 · 57° dew · RHB,20,575,.395,0,45,10,9.1,89.9,43.2,0.179,39.2
121,671976,Tristan Peters,CWS,MIN,True,8,CF,L,projected,preview,Bailey Ober,R,1.43,35% hard · 34% off,0.11940541487511773,0.12002249561251255,0.1256457811639919,2.2863806140111143,0.69588576,fair,Weather not posted; Projected order,100 last game; 26.3% pull air; 78.9% ideal AA; Air starter,0.9688943538211592,1.1046183107335694,1.13,0.9311247694902526,1,1.107412604388715,113,113 air · 59° dew · LHB,12,430,.468,1,34,10,5.8,87.5,33.9,0.144,51
122,670231,John Rave,KC,TOR,True,1,RF,L,official,preview,Spencer Arrighetti,R,1.36,46% hard · 47% break,0.11937830924950722,0.11972016486915127,0.12572607181983908,2.9431265373052744,0.8723376,stable,,100.1 last game; 60% ideal AA; #1,1.0640350602717403,0.966870324129692,1.04,0.9242719400244799,1,0.8652000000000001,104,104 air · 95°F · cross LF 6 · 71° dew · LHB,4,101,.438,2,39,10,11.4,88.2,37.1,0.167,42.9
123,671056,Iván Herrera,STL,COL,False,2,DH,R,official,preview,Tanner Gordon,R,1.73,47% hard · 31% break,0.11912189871205865,0.11931360293465743,0.1252414143428274,3.113137859680631,0.97,stable,,104.2 last game; 5× 100+ last 3; Air starter; 18.8% K,0.9048100286621588,1.1401130686630319,1.14,0.8670246785428324,1,0.8773128000000001,114,114 air · 88°F · cross RF 7 · 49° dew · RHB,16,637,.385,2,47,10,5.7,89.4,41,0.132,37.9
124,620443,Luis Torrens,NYM,SF,True,9,C,R,official,preview,Cesar Perdomo,L,2.25,53% hard · 40% break,0.11891550816506681,0.1196680843342014,0.125167615563518,2.212079803224925,0.582,fair,No established starter,Platoon,0.9672943995034322,1,0.92,1.299721344411063,1,1.14,92,92 air · 72°F · in CF 8 · 61° dew · RHB,8,249,.394,3,27,10,5.7,88.5,41.3,0.134,30.7
125,606466,Ketel Marte,AZ,HOU,False,2,2B,S,official,preview,Peter Lambert,R,0.88,51% hard · 25% break,0.11841380707581889,0.11858705703250294,0.12443793291835846,2.829895235492393,0.97,stable,,18.6% blast; xSLG 0.464; #2,1.1970271683505707,0.8576120967974571,1.01,1.0527658390161452,1,0.8,101,101 air · 73°F · roof closed · switch,22,536,.449,3,40,10,10.1,90.1,42.4,0.188,50.7
126,571771,Enrique Hernández,LAD,WSH,True,9,3B,R,projected,preview,Andrew Alvarez,L,0.5,43% hard · 52% break,0.11777186723621876,0.11861647043873436,0.12402783989548297,2.5572704650393407,0.42614035200000006,thin,Short season sample; Weather not posted; Projected order,16.7% vs LHP last 10; 11.8% vs FF,0.9686581518784834,0.892688842350759,1.03,1.3002084912981082,1,1.0853413654618473,103,103 air · 71° dew · RHB,2,59,.364,0,23,10,8.3,88.4,38.9,0.131,25
127,694378,Jacob Gonzalez,PIT,LAA,True,8,3B,L,official,live,Walbert Ureña,R,0.58,52% hard · 14% break,0.11745092895035293,0.117599084402228,0.12299454677488278,2.2951663823731754,0.97,stable,,14.3% vs RHP last 10; 11.0% vs hard; trending +7.0 brl; 101.6 last game,0.9865313155198782,0.942146016827213,0.88,1.2023746249402303,1,1.22,88,88 air · 75°F · in LF 8 · 60° dew · LHB,6,203,.369,0,24,10,4.1,88.1,37.2,0.138,43
128,664023,Ian Happ,CHC,MIA,False,5,LF,S,official,preview,Tyler Phillips,R,1.14,33% hard · 43% break,0.11693421279115053,0.11706890159984507,0.12263648685484835,2.978558473502447,0.97,stable,,33.3% pull air; 8.7% solid,1.2231856870480649,1.0458933009589781,0.9,0.9849475316197471,1,0.8652800000000002,90,90 air · 72°F · roof closed · switch,23,577,.416,1,36,10,11.5,89.2,41.3,0.189,46.4
129,669224,Austin Wells,NYY,SD,False,9,C,L,official,preview,Michael King,R,1,48% hard · 27% off,0.11671058455753987,0.11710736994006676,0.12237392845220413,2.279423822002154,0.97,stable,,15.4% vs hard; trending +6.5 brl; 26.7% pull air; 93.3% ideal AA,1.0143369624987382,1.14132015076884,0.82,1.0875145424162822,1,1.22,82,82 air · 84°F · in LF 14 · 68° dew · LHB,10,337,.311,2,29,10,6.8,89.5,43.5,0.143,48.3
130,691777,Max Muncy,ATH,SEA,False,6,DH,R,projected,preview,Bryan Woo,R,1.09,66% hard · 28% break,0.11646561909017228,0.11684522914213458,0.11883551369698528,2.512202787646898,0.6983999999999999,fair,Projected order,11.8% vs FF; tank last game,1.0883491571552388,1.0479709085595368,0.91,1.0962608111533534,1,0.8652800000000002,91,91 air · 67°F · in LF 8 · 57° dew · RHB,9,263,.398,3,37,10,11.6,89.1,43.2,0.157,43.2
131,669134,Luis Campusano,SD,NYY,True,6,C,R,official,preview,Gerrit Cole,R,1.13,53% hard · 33% break,0.11634118646090753,0.11670832780100804,0.12217502797248016,2.5379065318393006,0.97,stable,,11.0% vs hard; tank last game; 18.2% pull air; 72.7% ideal AA,1.047884037271348,1.0859276100431217,0.78,1.1002860714319105,1,1.060748448627451,78,78 air · 84°F · in LF 14 · 68° dew · RHB,6,189,.457,1,32,10,10.2,88,41.2,0.159,40.3
132,518692,Freddie Freeman,LAD,WSH,True,2,1B,L,projected,preview,Andrew Alvarez,L,0.5,43% hard · 52% break,0.11626713133083222,0.11663070794792063,0.12228244416514322,3.1839818184433484,0.69588576,fair,Weather not posted; Projected order,12.6% vs FF; 58.8% ideal AA; 39.3% sweet; 8.3% solid,1.0275156356462791,0.8982038498808012,1.1,0.9634136405472692,1,0.8807391412359112,110,110 air · 71° dew · LHB,16,588,.461,1,43,10,8.3,89.7,41.7,0.184,32.9
133,641680,Jonah Heim,ATH,SEA,False,5,C,S,projected,preview,Bryan Woo,R,1.09,66% hard · 28% break,0.11564336066740526,0.11595655036722707,0.11938955427888624,2.6010180377152228,0.6983999999999999,fair,Projected order,100.8 last game,1.043697452200909,0.974585762400578,0.93,0.854423416863471,1,1.151082089552239,93,93 air · 67°F · in LF 8 · 57° dew · switch,13,345,.390,2,39,10,6.7,88,32.9,0.144,40.8
134,622268,Donovan Walton,ATH,SEA,False,7,2B,L,projected,preview,Bryan Woo,R,1.09,66% hard · 28% break,0.11549949207759014,0.11580106036724103,0.1189879074705306,2.4233875375785736,0.6983999999999999,fair,Projected order,trending +5.2 brl; 70% ideal AA; 41.4% sweet,0.9516040629749272,0.9945361352618896,0.92,0.9927790423054568,1,1.22,92,92 air · 67°F · in LF 8 · 57° dew · LHB,5,208,.441,1,32,10,4.8,87.3,33.1,0.129,46.9
135,671732,Lawrence Butler,ATH,SEA,False,4,RF,L,projected,preview,Bryan Woo,R,1.09,66% hard · 28% break,0.11543271795635028,0.11572889236918116,0.11920842988614955,2.6771453949166437,0.6983999999999999,fair,Projected order,9.8% vs FF; 107.9 last game,0.9777478926170214,1.0420647265363217,0.92,1.0505626537761896,1,0.891384493670886,92,92 air · 67°F · in LF 8 · 57° dew · LHB,13,458,.376,2,44,10,7.9,89.9,47.3,0.141,34.8
136,605137,Josh Bell,MIN,CWS,False,4,DH,S,projected,preview,Bryan Hudson,L,0.61,73% hard · 27% break,0.11478747004268301,0.11504572988227513,0.12046367074724229,2.952500683246789,0.6736174156799999,fair,Weather not posted; Projected order,tank last game; 5× 100+ last 3; 27.3% pull air; 77.3% ideal AA,1.0936930265991123,0.8096523103043519,1.15,0.9591819126745686,1,0.9268879360000003,115,115 air · 59° dew · switch,18,555,.427,1,43,10,9.4,89.9,42.1,0.186,41.6
137,686611,Dylan Crews,WSH,LAD,False,9,CF,R,projected,preview,Justin Wrobleski,L,1.4,59% hard · 36% break,0.11460959275375729,0.11483927679774775,0.11990412283828428,2.473290306304791,0.69588576,fair,Weather not posted; Projected order,100.6 last game; 4× 100+ last 3; 68.4% ideal AA; 16.7% blast,1.0447430098925892,1.0288407152142927,1.03,1.2151141627358208,1,0.8911560000000001,103,103 air · 71° dew · RHB,10,370,.365,0,43,10,9,90.3,42.9,0.169,33.5
138,699302,Héctor Rodríguez,CIN,MIL,True,9,RF,L,official,live,Kyle Harrison,L,1.55,59% hard · 32% break,0.1134975144407017,0.11358387744663767,0.1185306179970067,2.0133539406847545,0.847152,stable,,14.3% vs LHP last 10; 102 last game; 76.5% ideal AA; 121 air,1.076642462329536,0.9701243044859597,1.21,1.088836552345696,1,0.8848636363636364,121,121 air · 77°F · cross RF 10 · 64° dew · LHB,5,92,.464,4,44,10,8.8,87.9,33.3,0.141,40.4
139,695731,Braden Montgomery,CWS,MIN,True,6,RF,S,projected,preview,Bailey Ober,R,1.43,35% hard · 34% off,0.11347445725121054,0.11361244737304865,0.11878297967223891,2.460344356381525,0.69588576,fair,Weather not posted; Projected order,tank last game; 4× 100+ last 3; 58.3% ideal AA; 8.7% solid,0.8761902630864082,1.0517358797402347,1.15,0.8495772473129404,1,1.092230658506732,115,115 air · 59° dew · switch,6,302,.357,1,42,10,4.3,88.7,40.6,0.14,38.6
140,679845,Nick Loftin,KC,TOR,True,6,2B,R,official,preview,Spencer Arrighetti,R,1.36,46% hard · 47% break,0.11311722116689664,0.11315243163857491,0.11827958532936823,2.5784913910904623,0.97,stable,,,0.8411598977871919,1.0300576620917967,1.07,0.9329060575616284,1,1.1291248206599713,107,107 air · 95°F · cross LF 6 · 71° dew · RHB,7,372,.388,1,40,10,4.1,87.2,28.5,0.109,44.2
141,682877,Juan Brito,CIN,MIL,True,8,2B,S,official,live,Kyle Harrison,L,1.55,59% hard · 32% break,0.11220044617806342,0.11224501496407213,0.11715053538837725,2.0870823948506754,0.5940000000000001,fair,Short season sample,119 air,0.8477199413617008,1.095114314593784,1.19,0.97,1,1.034585355064638,119,119 air · 77°F · cross RF 10 · 64° dew · switch,1,67,.333,1,36,10,2.6,84.9,30.8,0.074,51.3
142,687529,Grant McCray,SF,NYM,False,7,LF,L,official,preview,Christian Scott,R,0.95,67% hard · 29% break,0.11216081246540129,0.11220131352109797,0.11717526934352777,2.203645384405155,0.5940000000000001,fair,Short season sample,12.5% barrels; Platoon,1.0006298070079682,0.8965821944674636,0.92,1.127605797439335,1,1.104391395629218,92,92 air · 72°F · in CF 8 · 61° dew · LHB,2,68,.304,1,25,10,12.5,86.6,27.5,0.173,37.5
143,669003,Garrett Mitchell,MIL,CIN,False,5,CF,L,official,live,Brady Singer,R,1.67,59% hard · 41% break,0.11197767317605269,0.11198318477745861,0.11692735680153252,2.5930260598363426,0.97,stable,,105.4 last game; 71.4% ideal AA; 22.4% blast; 77.6 bat,1.0210786695883831,1.0506426679832412,1.21,0.7809195066547576,1,0.8816800000000001,121,121 air · 77°F · cross RF 10 · 64° dew · LHB,9,463,.414,0,34,10,11.7,93,52.1,0.175,34.2
144,701852,Drew Cavanaugh,SF,NYM,False,8,C,L,official,preview,Christian Scott,R,0.95,67% hard · 29% break,0.11194527019016436,0.11195084736695671,0.11683027285386657,2.1228835116782645,0.9433152000000001,stable,,16.7% vs RHP last 10; 12.6% vs FF; trending +10.3 brl; 100.8 last game,0.8307292232933923,1.0543785713374458,0.92,1.1197662078806851,1,1.22,92,92 air · 72°F · in CF 8 · 61° dew · LHB,0,132,.270,0,29,10,5.1,85.8,31.3,0.114,26.3
145,668930,Brice Turang,MIL,CIN,False,6,2B,L,official,live,Brady Singer,R,1.67,59% hard · 41% break,0.11133674926469798,0.1113255571236984,0.11616855444238561,2.5044837065736383,0.97,stable,,9.4% solid; 18.5% K; 121 air,1.0143111642795468,1.0506426679832412,1.21,0.9378850700565464,1,0.78,121,121 air · 77°F · cross RF 10 · 64° dew · LHB,17,601,.421,1,44,10,7.3,90.2,41.2,0.167,28
146,643289,Mauricio Dubón,ATL,PHI,False,5,SS,R,official,live,Aaron Nola,R,1.93,50% hard · 34% break,0.11122622015064088,0.11121214740272867,0.11632886028978401,2.4901261078358643,0.97,stable,,100.9 last game; 116 air,0.776476153854166,1.0970775302858577,1.16,0.8014593447469183,1,1.1114486486486488,116,116 air · 77°F · in CF 8 · 62° dew · RHB,11,540,.387,1,40,10,3.9,86.5,29.5,0.108,31.1
147,668670,Jake Rogers,CWS,MIN,True,9,C,R,projected,preview,Bailey Ober,R,1.43,35% hard · 34% off,0.11116431539036312,0.1111091534518116,0.11584213728024957,2.2056117336248517,0.6446926080000001,fair,Weather not posted; Projected order,Air starter; 16.6% K; 119 air; pull × porch,0.966514153403796,1.1932090457542075,1.19,0.7596814052606224,1,1.10294029152222,119,119 air · 59° dew · pull × porch · RHB,4,161,.301,1,28,10,9.7,88.4,37.6,0.13,45.2
148,682998,Corbin Carroll,AZ,HOU,False,5,RF,L,official,preview,Peter Lambert,R,0.88,51% hard · 25% break,0.11111701595164541,0.11110009712672264,0.11609077470925647,2.6250159424250707,0.97,stable,,81.8% ideal AA; 18.0% blast; 75.4 bat,1.1364127391827892,0.9282424147178577,1.03,1.011408447565426,1,0.8034,103,103 air · 73°F · roof closed · LHB,19,602,.465,1,42,10,11.9,91.7,47.7,0.192,42.6
149,664770,Nathan Lukes,TOR,KC,False,2,RF,L,official,preview,Randy Dobnak,R,0.78,49% hard · 30% break,0.11111280527601364,0.11109577671257143,0.11619532747449215,3.09081898515077,0.97,stable,,16.2% K; #2,0.8032219420251618,0.8635101379768697,1.04,0.9365476902278722,1,1.159,104,104 air · 95°F · cross LF 6 · 71° dew · LHB,10,387,.392,2,39,10,2.3,87,28.4,0.087,32.3
150,514888,Jose Altuve,HOU,AZ,True,4,2B,R,official,preview,Eduardo Rodriguez,L,0.75,61% hard · 12% break,0.11111058652762093,0.11109350013921548,0.11612688445122724,2.79103580213173,0.97,stable,,30.4% pull air; 69.6% ideal AA; 17.8% K,0.8774590868114329,0.9635136189574918,0.99,0.9708278881461256,1,1.034696122209166,99,99 air · 73°F · roof closed · RHB,15,492,.395,1,42,10,4.6,85.4,32.1,0.103,42.7
151,667472,Dane Myers,CIN,MIL,True,1,CF,R,official,live,Kyle Harrison,L,1.55,59% hard · 32% break,0.1110403260996211,0.11102140858575782,0.1161263546458425,2.5634816371535463,0.97,stable,,114 air; #1,0.8736922970632546,0.9701243044859597,1.14,0.8987152952633524,1,0.8,114,114 air · 77°F · cross RF 10 · 64° dew · RHB,6,288,.384,1,37,10,4.5,89.1,35.4,0.12,25.4
152,665833,Oneil Cruz,PIT,LAA,True,5,CF,L,official,live,Walbert Ureña,R,0.58,52% hard · 14% break,0.11082469863702628,0.11080016144580829,0.11576221066727604,2.5571147194918527,0.97,stable,,9.8% vs hard; 78 bat; 16.9% barrels; 95.3 EV,1.3556885365307927,0.8680943478686741,0.88,1.0515,1,0.8034,88,88 air · 75°F · in LF 8 · 60° dew · LHB,17,351,.476,1,45,10,16.9,95.3,55.7,0.23,42.2
153,814430,Brett Callahan,DET,CLE,False,6,LF,L,official,live,Gavin Williams,R,1.49,49% hard · 51% break,0.11075998359688737,0.11063699095403068,0.1155296321876934,2.5267655900840795,0.5060000000000001,thin,Short season sample,14.3% vs RHP last 10; tank last game; 8.3% solid; xSLG 0.465,0.9667323108342508,1.2009886818202173,0.84,1.1401894276259195,1,0.84,84,84 air · 73°F · in RF 14 · 62° dew · LHB,1,39,.429,0,22,10,8.3,91.7,50,0.204,41.7
154,641857,Ryan McMahon,NYY,SD,False,8,3B,L,official,preview,Michael King,R,1,48% hard · 27% off,0.11068904176250735,0.1106609690853333,0.11542642979172708,2.362895680272656,0.97,stable,,101.9 last game; 8.8% solid; Platoon,1.095331088699444,0.9950375266540861,0.82,1.194101119399514,1,1,82,82 air · 84°F · in LF 14 · 68° dew · LHB,10,315,.365,,,,9.4,91,47.7,0.159,39.7
155,664954,Brett Sullivan,COL,STL,True,7,C,L,official,preview,Kyle Leahy,R,0.9,39% hard · 46% break,0.11036153075698557,0.11032492249645398,0.11512838884498311,2.224374829188303,0.97,stable,,33.3% pull air; 8.2% solid; Air starter; 119 air,1.0110739488800924,0.9930676197724937,1.19,0.9976503435761989,1,0.8320000000000001,119,119 air · 88°F · cross RF 7 · 49° dew · LHB,7,208,.432,0,33,10,4.4,86.6,32.1,0.127,51.6
156,683227,Cody Freeman,TEX,TB,True,9,3B,R,official,preview,Ian Seymour,L,1.59,43% hard · 30% off,0.10980564911771558,0.10970606914469683,0.11431961038152205,2.5484194224287147,0.8425728000000001,stable,,75% ideal AA; Air starter,0.7372765682158053,1.0545254070305663,1.09,1.0696767458985736,1,1.22,109,109 air · 72°F · roof closed · RHB,1,88,.338,1,38,10,1.5,82.9,20.9,0.055,41.8
157,677588,José Tena,WSH,LAD,False,7,DH,L,projected,preview,Justin Wrobleski,L,1.4,59% hard · 36% break,0.10945315950320404,0.10924701324292252,0.11395371489697029,2.661399709882902,0.656496,fair,Weather not posted; Projected order,9.8% solid; Air starter; 110 air,0.9972597544913431,1.1768667295588535,1.1,0.9,1,0.84,110,110 air · 71° dew · LHB,7,276,.378,0,27,10,8.6,90.7,46.6,0.134,31.3
158,660688,Keibert Ruiz,WSH,LAD,False,8,C,S,projected,preview,Justin Wrobleski,L,1.4,59% hard · 36% break,0.10924390804753308,0.10904016306508335,0.11366324835695751,2.563861500620178,0.69588576,fair,Weather not posted; Projected order,58.3% pull air; 83.3% ideal AA; Air starter,0.9533969978529461,1.148899707085771,1.07,1.0304511248047947,1,0.85696,107,107 air · 71° dew · switch,9,318,.455,2,34,10,4.5,88.4,37.1,0.121,60.6
159,678545,Osleivis Basabe,SF,NYM,False,6,3B,R,official,preview,Christian Scott,R,0.95,67% hard · 29% break,0.10862299157231205,0.10849591529387459,0.1131916997198282,2.2844072571320457,0.8952336000000002,stable,,Platoon,1.055666096586195,0.8410784264038513,0.92,1.216843436845256,1,0.8932676518883416,92,92 air · 72°F · in CF 8 · 61° dew · RHB,5,111,.382,2,29,10,8.4,87.8,35.7,0.131,40.5
160,803011,Sam Antonacci,CWS,MIN,True,1,LF,L,projected,preview,Bailey Ober,R,1.43,35% hard · 34% off,0.10850336269302065,0.1082397979728087,0.1130795729969232,2.8082718411223464,0.69588576,fair,Weather not posted; Projected order,Air starter; 16.6% K; 113 air; #1,0.7811242987134346,1.0920897241064433,1.13,0.7957396120855951,1,0.8873513513513515,113,113 air · 59° dew · LHB,8,489,.383,0,41,10,5.2,87.3,32.6,0.117,32.8
161,694671,Wyatt Langford,TEX,TB,True,5,LF,R,official,preview,Ian Seymour,L,1.59,43% hard · 30% off,0.10764982179318433,0.10754254104375416,0.1122053170883413,2.943244966748656,0.97,stable,,26.1% pull air; Air starter,1.0693030861290254,1.0109349919232826,1.09,0.8621133492121253,1,0.8320000000000001,109,109 air · 72°F · roof closed · RHB,15,391,.438,0,43,10,6.3,89,37.3,0.15,42.5
162,687551,Drew Gilbert,SF,NYM,False,1,CF,L,official,preview,Christian Scott,R,0.95,67% hard · 29% break,0.1075305348893763,0.10742014528774346,0.11217222046967129,2.6074547480396073,0.97,stable,,103.2 last game; #1,0.885084526367091,0.8410784264038513,0.92,0.8993871991978165,1,1.0457975986277874,92,92 air · 72°F · in CF 8 · 61° dew · LHB,8,353,.376,1,34,10,5.3,86.7,35.7,0.132,43.8
163,642201,Eli White,BOS,BAL,False,9,CF,R,official,live,Kyle Bradish,R,1.03,53% hard · 46% break,0.10733276615804635,0.10721722231285125,0.11161807768020104,2.263236353698228,0.97,stable,,9.8% vs hard; trending +7.5 brl; 80% ideal AA; 13.3% barrels last 10,0.8858783121875067,1.0397645182820494,1.04,0.9175508803758743,1,1.22,104,104 air · 77°F · in CF 5 · 58° dew · RHB,5,192,.385,0,22,10,5.8,85.7,29,0.101,34.8
164,703607,Henry Bolte,ATH,SEA,False,1,LF,R,projected,preview,Bryan Woo,R,1.09,66% hard · 28% break,0.10676494027752098,0.10636094935332097,0.10831064337068172,2.8674637879201965,0.6983999999999999,fair,Projected order,77 bat; #1,0.8599441927801214,0.9872028408184403,0.91,0.7,1,1.158242253521127,91,91 air · 67°F · in LF 8 · 57° dew · RHB,8,390,.388,2,49,10,7.1,91,47.9,0.119,32.2
165,680776,Jarren Duran,BOS,BAL,False,7,LF,L,official,live,Kyle Bradish,R,1.03,53% hard · 46% break,0.10616493565617975,0.10601895584264132,0.11044066798362145,2.4353698228527416,0.97,stable,,16.8% blast; 75.1 bat; 116 air,1.0673166004772143,0.9014222206986662,1.16,1.0283736466463291,1,0.8,116,116 air · 77°F · in CF 5 · 58° dew · LHB,19,557,.359,1,36,10,9.5,89.9,40.2,0.15,39.9
166,699013,Esmerlyn Valdez,PIT,LAA,True,6,RF,R,official,live,Walbert Ureña,R,0.58,52% hard · 14% break,0.10611303794231461,0.10596570557189933,0.11043489036889836,2.4697986071189604,0.97,stable,,62.5% ideal AA; 20.5% barrels; 11% solid; xISO 0.241,1.5312703695368863,0.7521316244130115,0.78,1.153311398914214,1,0.8240000000000001,78,78 air · 75°F · in LF 8 · 60° dew · spray vs wall · RHB,16,273,.511,2,42,10,20.5,91.7,48.8,0.241,37
167,807726,John Peck,DET,CLE,False,9,SS,R,official,live,Gavin Williams,R,1.49,49% hard · 51% break,0.10502696914513619,0.10420320896840518,0.10835358631831557,2.265156021413758,0.5060000000000001,thin,Short season sample,trending +4.0 brl; 66.7% ideal AA; 22.2% barrels last 10; 18.2% barrels,0.8917197452229301,1.2009886818202173,0.89,0.9,1,1.184256591020067,89,89 air · 73°F · in RF 14 · 62° dew · RHB,0,17,.333,0,17,6,18.2,87.9,41.7,0.208,16.7
168,665926,Andrés Giménez,TOR,KC,False,8,SS,L,official,preview,Randy Dobnak,R,0.78,49% hard · 30% break,0.104630421677196,0.10444444940001485,0.10867365583398421,2.5733515532477003,0.97,stable,,12.5% vs RHP last 10; 11.0% vs hard; trending +5.0 brl; 75% ideal AA,0.7291532126138485,1.0271682492857939,1.04,1.0096935551913107,1,1.22,104,104 air · 95°F · cross LF 6 · 71° dew · LHB,8,451,.354,0,32,10,3.3,85.5,25.1,0.093,39.4
169,694371,Tommy Troy,AZ,HOU,False,6,LF,R,official,preview,Peter Lambert,R,0.88,51% hard · 25% break,0.10462506442179008,0.10433497340444853,0.10866076601242854,2.535381251708117,0.89424,stable,,,1.0000177110619193,0.9130652120943925,0.99,0.937285174513635,1,0.9807334112144086,99,99 air · 73°F · roof closed · RHB,4,134,.364,1,35,10,10,84.8,31.1,0.174,33.3
170,691788,Joe Mack,MIA,CHC,True,6,C,L,official,preview,Clay Holmes,R,0.44,61% hard · 25% break,0.10454603369653918,0.10435786210198816,0.10868534770699084,2.504356381525007,0.97,stable,,Platoon,1.098463073835253,0.770930062736834,0.9,1.3600301372607069,1,0.8,90,90 air · 72°F · roof closed · LHB,12,284,.400,0,28,10,8.4,88.2,38.2,0.163,48.2
171,669016,Brandon Marsh,PHI,ATL,True,7,LF,L,official,live,Tyler Mahle,R,1.22,66% hard · 6% break,0.10454103471243935,0.10435273283449398,0.10863000055286984,2.368082479667518,0.97,stable,,66.7% ideal AA; 42.1% sweet; 8.5% solid; 119 air,1.0765224458500524,0.9194610116609963,1.19,0.9134650527117212,1,0.8240000000000001,119,119 air · 77°F · in CF 8 · 62° dew · LHB,17,517,.421,0,24,10,8.2,89.2,43.2,0.153,37.3
172,622761,Jorge Mateo,TB,TEX,False,7,SS,R,official,preview,MacKenzie Gore,L,1.05,59% hard · 29% break,0.10412360943444117,0.10392442862969387,0.10816502597600708,2.3886745012298443,0.97,stable,,20–30° last 5; 43.5% sweet,1.0051532870301116,0.9674815391950898,1.09,1.0076688698490412,1,0.8240000000000001,109,109 air · 72°F · roof closed · RHB,5,176,.354,0,26,10,8.7,88.4,40,0.16,39.1
173,605141,Mookie Betts,LAD,WSH,True,3,SS,R,projected,preview,Andrew Alvarez,L,0.5,43% hard · 52% break,0.10403952067398503,0.10341537593343586,0.10777057379783989,3.1119460306957616,0.69588576,fair,Weather not posted; Projected order,101.5 last game; 32.1% pull air; 57.1% ideal AA; 39.8% sweet,1.0694515530373205,0.8346060804713002,1.03,0.836666178915795,1,0.9358003200000002,103,103 air · 71° dew · RHB,17,447,.418,1,47,10,7,90.2,38.2,0.147,38.4
174,805808,Kevin McGonigle,DET,CLE,False,1,3B,L,official,live,Gavin Williams,R,1.49,49% hard · 51% break,0.10355015693673138,0.1033360308278164,0.1077141509836072,2.8840859765606157,0.97,stable,,105.4 last game; 65.5% ideal AA; Air starter; #1,0.9508785982317108,1.0917526137598377,0.84,0.807612097354556,1,0.8816800000000001,84,84 air · 73°F · in RF 14 · 62° dew · LHB,14,618,.410,0,45,10,6.9,88.1,36.7,0.169,37.7
175,701785,Kaelen Culpepper,MIN,CWS,False,2,SS,R,projected,preview,Bryan Hudson,L,0.61,73% hard · 27% break,0.10307901581152382,0.1021329436056636,0.10639357262105571,3.09242962558076,0.56550529271808,fair,Weather not posted; Projected order,68.2% ideal AA; 38.6% sweet; 8.6% solid; 117 air,1.0190256194617744,0.777312174936632,1.17,0.8463528752802237,1,0.8487200000000001,117,117 air · 59° dew · RHB,3,97,.466,1,42,10,4.3,87.5,31.4,0.143,40
176,694224,Gabriel Gonzalez,MIN,CWS,False,8,LF,R,projected,preview,Bryan Hudson,L,0.61,73% hard · 27% break,0.10291324021038374,0.10146811475509976,0.10545058089614182,2.5746925389450674,0.3315020544,thin,Short season sample; Weather not posted; Projected order,115 air; spray vs wall,0.9333333333333333,0.7861766044063984,1.15,1.08,1,1,115,115 air · 59° dew · spray vs wall · RHB,0,10,.143,0,10,6,0,79.8,0,0.01,40
177,592518,Manny Machado,SD,NYY,True,3,3B,R,official,preview,Gerrit Cole,R,1.13,53% hard · 33% break,0.10284395445901573,0.10212794858815155,0.10635602654509047,2.7686253074610554,0.97,stable,,#3,1.1809944467761742,0.8974152642504498,0.78,0.9796753976329637,1,0.8240000000000001,78,78 air · 84°F · in LF 14 · 68° dew · RHB,25,590,.408,1,44,10,9.4,90.4,44.4,0.175,40.9
178,678391,Jorbit Vivas,WSH,LAD,False,6,2B,L,projected,preview,Justin Wrobleski,L,1.4,59% hard · 36% break,0.10213043168315414,0.10135207464203433,0.1054231792056328,2.7589379191456262,0.69588576,fair,Weather not posted; Projected order,11.8% vs FF; Air starter; 110 air,0.663024963604816,1.2489923860859364,1.1,0.72,1,1.22,110,110 air · 71° dew · LHB,3,319,.322,0,37,10,3.4,82.5,21.7,0.077,39.6
179,666176,Jo Adell,CLE,DET,True,3,RF,R,official,live,Jackson Jobe,R,1.54,52% hard · 36% break,0.10165966216646835,0.10076227796279669,0.10485953360236976,2.5845511689731424,0.6580480000000001,fair,Starter sample thin,19.2% pull air; 57.7% ideal AA; 77.2 bat; 8.4% solid,1.1259583145048677,1.0244109502563066,0.89,0.7086679557627369,1,0.85696,89,89 air · 73°F · in RF 14 · 62° dew · RHB,20,577,.400,0,41,10,9.2,90,43.7,0.185,39.2
180,643446,Jeff McNeil,ATH,SEA,False,2,1B,L,projected,preview,Bryan Woo,R,1.09,66% hard · 28% break,0.10149726532238611,0.10066776239880249,0.10327964829717665,2.804024323585679,0.6983999999999999,fair,Projected order,20–30° last 5; 25.8% pull air; 38.1% sweet; #2,0.700375675447204,0.9076393340036749,0.92,0.8303254004295522,1,1.22,92,92 air · 67°F · in LF 8 · 57° dew · LHB,8,451,.378,2,45,10,1.9,86.6,30,0.091,41.7
181,694208,Moisés Ballesteros,LAA,PIT,False,5,1B,L,official,live,Paul Skenes,R,0.9,53% hard · 24% break,0.10110655222051088,0.10082874094866545,0.1048862538475103,2.490860569425912,0.97,stable,,9.8% vs FF,0.9685355623474841,0.9717412282323007,0.88,0.9830502199184015,1,0.8693327751937984,88,88 air · 75°F · in LF 8 · 60° dew · LHB,7,288,.324,1,39,10,8.6,90.6,47,0.136,36.9
182,699393,Pedro Ramírez,CHC,MIA,False,7,2B,S,official,preview,Tyler Phillips,R,1.14,33% hard · 43% break,0.10064329441680739,0.1003534097320602,0.10429636224647752,2.7751447240925238,0.97,stable,,trending +3.0 brl; 42.9% pull air; 71.4% ideal AA,0.8429591445458642,1.015197611866993,0.9,0.8978040779952621,1,1.22,90,90 air · 72°F · roof closed · switch,4,203,.412,2,42,10,4.1,88.8,39.9,0.099,41.2
183,669701,Josh Smith,TOR,KC,False,7,2B,L,official,preview,Randy Dobnak,R,0.78,49% hard · 30% break,0.1004417479886599,0.10007750752212086,0.10399677326462385,2.6712507971212536,0.93799,stable,,tank last game; 16.2% K,0.8917330901057162,0.8511911540462154,1.04,0.9260505291092807,1,1.14,104,104 air · 95°F · cross LF 6 · 71° dew · LHB,4,196,.320,2,22,10,7.8,85.8,29.5,0.123,35.7
184,806198,Cooper Pratt,MIL,CIN,False,7,SS,R,official,live,Brady Singer,R,1.67,59% hard · 41% break,0.10036865700224629,0.10007161472430204,0.10384720079372348,2.4159413533109335,0.97,stable,,38.5% sweet; 18.5% K; 114 air,0.7955054542703575,1.0506426679832412,1.14,0.7,1,1.22,114,114 air · 77°F · cross RF 10 · 64° dew · RHB,3,206,.377,1,34,10,3.6,87,28.7,0.099,33.6
185,571912,Luke Maile,KC,TOR,True,8,C,R,official,preview,Spencer Arrighetti,R,1.36,46% hard · 47% break,0.10018301303101876,0.09876715820515447,0.10253019658305362,2.3961738179830556,0.5060000000000001,thin,Short season sample,,0.9945119749386833,1.0668838987347407,1.07,0.9,1,0.84,107,107 air · 95°F · cross LF 6 · 71° dew · RHB,1,34,.273,0,23,10,4.5,83.2,22.7,0.052,45.5
186,669242,Tommy Edman,LAD,WSH,True,1,CF,S,projected,preview,Andrew Alvarez,L,0.5,43% hard · 52% break,0.09977867365004567,0.09881034640931075,0.10280041084440882,3.256017606190935,0.69588576,fair,Weather not posted; Projected order,21.4% pull air; #1,0.8954336380606347,0.8077918879072183,1.07,0.8814392496582657,1,0.8912384000000001,107,107 air · 71° dew · switch,6,255,.414,2,47,10,5.7,88.1,35.2,0.111,42.6
187,701807,Carson Benge,NYM,SF,True,4,RF,L,official,preview,Cesar Perdomo,L,2.25,53% hard · 40% break,0.09902702626418672,0.09778317535534353,0.1016058810751981,2.6295709210166716,0.61692,fair,No established starter,104.5 last game,0.9784466625972698,1,0.92,0.849801643928312,1,0.8190000000000001,92,92 air · 72°F · in CF 8 · 61° dew · LHB,16,562,.416,0,41,10,7.2,88.8,39.1,0.154,32.5
188,660821,Jesús Sánchez,TOR,KC,False,4,LF,L,official,preview,Randy Dobnak,R,0.78,49% hard · 30% break,0.09885577753797467,0.09844052577358409,0.10233353007370427,2.950962922474264,0.93799,stable,,16.2% K,1.0441787903825022,0.8511911540462154,1.04,0.8692020228116657,1,0.84,104,104 air · 95°F · cross LF 6 · 71° dew · LHB,8,293,.422,0,22,10,11.1,90.8,45.5,0.171,31.5
189,813841,Jonah Cox,SF,NYM,False,4,2B,R,official,preview,Christian Scott,R,0.95,67% hard · 29% break,0.09848863089990845,0.09780819199354118,0.10162239324062847,2.4343935921962707,0.8402832000000001,stable,,104.1 last game; 58.8% ideal AA; 38.3% sweet,1.1125934360264313,0.8410784264038513,0.92,0.823433152284782,1,0.84357,92,92 air · 72°F · in CF 8 · 61° dew · RHB,4,87,.519,1,32,10,10.6,89.7,44.7,0.175,23.4
190,693304,Nick Gonzales,PIT,LAA,True,4,DH,R,official,live,Walbert Ureña,R,0.58,52% hard · 14% break,0.09822798219997934,0.09787514971068934,0.10170587343364701,2.6319571015257606,0.97,stable,,13.3% vs RHP last 10; 18.4% vs FF; trending +7.1 brl; 20% pull air,0.6752206356029802,0.9124986174141576,0.81,1.0317699625606092,1,1.22,81,81 air · 75°F · in LF 8 · 60° dew · pull × porch · RHB,6,553,.395,0,46,10,2.9,86.1,33.7,0.102,37.1
191,571448,Nolan Arenado,AZ,HOU,False,4,3B,R,official,preview,Peter Lambert,R,0.88,51% hard · 25% break,0.09790851703975924,0.0975473586577239,0.10135347279537196,2.7018456773253163,0.97,stable,,65.2% ideal AA,1.012100699148794,0.8578839898316282,0.99,0.9162460206313774,1,0.8034,99,99 air · 73°F · roof closed · RHB,21,519,.418,0,39,10,6.1,84.8,30.3,0.118,48.5
192,690984,Petey Halpin,CLE,DET,True,8,CF,L,official,live,Jackson Jobe,R,1.54,52% hard · 36% break,0.09779624773728575,0.09641852736508072,0.09999290303070688,2.20165469949564,0.6124032,fair,Starter sample thin,38.7% sweet; Air starter; 18.3% K,0.8966231369015981,1.15117069270201,0.84,0.9254749349546187,1,1,84,84 air · 73°F · in RF 14 · 62° dew · LHB,3,163,.315,0,15,10,5.6,85.3,25,0.123,32.3
193,665489,Vladimir Guerrero Jr.,TOR,KC,False,3,DH,R,official,preview,Randy Dobnak,R,0.78,49% hard · 30% break,0.09773448053809006,0.09736878642124824,0.10119155751788797,3.0208909538125175,0.97,stable,,115.8 last game; 6× 100+ last 3; 76.3 bat; 16.2% K,0.8074939995282477,0.9333236861491594,1.07,0.7,1,1.1193013105516143,107,107 air · 95°F · cross LF 6 · 71° dew · RHB,8,542,.357,1,43,10,6.7,90.4,43.8,0.118,35.2
194,573262,Mike Yastrzemski,ATL,PHI,False,9,LF,L,official,live,Aaron Nola,R,1.93,50% hard · 34% break,0.09761432076165441,0.09724549504382607,0.10092668079581876,2.1560848006871507,0.97,stable,,78.6% ideal AA; 10.6% solid; 119 air,1.0066356341398055,1.0659714804197558,1.19,0.839982362828968,1,0.8240000000000001,119,119 air · 77°F · in CF 8 · 62° dew · LHB,9,352,.373,0,25,10,6.6,90.7,43.6,0.131,47.6
195,703492,Nick Morabito,NYM,SF,True,7,LF,R,official,preview,Cesar Perdomo,L,2.25,53% hard · 40% break,0.09760169694222995,0.09519270777676692,0.09871167586871635,2.3803224924842854,0.30360000000000004,thin,Short season sample; No established starter,106.1 last game; 71.4% sweet; 14.3% solid; 92 EV,0.8750000000000001,1,0.92,1.08,1,0.84,92,92 air · 72°F · in CF 8 · 61° dew · RHB,0,20,.176,0,20,8,0,92,57.1,0.055,57.1
196,677956,Rece Hinds,BAL,BOS,True,6,LF,R,official,live,Payton Tolle,L,1.03,88% hard · 9% break,0.09755048576130496,0.09581284740285412,0.09941687762138313,2.4884583125217934,0.5060000000000001,thin,Short season sample,Platoon,0.7865168539325843,0.928857419592302,1.04,1.08,1,0.84,104,104 air · 77°F · in CF 5 · 58° dew · RHB,0,38,.200,0,28,10,0,85.2,23.5,0.025,35.3
197,677942,Blaze Alexander,BAL,BOS,True,1,2B,R,official,live,Payton Tolle,L,1.03,88% hard · 9% break,0.09719088725037817,0.09681102601932756,0.10059733353122606,2.8403615082319456,0.97,stable,,107.4 last game; 22.7% pull air; 68.2% ideal AA; 40.5% sweet,0.8934162721544019,0.873970338007334,1.04,0.7061262575232732,1,0.9169472000000002,104,104 air · 77°F · in CF 5 · 58° dew · RHB,4,277,.422,1,39,10,6.3,92.3,48.7,0.152,33.3
198,806146,George Lombard Jr.,NYY,SD,False,7,SS,R,official,preview,Michael King,R,1,48% hard · 27% off,0.09680384269823003,0.09523277082815018,0.09529892382146572,2.452788450717811,0.81,stable,,trending +5.7 brl; 12.5% barrels last 10; 38.3% sweet,0.9051304218739288,0.9950375266540861,0.78,0.8012025363797091,1,1.22,78,78 air · 84°F · in LF 14 · 68° dew · RHB,2,95,.341,0,37,10,6.8,85.3,35,0.102,31.7
199,806956,Ethan Salas,SD,NYY,True,9,DH,L,official,preview,Gerrit Cole,R,1.13,53% hard · 33% break,0.09642509697158771,0.09454989818424608,0.09793921411208151,2.2751434818256353,0.5060000000000001,thin,Short season sample,50% solid; 96.4 EV; Platoon,0.9655172413793104,0.9822620542969902,0.82,1.08,1,1,82,82 air · 84°F · in LF 14 · 68° dew · LHB,0,5,.000,,,,0,96.4,50,0.216,0
200,681297,Colton Cowser,BAL,BOS,True,9,CF,L,official,live,Payton Tolle,L,1.03,88% hard · 9% break,0.09613206671406167,0.09572461052957126,0.09920289947207524,2.23081490137686,0.97,stable,,103.2 last game; 9.5% solid; 116 air,1.1726811543044744,0.883786166468716,1.16,0.849853311827711,1,0.8400000000000001,116,116 air · 77°F · in CF 5 · 58° dew · LHB,13,344,.371,1,34,10,10.5,88.1,41,0.198,37.5
201,665862,Jazz Chisholm Jr.,NYY,SD,False,5,2B,L,official,preview,Michael King,R,1,48% hard · 27% off,0.09566685653070016,0.09524727605043981,0.09883724897987818,2.6325739916081217,0.97,stable,,82.4% ideal AA,1.114505227155873,0.91522015076884,0.82,0.9506509577003677,1,0.8034,82,82 air · 84°F · in LF 14 · 68° dew · LHB,19,513,.403,1,35,10,8.6,90.7,42.6,0.153,51.1
202,807712,Luke Keaschall,MIN,CWS,False,1,RF,R,projected,preview,Bryan Hudson,L,0.61,73% hard · 27% break,0.09542333589409369,0.09402634285886335,0.09759948386377632,3.1623940967477453,0.6736174156799999,fair,Weather not posted; Projected order,65.4% ideal AA; 117 air; #1,0.7642751477933519,0.777312174936632,1.17,0.7355,1,1.0526485555555556,117,117 air · 59° dew · RHB,9,537,.391,1,47,10,3.6,85.5,29.4,0.114,38.6
203,687859,Troy Johnston,COL,STL,True,2,RF,L,official,preview,Kyle Leahy,R,0.9,39% hard · 46% break,0.09493939279316245,0.09450085317178425,0.09805656632979382,2.5737530746105493,0.97,stable,,20% pull air; 70% ideal AA; 40.1% sweet; Air starter,0.7240610535706709,0.91305709622358,1.19,0.7,1,0.8826688,119,119 air · 88°F · cross RF 7 · 49° dew · LHB,4,412,.405,1,31,10,2.4,89.7,37.5,0.105,38.5
204,666139,Josh Lowe,LAA,PIT,False,7,CF,L,official,live,Paul Skenes,R,0.9,53% hard · 24% break,0.09466714290921449,0.09422150791840034,0.09766170703094029,2.320753018343167,0.97,stable,,37.5% pull air; 62.5% ideal AA,1.062805693192494,0.8812020186202836,0.88,1.000775556560765,1,0.85696,88,88 air · 75°F · in LF 8 · 60° dew · LHB,11,295,.360,1,29,10,8,88.6,36.9,0.165,35.3
205,694197,Angel Genao,CLE,DET,True,6,3B,S,official,live,Jackson Jobe,R,1.54,52% hard · 36% break,0.09455045294905483,0.09265366987834789,0.09599765481606773,2.369171904892047,0.5597614080000001,fair,Starter sample thin,104 last game; Air starter; 18.3% K,0.8375619520019169,1.1036895055888543,0.89,0.7405854555639746,1,1.0201008403361345,89,89 air · 73°F · in RF 14 · 62° dew · switch,2,102,.362,1,34,10,4.9,91,51.9,0.108,38.3
206,701358,Cam Smith,HOU,AZ,True,8,RF,R,official,preview,Eduardo Rodriguez,L,0.75,61% hard · 12% break,0.09429884527526608,0.09384361172103894,0.09722136319580804,2.433889040721509,0.97,stable,,102.1 last game; 16.4% blast; 77.8 bat; 17.8% K,1.1084377577188624,0.8793848693108817,0.99,0.9999880674258956,1,0.8064,99,99 air · 73°F · roof closed · RHB,17,498,.391,0,29,10,11,89.1,44.2,0.182,38.2
207,677587,Brayan Rocchio,CLE,DET,True,9,SS,S,official,live,Jackson Jobe,R,1.54,52% hard · 36% break,0.09408655623848433,0.09251673695139728,0.09575150757520981,2.123878854133022,0.6580480000000001,fair,Starter sample thin,11.8% vs FF; tank last game; 30% pull air; 65% ideal AA,0.808612927957725,1.1725778201672636,0.89,0.7672191627324125,1,1.22,89,89 air · 73°F · in RF 14 · 62° dew · switch,12,527,.372,2,37,10,3.2,86.9,31.3,0.106,43.6
208,683748,Victor Mesa Jr.,TB,TEX,False,8,RF,L,official,preview,MacKenzie Gore,L,1.05,59% hard · 29% break,0.09364466393882416,0.09317238112752169,0.09649619331634907,2.3011314566821537,0.97,stable,,61.5% ideal AA; 112 air,1.1770895949835491,0.8884580279936701,1.12,0.8011262229277167,1,0.8034,112,112 air · 72°F · roof closed · LHB,10,197,.435,1,33,10,10.9,89.1,38.4,0.18,37.7
209,678218,Brandon Valenzuela,TOR,KC,False,9,C,S,official,preview,Randy Dobnak,R,0.78,49% hard · 30% break,0.09323703251832738,0.09264105892798769,0.09588977920192798,2.482445112507971,0.93799,stable,,38.7% sweet; 16.2% K,1.019122778477326,0.8511911540462154,1.06,1.064029171766626,1,0.84,106,106 air · 95°F · cross LF 6 · 71° dew · switch,8,246,.373,0,25,10,7.1,88.1,37.4,0.14,43.9
210,686797,Brooks Lee,MIN,CWS,False,7,3B,S,projected,preview,Bryan Hudson,L,0.61,73% hard · 27% break,0.0930336147606729,0.09143234753761853,0.09466721551689009,2.6726427985788472,0.6736174156799999,fair,Weather not posted; Projected order,104.6 last game; 115 air,1.0005628164888078,0.7773854172527063,1.15,0.7750996221595445,1,1.0140000000000002,115,115 air · 59° dew · switch,22,548,.432,2,44,10,4,88.2,34,0.119,42
211,691176,Jasson Domínguez,NYY,SD,False,6,RF,S,official,preview,Michael King,R,1,48% hard · 27% off,0.09302596228406902,0.09253755488623794,0.09588076929068944,2.5426812211629666,0.97,stable,,,0.9096831073817057,0.9950375266540861,0.83,1.021734877512284,1,0.84,83,83 air · 84°F · in LF 14 · 68° dew · switch,6,213,.378,0,41,10,5.8,88.1,39.4,0.117,47.1
212,663656,Kyle Tucker,LAD,WSH,True,4,RF,L,projected,preview,Andrew Alvarez,L,0.5,43% hard · 52% break,0.09294248779278026,0.09142194745289667,0.09474230396270131,3.039910242948174,0.69588576,fair,Weather not posted; Projected order,tank last game; 20% pull air; 110 air,0.8611841369798233,0.8404362863112417,1.1,0.7,1,1.0647108449197864,110,110 air · 71° dew · LHB,12,549,.357,1,39,10,5.5,88.7,36.8,0.125,42.4
213,543760,Marcus Semien,NYM,SF,True,6,2B,R,official,preview,Cesar Perdomo,L,2.25,53% hard · 40% break,0.09231076367385213,0.09041113756674701,0.0935837371796931,2.4675594424706206,0.61692,fair,No established starter,27.3% pull air; 63.6% ideal AA,0.9418034630879298,1,0.92,0.8090112142250404,1,0.85696,92,92 air · 72°F · in CF 8 · 61° dew · RHB,14,475,.345,0,38,10,6,86.4,33,0.136,48.5
214,641355,Cody Bellinger,NYY,SD,False,2,LF,L,official,preview,Michael King,R,1,48% hard · 27% off,0.09228687220458581,0.0907236649076657,0.09398814984884687,2.8380431811970483,0.97,stable,,24.1% pull air; 82.8% ideal AA; 39.4% sweet; #2,0.9209498494221725,0.91522015076884,0.82,0.8123438229740065,1,0.85696,82,82 air · 84°F · in LF 14 · 68° dew · LHB,12,490,.414,0,42,10,6,88.9,36.2,0.137,42.8
215,702284,Cole Young,SEA,ATH,True,8,2B,L,projected,preview,Gage Jump,L,0.97,51% hard · 39% break,0.09222816478673167,0.09064992289671481,0.09239975387335542,2.2788375694634238,0.6983999999999999,fair,Projected order,trending +4.4 brl; 68.2% ideal AA,0.9109969427800636,0.9700262472630572,0.92,0.7,1,1.20369714,92,92 air · 67°F · in LF 8 · 57° dew · LHB,16,573,.382,0,43,10,4.7,88.1,37,0.127,42.5
216,642215,Weston Wilson,SEA,ATH,True,9,3B,R,projected,preview,Gage Jump,L,0.97,51% hard · 39% break,0.0919073468471221,0.08999347182356454,0.09072606582291085,2.1983351553247696,0.6625152000000001,fair,Projected order,106.8 last game,0.9479633900558024,0.9187756925389703,0.91,1.0689511248047947,1,0.84,91,91 air · 67°F · in LF 8 · 57° dew · RHB,4,146,.326,0,35,10,4.9,85.7,36.6,0.098,46.3
217,804606,Konnor Griffin,PIT,LAA,True,1,SS,R,official,live,Walbert Ureña,R,0.58,52% hard · 14% break,0.09177549091281749,0.09125449376244199,0.09456257898484213,2.8190630566105304,0.97,stable,,75.6 bat; pull × porch; #1,0.9341967008603373,0.7521316244130115,0.81,0.813636137140411,1,0.9668932791896703,81,81 air · 75°F · in LF 8 · 60° dew · pull × porch · RHB,5,254,.392,1,46,10,7.9,87.4,36.4,0.148,40.6
218,670623,Isaac Paredes,HOU,AZ,True,3,3B,R,official,preview,Eduardo Rodriguez,L,0.75,61% hard · 12% break,0.09169961622507161,0.09117664163054595,0.09447453464217087,2.857174091281771,0.97,stable,,101.8 last game; 26.9% pull air; 57.7% ideal AA; 17.8% K,0.9156481305642465,0.8793848693108817,0.99,0.7355,1,0.8998080000000002,99,99 air · 73°F · roof closed · RHB,18,578,.423,1,43,10,4.7,86,28,0.119,49.4
219,668952,Ryan Kreidler,MIN,CWS,False,9,CF,R,projected,preview,Bryan Hudson,L,0.61,73% hard · 27% break,0.09156075966704201,0.08966896914665001,0.0927012770763781,2.483738726427986,0.6354881279999999,fair,Weather not posted; Projected order,117 air,0.9600272956997562,0.7861766044063984,1.17,0.8761557514628491,1,1,117,117 air · 59° dew · RHB,6,234,.367,1,17,10,7.9,88,37,0.156,42.4
220,688363,Graham Pauley,MIA,CHC,True,8,3B,L,official,preview,Clay Holmes,R,0.44,61% hard · 25% break,0.09113067005188745,0.09022267093576397,0.09332456561806937,2.327280677780815,0.87696,stable,,14.3% vs RHP last 10,0.8556154138199468,0.7645283823349536,0.9,1.051966233282815,1,1.14,90,90 air · 72°F · roof closed · LHB,2,126,.339,1,23,10,5.5,84.2,24.2,0.101,52.7
221,662139,Daulton Varsho,HOU,AZ,True,7,CF,L,official,preview,Eduardo Rodriguez,L,0.75,61% hard · 12% break,0.09027791222552957,0.08971788521812851,0.09281785985110168,2.526482645531566,0.97,stable,,56.5% ideal AA; 17.8% K,0.8526386089667626,0.8793848693108817,1.03,0.7,1,1.22,103,103 air · 73°F · roof closed · LHB,10,481,.359,1,40,10,6.6,86.7,37,0.127,37
222,681351,Logan O'Hoppe,TEX,TB,True,7,DH,R,official,preview,Ian Seymour,L,1.59,43% hard · 30% off,0.0900521960756501,0.08948628645978718,0.09257734713564267,2.742242871458504,0.97,stable,,101.9 last game; Air starter,0.8750212103880377,1.157899987574281,1.09,0.7355,1,0.84,109,109 air · 72°F · roof closed · RHB,4,268,.298,0,23,10,9.3,86.9,35.7,0.127,44.5
223,543877,Christian Vázquez,HOU,AZ,True,9,C,R,official,preview,Eduardo Rodriguez,L,0.75,61% hard · 12% break,0.0898454567596208,0.08927415910904912,0.09227543395279054,2.3479092648264555,0.97,stable,,17.8% K,0.8181581480395833,0.9280536450936641,0.99,0.8800114418032025,1,1.14,99,99 air · 73°F · roof closed · RHB,7,252,.333,2,27,10,2.2,86,22.7,0.076,32.4
224,676356,Jonny DeLuca,TB,TEX,False,6,CF,R,official,preview,MacKenzie Gore,L,1.05,59% hard · 29% break,0.08855366975902575,0.087948705589046,0.09093240856289803,2.4762175457775353,0.97,stable,,58.8% ideal AA,0.8886302335375845,0.8884580279936701,1.09,0.8152700485062786,1,0.8034,109,109 air · 72°F · roof closed · RHB,9,306,.422,1,39,10,3.5,85.4,29.1,0.101,44.3
225,668942,Josh Rojas,KC,TOR,True,5,3B,L,official,preview,Spencer Arrighetti,R,1.36,46% hard · 47% break,0.08824594086774634,0.08716847504203862,0.09011979489121322,2.669650177644165,0.8677584,stable,,35.7% pull air,0.8625416028519204,0.9594882133463508,1.04,0.7352963985153791,1,0.8320000000000001,104,104 air · 95°F · cross LF 6 · 71° dew · LHB,2,99,.355,1,31,10,1.3,86.5,28.7,0.077,33.8
226,678662,Ezequiel Tovar,COL,STL,True,9,SS,R,official,preview,Kyle Leahy,R,0.9,39% hard · 46% break,0.08640270495599159,0.08574168239693214,0.08848256731965462,2.0671546187482917,0.97,stable,,70% ideal AA; Air starter; 114 air,0.8871575635419993,0.9157794761642508,1.14,0.8790881383818494,1,0.8034,114,114 air · 88°F · cross RF 7 · 49° dew · RHB,10,455,.336,0,26,10,6.5,87.5,33.5,0.14,37.1
227,805367,Chase Meidroth,CWS,MIN,True,7,2B,R,projected,preview,Bailey Ober,R,1.43,35% hard · 34% off,0.08619161961879317,0.08412575796756172,0.08680533461426357,2.3733624851963193,0.69588576,fair,Weather not posted; Projected order,27.3% pull air; Air starter; 16.6% K; 117 air,0.7719557597712485,1.0517672193739922,1.17,0.7102284565492214,1,0.8112,117,117 air · 59° dew · RHB,12,571,.396,0,41,10,4.2,87.4,34.2,0.098,40.3
228,701675,Nathan Church,STL,COL,False,9,CF,L,official,preview,Tanner Gordon,R,1.73,47% hard · 31% break,0.08587827575491644,0.08520358553557861,0.08792291848875891,2.5003709053996017,0.97,stable,,Air starter; 18.8% K; 119 air,0.8663551179731741,1.0813260154136417,1.19,0.8098076943319414,1,0.78,119,119 air · 88°F · cross RF 7 · 49° dew · LHB,10,401,.365,0,39,10,5.9,86,30.1,0.118,33.3
229,593428,Xander Bogaerts,SD,NYY,True,8,SS,R,official,preview,Gerrit Cole,R,1.13,53% hard · 33% break,0.08501788804037216,0.08287134781097294,0.0711984587102561,2.3584585952446027,0.97,stable,,68.8% ideal AA,0.8572057207485677,0.907959061846904,0.78,0.7747156367950851,1,0.8034,78,78 air · 84°F · in LF 14 · 68° dew · RHB,11,535,.322,0,37,10,6,89.2,41.2,0.129,43.1
230,672695,Geraldo Perdomo,AZ,HOU,False,1,SS,S,official,preview,Peter Lambert,R,0.88,51% hard · 25% break,0.08418468683705901,0.08346585834713471,0.08615811101927254,2.893920014575931,0.97,stable,,20.8% pull air; #1,0.6847718259587783,0.8576120967974571,1.01,0.7342109044957066,1,0.8320000000000001,101,101 air · 73°F · roof closed · switch,9,596,.365,0,41,10,2.8,87.4,30.6,0.089,43.8
231,641487,J.P. Crawford,SEA,ATH,True,6,SS,L,projected,preview,Gage Jump,L,0.97,51% hard · 39% break,0.08391446941653583,0.08166466423353524,0.0831443874549419,2.4522273845312927,0.6983999999999999,fair,Projected order,107.1 last game; 55.6% ideal AA,0.877910883201102,0.8742033813857619,0.92,0.72,1,0.8816800000000001,92,92 air · 67°F · in LF 8 · 57° dew · LHB,10,407,.349,0,40,10,5.8,88,35.7,0.119,36.8
232,691783,Jordan Lawlar,AZ,HOU,False,9,CF,R,official,preview,Peter Lambert,R,0.88,51% hard · 25% break,0.08352575125505853,0.08207850548350082,0.0845761763971346,2.27287965746561,0.8402832000000001,stable,,,1.050759310835791,0.8636947646092162,0.99,0.8872930436556508,1,0.78,99,99 air · 73°F · roof closed · RHB,4,87,.449,2,24,10,5.6,87.5,22.2,0.122,40.7
233,650333,Luis Arraez,PHI,ATL,True,4,2B,L,official,live,Tyler Mahle,R,1.22,66% hard · 6% break,0.08284842129021759,0.08209476708216301,0.08465984242375765,2.6160492314651638,0.97,stable,,101.5 last game; 39.5% sweet; 119 air,0.6174955866782207,0.9194610116609963,1.19,0.7,1,0.8400000000000001,119,119 air · 77°F · in CF 8 · 62° dew · LHB,6,584,.432,0,39,10,1.1,86.3,19,0.09,31.1
234,596117,Garrett Stubbs,PHI,ATL,True,9,C,L,official,live,Tyler Mahle,R,1.22,66% hard · 6% break,0.08221654274496261,0.07918377093692441,0.0814840625838553,2.200704922204107,0.5940000000000001,fair,Short season sample,119 air,0.7546077733349885,1.0084809155833552,1.19,0.7355,1,0.84,119,119 air · 77°F · in CF 8 · 62° dew · LHB,0,56,.157,0,21,10,0,84.8,26.8,0.042,31.7
235,805999,A.J. Ewing,NYM,SF,True,8,CF,L,official,preview,Cesar Perdomo,L,2.25,53% hard · 40% break,0.08104640885028655,0.07804693228046322,0.08028902813629082,2.2930855424979506,0.61692,fair,No established starter,,0.8780990850031145,1,0.92,0.7891482453682539,1,0.78,92,92 air · 72°F · in CF 8 · 61° dew · LHB,8,413,.356,1,42,10,7.2,89.2,41.7,0.14,30.7
236,647304,Josh Naylor,SEA,ATH,True,5,1B,L,projected,preview,Gage Jump,L,0.97,51% hard · 39% break,0.0810369886694439,0.07855474648220306,0.07995331047883278,2.538922292065227,0.6983999999999999,fair,Projected order,,0.7806162735260446,0.8589033813857618,0.92,0.7,1,0.848130081300813,92,92 air · 67°F · in LF 8 · 57° dew · LHB,10,570,.363,0,43,10,4.5,87.2,35.8,0.114,41.1
237,680757,Steven Kwan,CLE,DET,True,1,DH,L,official,live,Jackson Jobe,R,1.54,52% hard · 36% break,0.08086405414256773,0.07812017570664809,0.0803715634719776,2.7042063156848615,0.6580480000000001,fair,Starter sample thin,40% sweet; Air starter; 18.3% K; #1,0.5379526914257875,1.0244109502563066,0.84,0.7,1,0.78,84,84 air · 73°F · in RF 14 · 62° dew · LHB,2,555,.328,0,42,10,0.5,83.7,9.5,0.063,27.5
238,608348,Carson Kelly,CHC,MIA,False,9,C,R,official,preview,Tyler Phillips,R,1.14,33% hard · 43% break,0.08030387510506543,0.07948390500012714,0.08182647676102514,2.578995751447241,0.97,stable,,40% pull air; 75% ideal AA,0.9094246006204528,1.0066712367237025,0.9,0.7,1,1.0861074378609628,90,90 air · 72°F · roof closed · RHB,10,376,.388,3,43,10,5.5,87.3,36.6,0.135,39.9
239,702332,Caleb Durbin,BOS,BAL,False,6,3B,R,official,live,Kyle Bradish,R,1.03,53% hard · 46% break,0.07986517528648124,0.07903377179821436,0.0813731943196112,2.524624214266193,0.97,stable,,60% ideal AA,0.7520779507467215,0.9014222206986662,1.04,0.7553708197920623,1,0.8240000000000001,104,104 air · 77°F · in CF 5 · 58° dew · RHB,12,515,.381,0,40,10,2.6,83.4,25.6,0.081,39.9
240,685133,Wade Meckler,LAA,PIT,False,3,RF,L,official,live,Paul Skenes,R,0.9,53% hard · 24% break,0.07977271686657358,0.07893890372935775,0.08126427470910548,2.6245165024194974,0.97,stable,,72.7% ideal AA; #3,0.7527718064988195,0.8310813121031844,0.88,0.7,1,0.8240000000000001,88,88 air · 75°F · in LF 8 · 60° dew · LHB,3,264,.391,0,42,10,3.3,86.8,33.7,0.101,33.7
241,808982,Jung Hoo Lee,SF,NYM,False,5,RF,L,official,preview,Christian Scott,R,0.95,67% hard · 29% break,0.07969857756458269,0.07886283221079537,0.08116048990695945,2.365169129858936,0.97,stable,,19.2% pull air,0.7129044473341022,0.8410784264038513,0.92,0.742380666211408,1,0.8320000000000001,92,92 air · 72°F · in CF 8 · 61° dew · LHB,9,529,.409,0,41,10,2.5,87.4,30.8,0.094,36.9
242,690976,Alex Freeland,LAD,WSH,True,7,2B,S,projected,preview,Andrew Alvarez,L,0.5,43% hard · 52% break,0.07934128784792012,0.07645145766162065,0.07863854988606758,2.751767091957826,0.656496,fair,Weather not posted; Projected order,106.9 last game,0.8347419009520284,0.748138680668889,1.07,0.7504195402298851,1,1,107,107 air · 71° dew · switch,3,235,.304,0,17,10,6.4,89.3,38.3,0.119,34.8
243,686555,Isaac Collins,KC,TOR,True,7,LF,S,official,preview,Spencer Arrighetti,R,1.36,46% hard · 47% break,0.07921940166987129,0.07837116804630595,0.08065935369852585,2.4873326045367588,0.97,stable,,,0.7578343930706322,1.0668838987347407,1.06,0.7,1,0.8,106,106 air · 95°F · cross LF 6 · 71° dew · switch,6,466,.342,0,36,10,5.3,88.4,39.6,0.089,39.6
244,621493,Taylor Ward,SEA,ATH,True,7,DH,R,projected,preview,Gage Jump,L,0.97,51% hard · 39% break,0.07920047425014852,0.07656988218765781,0.07718056831940127,2.365532476997358,0.6983999999999999,fair,Projected order,30.8% pull air; 76.9% ideal AA,0.7618624537263924,0.8589033813857618,0.91,0.7926530621457157,1,0.85696,91,91 air · 67°F · in LF 8 · 57° dew · RHB,7,591,.313,0,33,10,5.3,88.8,38.1,0.121,32.9
245,703520,Brett Bateman,TOR,KC,False,1,CF,L,official,preview,Randy Dobnak,R,0.78,49% hard · 30% break,0.07909661295158332,0.07760095764100661,0.07990238919157505,3.1607470164890223,0.8679049344000002,stable,,101 last game; 16.2% K; #1,0.6988750937620329,0.82942425013004,1.04,0.7,1,0.8190000000000001,104,104 air · 95°F · cross LF 6 · 71° dew · LHB,0,112,.388,0,47,10,0,83.8,15.4,0.048,29.5
246,663538,Nico Hoerner,CHC,MIA,False,6,SS,R,official,preview,Tyler Phillips,R,1.14,33% hard · 43% break,0.07896261281008488,0.0781076867618955,0.08042173565529868,2.8768515987974856,0.97,stable,,103.6 last game,0.6187345909642255,1.034643339538795,0.9,0.7,1,1.22,90,90 air · 72°F · roof closed · RHB,8,612,.362,1,42,10,1.4,86,29,0.077,30.6
247,675961,Alika Williams,ATH,SEA,False,8,SS,R,projected,preview,Bryan Woo,R,1.09,66% hard · 28% break,0.078647968511519,0.07597274616649996,0.07642175910002916,2.334572287510249,0.6983999999999999,fair,Projected order,106 last game; 20% pull air; 9% solid,0.8378532057377883,0.9202833682488174,0.91,0.7663731583480666,1,0.8332646400000001,91,91 air · 67°F · in LF 8 · 57° dew · RHB,4,187,.445,2,34,10,0.7,84.5,33.1,0.076,41.8
248,676439,Hunter Feduccia,LAD,WSH,True,6,C,L,projected,preview,Andrew Alvarez,L,0.5,43% hard · 52% break,0.07832337377882317,0.07534282323954877,0.07747244875424247,2.852617194804448,0.656496,fair,Weather not posted; Projected order,38% sweet; 110 air,0.9082979222408392,0.748138680668889,1.1,0.72,1,0.84,110,110 air · 71° dew · LHB,3,217,.346,0,26,10,8.5,90.3,39.7,0.141,33.1
249,695681,Christian Moore,LAA,PIT,False,6,2B,R,official,live,Paul Skenes,R,0.9,53% hard · 24% break,0.07811904579143349,0.07492632613232142,0.07696776430330643,2.4058067938845396,0.6296400000000001,fair,Short season sample,106.9 last game; pull × porch,0.8409140007355154,0.8310813121031844,0.82,0.7655225466767696,1,0.801216,82,82 air · 75°F · in LF 8 · 60° dew · pull × porch · RHB,1,75,.265,1,41,10,9.1,87.1,33.3,0.096,24.4
250,655316,Andruw Monasterio,BOS,BAL,False,8,DH,R,official,live,Kyle Bradish,R,1.03,53% hard · 46% break,0.07798199037225356,0.07710150736744514,0.07928620216329527,2.3461154314392907,0.97,stable,,80% ideal AA,0.9091618326736055,0.9014222206986662,1.04,0.72,1,0.8034,104,104 air · 77°F · in CF 5 · 58° dew · RHB,6,319,.397,0,33,10,6.9,87.9,32.2,0.131,36.5
251,687462,Spencer Horwitz,PIT,LAA,True,7,1B,L,official,live,Walbert Ureña,R,0.58,52% hard · 14% break,0.07740625051110142,0.07651076258891842,0.07866229737005251,2.3824824947460677,0.97,stable,,100.6 last game; 73.7% ideal AA,0.8887182130370406,0.7624063853796529,0.88,0.832814397386668,1,0.8652000000000001,88,88 air · 75°F · in LF 8 · 60° dew · LHB,10,403,.373,0,41,10,6.4,86.9,31.4,0.126,40.6
252,680779,Henry Davis,PIT,LAA,True,9,C,R,official,live,Walbert Ureña,R,0.58,52% hard · 14% break,0.07689537054031602,0.07598656807754411,0.07808049757936023,2.214087135169775,0.97,stable,,101.3 last game,1.0119723471570752,0.7521316244130115,0.8,0.9924725357752693,1,0.84,80,80 air · 75°F · in LF 8 · 60° dew · RHB,8,271,.291,0,28,10,8.3,90,39.8,0.133,53.6
253,666152,David Hamilton,MIL,CIN,False,9,3B,L,official,live,Brady Singer,R,1.67,59% hard · 41% break,0.07638816903615478,0.07546614790089601,0.07732605203043459,2.2451811005900035,0.97,stable,,18.5% K; 121 air,0.7025529816103774,1.0506426679832412,1.21,0.7,1,0.8034,121,121 air · 77°F · cross RF 10 · 64° dew · LHB,4,351,.343,0,35,10,3.3,87,28.1,0.087,32.9
254,665750,Leody Taveras,BAL,BOS,True,7,RF,S,official,live,Payton Tolle,L,1.03,88% hard · 9% break,0.07619428102100748,0.07526720678131127,0.07733846700756225,2.400482513594255,0.97,stable,,,0.7882293423152053,0.8620573227349962,1.09,0.7,1,0.8,109,109 air · 77°F · in CF 5 · 58° dew · switch,8,442,.348,0,31,10,4.2,88.3,33.3,0.107,35.4
255,687957,Dustin Harris,SD,NYY,True,7,LF,L,official,preview,Gerrit Cole,R,1.13,53% hard · 33% break,0.07578067595689887,0.07236607242203563,0.07425607182118787,2.4481825635419514,0.6296400000000001,fair,Short season sample,27.3% pull air; 63.6% ideal AA; 43.6% sweet,0.8122514879196581,0.9822620542969902,0.82,0.7,1,0.8355360000000001,82,82 air · 84°F · in LF 14 · 68° dew · LHB,0,73,.355,,,,0,84.4,18.2,0.071,54.5
256,672016,Denzel Clarke,ATH,SEA,False,9,CF,R,projected,preview,Bryan Woo,R,1.09,66% hard · 28% break,0.07556062656705577,0.07026334675812951,0.07055238722452625,2.252100983875376,0.42768000000000006,thin,Short season sample; Projected order,108.6 last game; 76.9 bat,0.7307319078836997,0.9945361352618896,0.91,0.72,1,0.84,91,91 air · 67°F · in LF 8 · 57° dew · RHB,0,71,.175,0,24,10,2.4,88,40.5,0.025,50
257,703601,Max Clark,DET,CLE,False,8,CF,L,official,live,Gavin Williams,R,1.49,49% hard · 51% break,0.07544396284075874,0.07421700436452916,0.07621554992770513,2.348105396845811,0.9295776,stable,,101.7 last game; 4× 100+ last 3; 38.2% sweet; Air starter,0.8425776368092626,1.0389426431831412,0.84,0.733556425193043,1,0.830592,84,84 air · 73°F · in RF 14 · 62° dew · LHB,2,126,.434,1,37,10,1.1,87,39.3,0.088,38.2
258,665966,Carlos Narváez,BAL,BOS,True,8,C,R,official,live,Payton Tolle,L,1.03,88% hard · 9% break,0.07536370616727492,0.0744149855072167,0.07642203973824097,2.3125067146667173,0.97,stable,,70% ideal AA,0.8520952196977029,0.8669985528281922,1.04,0.7,1,0.8240000000000001,104,104 air · 77°F · in CF 5 · 58° dew · RHB,3,263,.232,0,27,10,6.6,90.9,38.8,0.114,30.3
259,664728,Kyle Isbel,KC,TOR,True,9,CF,L,official,preview,Spencer Arrighetti,R,1.36,46% hard · 47% break,0.0747976562242624,0.07383418318522561,0.07580196080643117,2.3115263733260454,0.97,stable,,,0.7892051050153053,0.9594882133463508,1.04,0.8020497586410114,1,0.78,104,104 air · 95°F · cross LF 6 · 71° dew · LHB,6,273,.348,0,34,10,3.1,88.4,33.3,0.086,31.8
260,663743,Nick Fortes,TB,TEX,False,9,C,R,official,preview,MacKenzie Gore,L,1.05,59% hard · 29% break,0.07422063914361766,0.0732421279003449,0.07516387767364921,2.219841486745012,0.97,stable,,100.1 last game,0.7106476110394273,0.9674815391950898,1.09,0.7355,1,0.84,109,109 air · 72°F · roof closed · RHB,4,290,.366,0,26,10,2.1,85.1,34.5,0.085,50.8
261,624428,Adam Frazier,LAA,PIT,False,8,LF,L,official,live,Paul Skenes,R,0.9,53% hard · 24% break,0.07208596448211196,0.07045733810862986,0.07220441932734675,2.235699242801794,0.89208,stable,,,0.7547695940120325,0.8812020186202836,0.88,0.7355,1,0.84,88,88 air · 75°F · in LF 8 · 60° dew · LHB,1,133,.353,0,18,10,2.4,85.5,19.3,0.072,45.8
262,802415,Chandler Simpson,TB,TEX,False,5,LF,L,official,preview,MacKenzie Gore,L,1.05,59% hard · 29% break,0.07206484546880654,0.07103014998652268,0.0728248558368125,2.5637605903252254,0.97,stable,,112 air,0.5163228286946255,0.8884580279936701,1.12,0.7,1,0.78,112,112 air · 72°F · roof closed · LHB,0,543,.359,0,42,10,0,83.6,12.7,0.037,28.9
263,545121,Ildemaro Vargas,AZ,HOU,False,8,1B,S,official,preview,Peter Lambert,R,0.88,51% hard · 25% break,0.07136341619937978,0.07031044008561282,0.07206651063551764,2.35611187027421,0.97,stable,,29.2% pull air,0.7812183671673799,0.8576120967974571,1.01,0.7,1,0.8226816,101,101 air · 73°F · roof closed · switch,9,444,.383,0,37,10,3.2,87.5,35.2,0.097,40.2
264,683766,Christian Koss,SF,NYM,False,9,SS,R,official,preview,Christian Scott,R,0.95,67% hard · 29% break,0.07124970233130613,0.07019376260964971,0.07190479450233661,2.047890344146152,0.97,stable,,,0.8088890838461347,0.8410784264038513,0.92,0.7,1,0.8381654135338347,92,92 air · 72°F · in CF 8 · 61° dew · RHB,3,154,.310,3,37,10,5.7,84.9,29.9,0.083,44.9
265,702222,Justin Crawford,PHI,ATL,True,8,CF,L,official,live,Tyler Mahle,R,1.22,66% hard · 6% break,0.0708190120474692,0.06975184768677167,0.07146258093128956,2.281294116538342,0.97,stable,,55.6% ideal AA; 118 air; spray vs wall,0.5939989937039842,0.9194610116609963,1.18,0.7,1,0.8034,118,118 air · 77°F · in CF 8 · 62° dew · spray vs wall · LHB,2,409,.349,0,26,10,1.3,87.1,35.6,0.061,26.5
266,672640,Otto Lopez,MIA,CHC,True,7,SS,R,official,preview,Clay Holmes,R,0.44,61% hard · 25% break,0.07021742336199083,0.06913458041252751,0.07081698923798835,2.4158185296529107,0.97,stable,,18.6% blast,0.837087338211864,0.7768305918500854,0.9,0.7,1,0.8,90,90 air · 72°F · roof closed · RHB,10,604,.439,1,43,10,6.1,89.1,41.1,0.139,32.7
267,630105,Jake Cronenworth,SD,NYY,True,2,2B,L,official,preview,Gerrit Cole,R,1.13,53% hard · 33% break,0.06769127567839736,0.06415428206917118,0.07872834064452705,2.832713856244876,0.97,stable,,56.3% ideal AA; #2,0.6919524300363213,0.9127152642504498,0.82,0.7,1,0.8240000000000001,82,82 air · 84°F · in LF 14 · 68° dew · LHB,4,347,.287,0,37,10,3.1,87.1,28.9,0.083,29.8
268,669743,Alex Call,LAD,WSH,True,8,LF,R,projected,preview,Andrew Alvarez,L,0.5,43% hard · 52% break,0.067240422307412,0.06327211720219239,0.06466771886148892,2.650916989111204,0.656496,fair,Weather not posted; Projected order,,0.6534251265791556,0.748138680668889,1.03,0.84709265873414,1,0.84,103,103 air · 71° dew · RHB,1,173,.324,0,23,10,1.8,83.9,16.5,0.056,35.7
269,623168,Tyler Heineman,LAA,PIT,False,9,C,S,official,live,Paul Skenes,R,0.9,53% hard · 24% break,0.06318287357680202,0.061916696372727786,0.06316249042538177,2.156720736941948,0.97,stable,,,0.6440612205423292,0.8812020186202836,0.85,0.7,1,0.78,85,85 air · 75°F · in LF 8 · 60° dew · switch,1,172,.230,0,17,10,0.7,81.3,11.7,0.045,48.9
270,691594,Javier Sanoja,MIA,CHC,True,9,2B,R,official,preview,Clay Holmes,R,0.44,61% hard · 25% break,0.062221371741414754,0.06093013590136798,0.06214051555371951,2.2450669581852964,0.97,stable,,,0.703875437006234,0.770930062736834,0.9,0.7,1,0.8034,90,90 air · 72°F · roof closed · RHB,7,409,.427,1,41,10,2,86.8,30.9,0.077,39.1
