rank,playerId,name,team,opponent,isHome,battingOrder,position,bats,lineupSource,gameStatus,pitcher,pitcherThrows,pitcherHr9,pitcherMixLabel,pHr,pHrRaw,xHr,expectedPa,confidence,confidenceBand,confidenceNotes,reasons,factor_batter,factor_pitcher,factor_park,factor_platoon,factor_weather,factor_form,parkHrFactor,parkAirLabel,season_hr,season_pa,season_slg,recent_hr,recent_pa,recent_games,barrelPct,evAvg,hardHitPct,xIso,pullPct
1,624413,Pete Alonso,BAL,ATH,False,2,DH,R,projected,preview,Jack Perkins,R,1.69,50% hard · 32% break,0.17467564766846289,0.1955429636256174,0.18596513023744643,3,0.69588576,fair,Weather not posted; Projected order,21.4% vs RHP last 10; 4S-FB 33%; 103.4 last game; 5× 100+ last 3,1.5674319941808261,1.2166330166808697,1.17,1.42,1,1.22,117,117 air · 51° dew · RHB,32,585,.508,4,42,10,14,94.2,57.1,0.264,34.8
2,621566,Matt Olson,ATL,COL,True,3,1B,L,official,preview,Zach Agnos,R,1.07,61% hard · 28% break,0.1725700891954016,0.18561349028114393,0.17524036256378328,3,0.873,stable,Starter outing length thin,18.8% vs RHP last 10; 4S-FB 25%; 4× 100+ last 3; 20% pull air,1.6966306275394238,1.1524715412329867,1.16,1.42,1,0.9768960000000002,116,116 air · 86°F · cross RF 6 · 72° dew · LHB,37,587,.532,1,42,10,15.6,92.7,50,0.271,39.2
3,700250,Ben Rice,NYY,BOS,True,2,DH,L,official,live,Jake Bennett,L,0.7,63% hard · 10% break,0.17056213047596258,0.1818675083035699,0.1810081933911939,3,0.97,stable,,16.7% vs LHP last 10; 4S-FB 35%; 105.1 last game; 25% pull air,1.646427454726833,1.0213120831749225,1.21,1.3671881852108951,1,1.22,121,121 air · 76°F · in CF 5 · 55° dew · pull × porch · LHB,35,555,.531,2,42,10,15.2,92.2,48.7,0.248,46.9
4,656941,Kyle Schwarber,PHI,LAA,False,1,DH,L,projected,preview,Ryan Johnson,R,2.14,57% hard · 20% break,0.16834514586217558,0.18310320583836803,0.17878859862220908,3,0.69588576,fair,Weather not posted; Projected order,27.8% vs RHP last 10; Cutter 35%; 107.6 last game; 23.1% pull air,1.8128150284136249,1.3075041693557279,0.84,1.42,1,1.22,84,84 air · 67° dew · LHB,40,578,.531,3,47,10,17.6,92.7,51,0.262,54.4
5,696100,Hunter Goodman,COL,ATL,False,3,C,R,official,preview,Martín Pérez,L,0.94,62% hard · 8% break,0.16452956163097596,0.1706133455794936,0.17448066201937396,3,0.97,stable,,Sinker 35%; 106.8 last game; 4× 100+ last 3; 76.9% ideal AA,1.7500110237074558,1.0024811890583383,1.1,1.38,1,1.146718551497006,110,110 air · 86°F · cross RF 6 · 72° dew · RHB,36,476,.549,3,39,10,16.7,90.4,45.7,0.242,47.8
6,681715,Heriberto Hernández,MIA,WSH,False,2,LF,R,official,preview,Cade Cavalli,R,1.03,52% hard · 40% break,0.16144601522894445,0.16486078247289226,0.1710087964712549,3,0.97,stable,,15.4% vs RHP last 10; 4S-FB 33%; trending +6.6 brl; 106.9 last game,1.4873574454220886,1.0599227121537196,1.11,1.3486521762311092,1,1.22,111,111 air · 84°F · cross LF 6 · 62° dew · RHB,21,381,.468,3,43,10,13.4,91.4,48.1,0.236,46.9
7,669394,Jake Burger,TEX,MIL,False,7,1B,R,projected,preview,Shane Drohan,L,0.77,61% hard · 34% break,0.15671972836841466,0.16315932483123274,0.1657037981971975,3,0.69588576,fair,Weather not posted; Projected order,30% vs LHP last 10; 4S-FB 29%; trending +23.7 brl; 102 last game,1.329053448392022,1.0590111423922468,1.16,1.42,1,1.22,116,116 air · 63° dew · RHB,23,508,.429,3,36,10,12,90.2,47.4,0.186,44
8,668709,JJ Bleday,CIN,CHC,False,4,LF,L,official,live,Kevin Gausman,R,1.08,51% hard · 9% break,0.14777897390404787,0.1496236136918201,0.15572225591701216,3,0.97,stable,,12.5% vs RHP last 10; 4S-FB 51%; 103.3 last game; 25% pull air,1.2933815986996646,1.0222081110581964,1.12,1.3503185674970277,1,1.22,112,112 air · 79°F · out CF 10 · 64° dew · LHB,21,447,.433,1,44,10,9.9,88.7,40.6,0.19,45.1
9,691023,Jordan Walker,STL,PIT,True,4,RF,R,official,preview,Lake Bachar,R,1.48,34% hard · 58% break,0.14708492441332932,0.14891147590122034,0.15495033806665826,3,0.97,stable,,17.6% vs RHP last 10; 4S-FB 29%; trending +3.3 brl; 100.4 last game,1.4039141115448461,1.143325591118967,0.88,1.42,1,1.206336,88,88 air · 84°F · in RF 7 · 65° dew · RHB,27,564,.504,3,43,10,13.4,92.5,48.2,0.21,38.4
10,547180,Bryce Harper,PHI,LAA,False,3,RF,L,projected,preview,Ryan Johnson,R,2.14,57% hard · 20% break,0.14663941385601265,0.15226474314799732,0.1544550644367546,3,0.69588576,fair,Weather not posted; Projected order,25% vs RHP last 10; Cutter 35%; trending +6.8 brl; 22.7% pull air,1.339131347561319,1.289692490815554,0.84,1.42,1,1.22,84,84 air · 67° dew · LHB,27,576,.504,2,43,10,11.4,90.4,44.6,0.23,38
11,686948,Drake Baldwin,ATL,COL,True,1,C,L,official,preview,Zach Agnos,R,1.07,61% hard · 28% break,0.1461902692586617,0.1479935042670446,0.13874594485445635,3,0.873,stable,Starter outing length thin,13.3% vs RHP last 10; 104.2 last game; 4× 100+ last 3; 19.2% blast,1.3656375625472414,0.9885072116068605,1.16,1.3828961565156221,1,0.9447984000000001,116,116 air · 86°F · cross RF 6 · 72° dew · LHB,22,496,.456,2,43,10,13.1,91.9,52.4,0.223,31.3
12,687637,Dylan Beavers,BAL,ATH,False,8,LF,L,projected,preview,Jack Perkins,R,1.69,50% hard · 32% break,0.14532942648718006,0.15084893768119423,0.15299975070780492,3,0.69588576,fair,Weather not posted; Projected order,33.3% vs RHP last 10; 4S-FB 33%; trending +17.2 brl; 25% pull air,1.0030534144522607,1.2166330166808697,1.17,1.42,1,1.22,117,117 air · 51° dew · LHB,6,265,.391,,,,7.8,88.5,40.1,0.15,40.1
13,646240,Rafael Devers,SF,AZ,True,2,1B,L,projected,preview,Merrill Kelly,R,1.74,51% hard · 22% break,0.14502380679749208,0.15048268878170756,0.1526604403863716,3,0.6983999999999999,fair,Projected order,21.4% vs RHP last 10; 4S-FB 27%; 62.1% ideal AA; 13.8% barrels last 10,1.3884713537961149,1.2963005556561076,0.79,1.42,1,1.22,79,79 air · 63°F · out CF 13 · 56° dew · LHB,29,573,.484,4,44,10,11,92.7,50.4,0.217,32.9
14,682829,Elly De La Cruz,CIN,CHC,False,2,SS,S,official,live,Kevin Gausman,R,1.08,51% hard · 9% break,0.14491479596865386,0.1466847896251322,0.15253943208344933,3,0.97,stable,,15.8% vs RHP last 10; 4S-FB 51%; 100.5 last game; 5× 100+ last 3,1.349287363299375,1.0018587357046087,1.15,1.3377567542568514,1,1.1340235148148148,115,115 air · 79°F · out CF 10 · 64° dew · switch,21,521,.476,1,47,10,13.5,93.8,50.9,0.198,34.3
15,695506,Jac Caglianone,KC,CLE,False,3,RF,L,official,preview,Foster Griffin,L,1.39,59% hard · 24% break,0.1448747295016254,0.14664367894687602,0.15249495858048,3,0.97,stable,,Cutter 32%; trending +5.4 brl; 100.5 last game; 4× 100+ last 3,1.4786303921985304,1.120122043001152,0.94,1.2410467440765565,1,1.22,94,94 air · 83°F · in CF 6 · 56° dew · LHB,23,483,.500,1,40,10,14.6,93.1,54.8,0.233,44.9
16,701538,Jackson Merrill,SD,TB,False,5,CF,L,official,preview,Nick Martinez,R,1.04,64% hard · 9% break,0.14445750126338908,0.14621557691708298,0.15203192063691062,3,0.97,stable,,14.3% vs RHP last 10; Changeup 27%; tank last game; 27.3% pull air,1.2655225875016347,1.0917699721070873,1.01,1.3777094769154807,1,1.22,101,101 air · 72°F · roof closed · LHB,22,553,.424,3,42,10,11.4,90.7,46.7,0.213,38
17,701398,Sal Stewart,CIN,CHC,False,3,1B,R,official,live,Kevin Gausman,R,1.08,51% hard · 9% break,0.14404984926590164,0.1457973007037776,0.15157965573642385,3,0.97,stable,,4S-FB 51%; 101.9 last game; 75.9% ideal AA; 13.8% barrels last 10,1.386087309296651,1.084095100232011,1.12,1.2597907053753516,1,1.1009014545454543,112,112 air · 79°F · out CF 10 · 64° dew · RHB,29,586,.478,3,46,10,13.2,90.1,38.5,0.219,32.7
18,663728,Cal Raleigh,SEA,TOR,False,5,C,S,official,preview,José Soriano,R,0.81,51% hard · 30% break,0.14306905305320444,0.1447909430055453,0.15049211051172273,3,0.97,stable,,55.6% vs RHP last 10; 4S-FB 23%; trending +21.2 brl; 106.3 last game,1.3250653431695738,1.025402104626899,0.98,1.42,1,1.22,98,98 air · 68°F · roof closed · switch,18,420,.339,5,36,10,14.1,89.6,37.4,0.202,54.6
19,665019,Kody Clemens,MIN,CWS,True,3,2B,L,official,live,Erick Fedde,R,1.67,51% hard · 37% break,0.1428222133667218,0.144537670189536,0.1502185357226129,3,0.97,stable,,14.3% vs RHP last 10; 105.3 last game; 34.8% pull air; 91.3% ideal AA,1.3645581268264735,1.1310318713718064,0.87,1.4039986138772405,1,1.22,87,87 air · 75°F · cross LF 11 · 69° dew · LHB,22,476,.467,1,39,10,11.8,92.4,46.5,0.203,46.8
20,700250,Ben Rice,NYY,BOS,True,2,DH,L,projected,preview,,,,,0.14153838869980398,0.1507450393069666,0.14879650683992274,3,0.4175314559999999,thin,No established starter; Weather not posted; Projected order,105.1 last game; 25% pull air; 79.2% ideal AA; 16.7% barrels last 10,1.646427454726833,1,1.23,1,1,1.22,123,123 air · 55° dew · pull × porch · LHB,35,555,.531,2,42,10,15.2,92.2,48.7,0.248,46.9
21,663886,Tyler Stephenson,CIN,CHC,False,5,DH,R,official,live,Kevin Gausman,R,1.08,51% hard · 9% break,0.14131642001684977,0.14299263289231456,0.1485507869238587,3,0.97,stable,,15.4% vs RHP last 10; 4S-FB 51%; 103 last game; 27.8% pull air,1.2628904932440554,1.084095100232011,1.12,1.348666003507859,1,1.0919991333333332,112,112 air · 79°F · out CF 10 · 64° dew · RHB,13,381,.415,1,38,10,12.6,91,45.5,0.208,36.2
22,665487,Fernando Tatis Jr.,SD,TB,False,1,RF,R,official,preview,Nick Martinez,R,1.04,64% hard · 9% break,0.14052934868664907,0.14218504892945727,0.14767983802095275,3,0.97,stable,,19.0% vs RHP last 10; Changeup 27%; trending +4.8 brl; 108.9 last game,1.215522897366534,1.135182608347305,1.01,1.3154913864203412,1,1.22,101,101 air · 72°F · roof closed · RHB,17,586,.444,4,44,10,12.4,92.9,54.2,0.19,34.6
23,808959,Munetaka Murakami,CWS,MIN,False,2,1B,L,official,live,Bailey Ober,R,1.5,35% hard · 34% off,0.1375584357042447,0.13913670808972367,0.14439710046720755,3,0.97,stable,,4S-FB 33%; 103.6 last game; 21.1% pull air; 24.0% blast,1.822552775005867,1.2699584276017208,0.87,1.2085852180182106,1,0.8858304000000001,87,87 air · 75°F · cross LF 11 · 69° dew · LHB,29,434,.506,1,46,10,20,94,58.1,0.277,43.3
24,695734,Daylen Lile,WSH,MIA,True,4,RF,L,official,preview,Sandy Alcantara,R,0.88,61% hard · 19% break,0.13343243031295993,0.13490317085261638,0.13985051470245857,3,0.97,stable,,15.4% vs RHP last 10; Changeup 20%; 3 tanks last 10; trending +5.1 brl,1.0887830925710145,1.004271221459164,1.08,1.42,1,1.22,108,108 air · 84°F · cross LF 6 · 62° dew · LHB,18,560,.427,3,44,10,8.7,88.5,37.1,0.175,41.6
25,502671,Paul Goldschmidt,NYY,BOS,True,1,1B,R,official,live,Jake Bennett,L,0.7,63% hard · 10% break,0.13124132015574283,0.1326549560391369,0.13695078594316012,3,0.97,stable,,Sinker 24%; tank last game; 118 air; Platoon,1.251118625157476,0.9702843259773312,1.18,1.38,1,1,118,118 air · 76°F · in CF 5 · 55° dew · RHB,17,339,.453,,,,10.6,86.7,37,0.18,31.7
26,521692,Salvador Perez,KC,CLE,False,4,1B,R,official,preview,Foster Griffin,L,1.39,59% hard · 24% break,0.13110659777234954,0.1325167225244711,0.13729395846977877,3,0.97,stable,,25% vs LHP last 10; Cutter 32%; trending +4.5 brl; 14.3% barrels last 10,1.1018036681187953,1.1275593138590752,0.94,1.3931822602015753,1,1.22,94,94 air · 83°F · in CF 6 · 56° dew · RHB,17,526,.369,1,42,10,9.8,88.7,41.9,0.178,40.1
27,694192,Jackson Chourio,MIL,TEX,True,2,LF,R,projected,preview,Cal Quantrill,R,0.97,70% hard · 7% break,0.13058633124526836,0.13491492538632854,0.13672270582345603,3,0.69588576,fair,Weather not posted; Projected order,14.3% vs RHP last 10; 4S-FB 22%; 5× 100+ last 3; 65.5% ideal AA,1.3198460426230387,1.059357418150474,1.16,1.2946766600884954,1,0.9744135714539323,116,116 air · 63° dew · RHB,19,452,.473,2,46,10,13.1,91.8,46.9,0.218,29.1
28,677594,Julio Rodríguez,SEA,TOR,False,3,CF,R,official,preview,José Soriano,R,0.81,51% hard · 30% break,0.13048805492132248,0.1318820592256541,0.13661482401181668,3,0.97,stable,,23.5% vs RHP last 10; 4S-FB 23%; trending +9.5 brl; 108.5 last game,1.1785718530597595,1.005587465020685,0.98,1.42,1,1.19377,98,98 air · 68°F · roof closed · RHB,20,538,.407,1,44,10,9.7,89.9,43,0.189,39
29,672960,Kazuma Okamoto,TOR,SEA,True,5,3B,R,official,preview,Kade Anderson,L,3.18,33% hard · 44% break,0.12952380139849037,0.13536360279612358,0.13524625199861112,2.7272727272727266,0.555228,fair,No established starter; Starter outing length thin,37.5% vs LHP last 10; 4S-FB 33%; 3 tanks last 10; trending +9.0 brl,1.4079130297620708,1,0.98,1.42,1,1.22,98,98 air · 68°F · roof closed · RHB,27,535,.443,3,42,10,13.2,90.4,43.1,0.214,50.8
30,813841,Jonah Cox,SF,AZ,True,1,CF,R,projected,preview,Mitch Bratt,L,1.13,53% hard · 37% break,0.12790824759493286,0.1358645131347367,0.13378577012397808,3,0.36020920320000005,thin,Short season sample; Weather not posted; Projected order,33.3% vs LHP last 10; 4S-FB 45%; trending +8.9 brl; 20–30° last 3,1.3290298262214204,1.1529541407564718,0.78,1.42,1,1.22,78,78 air · 56° dew · RHB,3,61,.518,,,,13.3,91.8,43.3,0.195,13.3
31,665161,Jeremy Peña,HOU,NYM,False,1,DH,R,official,preview,Nolan McLean,R,0.91,63% hard · 31% break,0.12772710732304166,0.12904915588245602,0.13358733883077722,3,0.97,stable,,27.3% vs RHP last 10; Sinker 33%; trending +16.9 brl; 76.9% ideal AA,1.0740333457299458,0.9999936352263773,1.02,1.42,1,1.22,102,102 air · 80°F · out CF 5 · 53° dew · RHB,16,367,.476,3,40,10,6.2,88.2,39.7,0.143,47.5
32,686527,Dominic Canzone,SEA,TOR,False,2,RF,L,official,preview,José Soriano,R,0.81,51% hard · 30% break,0.12650425440077526,0.12779443299894855,0.13224847481071056,3,0.97,stable,,14.3% vs RHP last 10; Sinker 28%; tank last game; 4× 100+ last 3,1.3740211401669964,1.031862851876518,0.98,1.4158946500350202,1,0.9489015244800002,98,98 air · 68°F · roof closed · LHB,20,411,.485,1,44,10,12.5,91.2,44.5,0.216,40.6
33,608369,Corey Seager,TEX,MIL,False,2,SS,L,projected,preview,Shane Drohan,L,0.77,61% hard · 34% break,0.1256983003928543,0.12963204940797668,0.13136674361436984,3,0.69588576,fair,Weather not posted; Projected order,15.4% vs LHP last 10; 4S-FB 29%; 104.3 last game; 57.7% ideal AA,1.3905588887718314,1.0391565511559095,1.16,1.2213905426333842,1,0.9340900684931509,116,116 air · 63° dew · LHB,13,318,.406,1,44,10,14.6,91.6,48.2,0.225,42.7
34,691777,Max Muncy,ATH,BAL,True,6,DH,R,projected,preview,Shane Baz,R,0.65,58% hard · 33% break,0.12473907237530742,0.1285953369148144,0.13031803327955194,3,0.69588576,fair,Weather not posted; Projected order,12.5% vs RHP last 10; 4S-FB 35%; trending +6.0 brl; 106.1 last game,1.1128572488083228,1.0213694092330856,1.17,1.176935987738459,1,1.20536,117,117 air · 51° dew · RHB,7,238,.380,2,38,10,11.6,90,43.5,0.15,40.6
35,678246,Miguel Vargas,CWS,MIN,False,3,3B,R,official,live,Bailey Ober,R,1.5,35% hard · 34% off,0.12470784458600712,0.12595120519803726,0.13028390526307376,3,0.97,stable,,4S-FB 33%; 103.6 last game; 30.4% pull air; 60.9% ideal AA,1.5042097285662703,1.2699584276017208,0.94,1.041290612417665,1,0.9741840216216217,94,94 air · 75°F · cross LF 11 · 69° dew · RHB,29,583,.495,1,45,10,14.4,90.6,45.9,0.253,45.3
36,660271,Shohei Ohtani,LAD,DET,False,1,DH,L,official,live,Keider Montero,R,0.92,53% hard · 33% break,0.12423524166925126,0.1254662853162849,0.12976750923566271,3,0.97,stable,,Sinker 22%; 107.7 last game; 4× 100+ last 3; 68.4% ideal AA,1.6071429156622088,1.0883664750001274,0.96,1.186757237555451,1,0.9081304000000001,96,96 air · 80°F · cross LF 10 · 56° dew · LHB,30,575,.537,1,45,10,16.2,93.5,52.3,0.276,47.7
37,699302,Héctor Rodríguez,CIN,CHC,False,1,RF,L,official,live,Kevin Gausman,R,1.08,51% hard · 9% break,0.12314605517272606,0.12752477466402923,0.1285781018016049,3,0.6296400000000001,fair,Short season sample,21.4% vs RHP last 10; trending +6.9 brl; 4× 100+ last 3; 55.6% ideal AA,1.0945873719180774,0.8758451002320111,1.12,1.42,1,1.22,112,112 air · 79°F · out CF 10 · 64° dew · LHB,3,59,.453,3,38,10,9.8,87.7,31.7,0.175,39
38,677588,José Tena,WSH,MIA,True,3,LF,L,official,preview,Sandy Alcantara,R,0.88,61% hard · 19% break,0.12251556073062603,0.1237017860975026,0.12789004278093563,3,0.97,stable,,20% vs RHP last 10; Sinker 27%; trending +10.9 brl; 70% ideal AA,1.046539675303187,0.9659341280654128,1.08,1.3266195645547039,1,1.22,108,108 air · 84°F · cross LF 6 · 62° dew · LHB,7,263,.390,,,,9.1,91.4,48.7,0.139,32.5
39,701785,Kaelen Culpepper,MIN,CWS,True,7,SS,R,official,live,Erick Fedde,R,1.67,51% hard · 37% break,0.12195736111430691,0.12622328747901856,0.1272811541704727,3,0.6296400000000001,fair,Short season sample,13.3% vs RHP last 10; 28% pull air; 72% ideal AA; 41.3% sweet,1.112844727612691,1.1223005229086005,0.94,1.2764075091039913,1,1.22,94,94 air · 75°F · cross LF 11 · 69° dew · RHB,3,67,.517,2,38,10,6.7,89.3,32.6,0.182,41.3
40,660670,Ronald Acuña Jr.,ATL,COL,True,2,RF,R,official,preview,Zach Agnos,R,1.07,61% hard · 28% break,0.12184505429012787,0.1230138049354893,0.11527158133898951,3,0.873,stable,Starter outing length thin,4S-FB 25%; 110.8 last game; 5× 100+ last 3; 17.0% blast,1.2686952177748019,1.0735513437201283,1.1,1.0137967785974147,1,0.9903746125000001,110,110 air · 86°F · cross RF 6 · 72° dew · RHB,13,361,.410,0,44,10,12.8,90.2,45.4,0.218,36.6
41,691723,Coby Mayo,BAL,ATH,False,4,1B,R,projected,preview,Jack Perkins,R,1.69,50% hard · 32% break,0.12050038888242459,0.12401426124641346,0.12569309208281254,3,0.69588576,fair,Weather not posted; Projected order,4S-FB 33%; trending +7.1 brl; 104.7 last game; 4× 100+ last 3,1.4363104099231678,1.2166330166808697,1.17,0.711422531891537,1,1.22,117,117 air · 51° dew · RHB,18,354,.441,3,40,10,12.9,91.9,49,0.218,50.5
42,545361,Mike Trout,LAA,PHI,True,2,CF,R,projected,preview,Cristopher Sánchez,L,0.75,43% hard · 38% off,0.12020562530511647,0.12369568727074287,0.1253720207438146,3,0.69588576,fair,Weather not posted; Projected order,16.7% vs LHP last 10; Sinker 43%; 108.3 last game; 20–30° last 5,1.4207064385842152,0.9295382984399087,0.84,1.3055284043364797,1,1.22,84,84 air · 67° dew · RHB,20,517,.432,0,43,10,16,90,45.7,0.243,36.7
43,691718,Pete Crow-Armstrong,CHC,CIN,True,1,CF,L,official,live,Andrew Abbott,L,1.11,47% hard · 33% break,0.11843379258975742,0.11951363902088796,0.12344356084309005,3,0.97,stable,,4S-FB 45%; 108.6 last game; 29.6% pull air; 63.0% ideal AA,1.4644179267150526,1.1408303517956042,1.12,0.9718000332868444,1,0.9169472000000002,112,112 air · 79°F · out CF 10 · 64° dew · LHB,33,602,.548,5,47,10,12.2,90.1,48.5,0.218,50.1
44,670541,Yordan Alvarez,HOU,NYM,False,2,LF,L,official,preview,Nolan McLean,R,0.91,63% hard · 31% break,0.11814598674195899,0.11921833238452595,0.1231305574331456,3,0.97,stable,,Sinker 33%; 101.7 last game; 20% pull air; 55% ideal AA,1.8187113506940817,0.94600461304324,1.02,1.0515,1,0.8998080000000002,102,102 air · 80°F · out CF 5 · 53° dew · LHB,36,584,.607,0,41,10,16.9,94.5,53.4,0.336,41.6
45,641343,Jake Bauers,MIL,TEX,True,3,1B,L,projected,preview,Cal Quantrill,R,0.97,70% hard · 7% break,0.11814134733363515,0.12146466115052235,0.1231255123998285,3,0.69588576,fair,Weather not posted; Projected order,Sinker 26%; 41.7% pull air; 58.3% ideal AA; 21.1% blast,1.466566503337865,1.0987754747584697,1.16,1.0497536147701918,1,0.8732028776978417,116,116 air · 63° dew · LHB,23,481,.504,2,42,10,13.9,92.4,53,0.221,43.1
46,694376,Shay Whitcomb,SF,AZ,True,6,3B,R,projected,preview,Merrill Kelly,R,1.74,51% hard · 22% break,0.11796154521637471,0.12346266194482425,0.12293000375411267,3,0.45334080000000004,thin,Short season sample; Projected order,11.1% vs hard; 100.1 last game; 20–30° last 5; 15.4% barrels last 10,1.4349321633099472,1.236015050564073,0.83,1.1653538956252043,1,1.0266559333333336,83,83 air · 63°F · out CF 13 · 56° dew · RHB,3,43,.366,,,,16,85.3,40,0.234,32
47,665052,Griffin Conine,MIA,WSH,False,4,DH,L,official,preview,Cade Cavalli,R,1.03,52% hard · 40% break,0.11647042542549174,0.11749910263235352,0.12130965082637535,3,0.97,stable,,4S-FB 33%; 23.1% pull air; 84.6% ideal AA; 40% sweet,1.5530101079679741,1.0720891515924618,1.08,1.0515,1,0.85696,108,108 air · 84°F · cross LF 6 · 62° dew · LHB,14,222,.500,1,37,10,15.2,92,52,0.244,45.6
48,805811,Bryce Eldridge,SF,AZ,True,3,DH,L,projected,preview,Merrill Kelly,R,1.74,51% hard · 22% break,0.11571827933647562,0.11882540502497063,0.12049300901753779,3,0.6983999999999999,fair,Projected order,tank last game; 33.3% pull air; 77.8% ideal AA; 19.4% blast,1.3268726199611067,1.2289111007789646,0.79,1.1648196513054399,1,1.1004420039344263,79,79 air · 63°F · out CF 13 · 56° dew · LHB,15,365,.448,2,43,10,12.2,92.6,52.7,0.218,39.6
49,596019,Francisco Lindor,NYM,HOU,True,1,SS,S,official,preview,Bennett Sousa,L,0.96,27% hard · 73% break,0.1148422214651484,0.1182023272908852,0.11954241370656038,3,0.6580480000000001,fair,Starter sample thin,12.5% vs LHP last 10; Slider 73%; 78.3% ideal AA; Air starter,1.1618309268928144,1.1195847677851303,1.03,1.2439422258366144,1,0.9820241518113858,103,103 air · 80°F · out CF 5 · 53° dew · switch,13,338,.417,1,42,10,9.4,91,47,0.2,46.6
50,669065,Kyle Stowers,MIA,WSH,False,1,1B,L,official,preview,Cade Cavalli,R,1.03,52% hard · 40% break,0.11385617837638644,0.1148167231442504,0.11847322530524096,3,0.97,stable,,4S-FB 33%; 105 last game; 20.6% blast; 75.4 bat,1.3089627714721945,0.9848666098751567,1.08,1.3326784508155494,1,0.84,108,108 air · 84°F · cross LF 6 · 62° dew · LHB,16,414,.457,0,40,10,11.9,92.2,55.5,0.203,47.5
51,683737,Michael Busch,CHC,CIN,True,4,1B,L,official,live,Andrew Abbott,L,1.11,47% hard · 33% break,0.11380984000951096,0.11476917710805556,0.11842299910259568,3,0.97,stable,,tank last game; trending +9.3 brl; 31.3% pull air; 62.5% ideal AA,1.0750442840699317,1.0254267441649987,1.12,1.0340033520625869,1,1.22,112,112 air · 79°F · out CF 10 · 64° dew · LHB,17,597,.399,3,45,10,9.4,88.3,40.1,0.171,38.4
52,575929,Willson Contreras,BOS,NYY,False,4,1B,R,projected,preview,Max Fried,L,0.21,63% hard · 25% break,0.1136637174911101,0.11662533753550375,0.11826462822215256,3,0.69588576,fair,Weather not posted; Projected order,22.7% pull air; 77.3% ideal AA; 16.3% blast; 77.1 bat,1.4503198458204234,0.7774294241555771,1.2,1.38,1,0.85696,120,120 air · 55° dew · RHB,26,506,.520,2,42,10,13.7,89.8,44,0.233,49.3
53,813841,Jonah Cox,SF,AZ,True,1,CF,R,projected,preview,Merrill Kelly,R,1.74,51% hard · 22% break,0.11319891739071394,0.11827667486908966,0.11776098310478667,3,0.42768000000000006,thin,Short season sample; Projected order,16.3% vs hard; trending +8.9 brl; 20–30° last 3; 66.7% ideal AA,1.3290298262214204,1.3527076468973152,0.83,0.9,1,1.22,83,83 air · 63°F · out CF 13 · 56° dew · RHB,3,61,.518,,,,13.3,91.8,43.3,0.195,13.3
54,687263,Zach Neto,LAA,PHI,True,1,SS,R,projected,preview,Cristopher Sánchez,L,0.75,43% hard · 38% off,0.11257925862882158,0.11545327830632246,0.11708981085714365,3,0.69588576,fair,Weather not posted; Projected order,18.8% vs LHP last 10; Changeup 38%; 34.4% pull air; 12.5% barrels last 10,1.2381753910311535,0.90402047517568,0.84,1.42,1,1.1782602898550727,84,84 air · 67° dew · RHB,22,585,.430,2,45,10,11.7,89.6,40.8,0.194,47.7
55,687952,Christian Encarnacion-Strand,BAL,ATH,False,5,3B,R,projected,preview,Jack Perkins,R,1.69,50% hard · 32% break,0.1125390999922028,0.11595088271779808,0.11704632453362984,3,0.62448931584,fair,Weather not posted; Projected order,4S-FB 33%; 4× 100+ last 3; 36.8% pull air; 38.6% sweet,1.580175652874348,1.2166330166808697,1.17,0.7987845440827765,1,0.8819200000000001,117,117 air · 51° dew · RHB,7,123,.518,2,40,10,16.9,92.4,43.4,0.287,43.4
56,686797,Brooks Lee,MIN,CWS,True,2,3B,S,official,live,Erick Fedde,R,1.67,51% hard · 37% break,0.11193335553559677,0.11284378774430204,0.1163905450196715,3,0.97,stable,,tank last game; trending +6.7 brl; 67.9% ideal AA; 16.4% K,0.9722072437160443,1.070713688517425,0.91,1.309943900029372,1,1.22,91,91 air · 75°F · cross LF 11 · 69° dew · switch,22,517,.443,4,39,10,4,88,33.2,0.117,42.8
57,677951,Bobby Witt Jr.,KC,CLE,False,2,SS,R,official,preview,Foster Griffin,L,1.39,59% hard · 24% break,0.11190655499114407,0.1128162887247528,0.11636153761485768,3,0.97,stable,,14.3% vs LHP last 10; 4S-FB 17%; 109.2 last game; 5× 100+ last 3,1.208803387315204,1.1073571405115792,0.94,1.1444413605961035,1,1.0508569113125739,94,94 air · 83°F · in CF 6 · 56° dew · RHB,16,518,.459,1,47,10,11.8,92.3,51.1,0.204,29.2
58,642708,Amed Rosario,NYY,BOS,True,3,2B,R,official,live,Jake Bennett,L,0.7,63% hard · 10% break,0.1111103054754167,0.11199928737473497,0.11511965053913253,3,0.97,stable,,102.3 last game; 38.7% sweet; 118 air; Platoon,1.272143420300015,0.8629800061115792,1.18,1.1477211811036399,1,1,118,118 air · 76°F · in CF 5 · 55° dew · RHB,10,204,.420,,,,11.7,90.4,39.4,0.185,35
59,691781,Brady House,WSH,MIA,True,7,3B,R,official,preview,Sandy Alcantara,R,0.88,61% hard · 19% break,0.1109944119099042,0.11188037339411472,0.11537463287937488,3,0.97,stable,,4S-FB 19%; tank last game; 57.9% ideal AA; xSLG 0.450,1.1680928819950935,0.9970217921579145,1.11,1.1273451608734724,1,1.0239328017012228,111,111 air · 84°F · cross LF 6 · 62° dew · RHB,10,278,.399,1,37,10,11.4,89.8,47.5,0.189,33.9
60,673548,Seiya Suzuki,CHC,CIN,True,2,DH,R,official,live,Andrew Abbott,L,1.11,47% hard · 33% break,0.11042376767805115,0.11129485704704611,0.11475756036217433,3,0.97,stable,,4S-FB 45%; tank last game; 20–30° last 5; 21.7% pull air,1.2115781496956672,1.1408303517956042,1.12,1.030837655739188,1,0.9268879360000003,112,112 air · 79°F · out CF 10 · 64° dew · RHB,22,516,.484,1,47,10,10.3,88.3,38.6,0.176,42.6
61,608324,Alex Bregman,CHC,CIN,True,3,3B,R,official,live,Andrew Abbott,L,1.11,47% hard · 33% break,0.11037361858688155,0.11124340097155916,0.11470334369809976,3,0.97,stable,,14.3% vs LHP last 10; trending +9.7 brl; 29.6% pull air; 85.2% ideal AA,0.9252979746538997,1.041162237988835,1.12,1.12277583295529,1,1.22,112,112 air · 79°F · out CF 10 · 64° dew · RHB,19,604,.412,3,47,10,5.1,88.1,37.2,0.126,47.1
62,668804,Bryan Reynolds,PIT,STL,False,3,LF,S,official,preview,Kyle Leahy,R,0.85,39% hard · 46% break,0.10990951597803883,0.11076720293252496,0.11420169456247842,3,0.97,stable,,18.8% vs RHP last 10; 4S-FB 26%; 4× 100+ last 3; 57.7% ideal AA,1.089821704017436,1.0452964519867618,0.88,1.2993325252070003,1,1.1265390909090909,88,88 air · 84°F · in RF 7 · 65° dew · switch,15,591,.422,0,44,10,11,90.5,46.4,0.185,38.7
63,665742,Juan Soto,NYM,HOU,True,2,DH,L,official,preview,Bennett Sousa,L,0.96,27% hard · 73% break,0.10866542422736866,0.11173060884126318,0.11285781378546389,3,0.6208,fair,Starter sample thin,14.3% barrels; 92.5 EV; xISO 0.291; Air starter,1.5542556131201826,1.1065913285766842,1.02,1.010340067132695,1,0.84,102,102 air · 80°F · out CF 5 · 53° dew · LHB,21,359,.539,1,41,10,14.3,92.5,48.6,0.291,39.7
64,695720,Tommy White,ATH,BAL,True,5,1B,R,projected,preview,Shane Baz,R,0.65,58% hard · 33% break,0.10846056941947563,0.11128168791214244,0.11263664743210455,3,0.6539317401599999,fair,Weather not posted; Projected order,17.4% vs RHP last 10; trending +9.2 brl; 89.3% ideal AA; 17.9% barrels last 10,0.8680251805319747,0.9182542167760129,1.17,1.2998128312746928,1,1.22,117,117 air · 51° dew · RHB,2,142,.343,1,41,10,8.7,85.8,32.2,0.132,27
65,802139,JJ Wetherholt,STL,PIT,True,1,SS,L,official,preview,Lake Bachar,R,1.48,34% hard · 58% break,0.1080295055561788,0.1088381957276614,0.11217137077452233,3,0.97,stable,,14.3% vs RHP last 10; trending +9.0 brl; 75% ideal AA; 16.7% barrels last 10,1.056238340004397,1.0586610933134741,0.86,1.214417194472369,1,1.22,86,86 air · 84°F · in RF 7 · 65° dew · LHB,17,582,.373,1,45,10,7.7,89.9,45.2,0.183,36.5
66,592626,Joc Pederson,TEX,MIL,False,1,DH,L,projected,preview,Shane Drohan,L,0.77,61% hard · 34% break,0.10790320825851943,0.11039950615948091,0.11203507787344424,3,0.69588576,fair,Weather not posted; Projected order,102.8 last game; 23.1% pull air; 84.6% ideal AA; 18.3% blast,1.4129275056107167,0.942817993549673,1.16,0.9439409663412681,1,1.000392597979798,116,116 air · 63° dew · LHB,23,399,.478,,,,11,92.2,50.8,0.199,42.5
67,502671,Paul Goldschmidt,NYY,BOS,True,1,1B,R,projected,preview,,,,,0.1077316401336518,0.11228715673830525,0.11184995186073876,3,0.3938975999999999,thin,No established starter; Weather not posted; Projected order,tank last game; 120 air; #1,1.251118625157476,1,1.2,1,1,1,120,120 air · 55° dew · RHB,17,339,.453,,,,10.6,86.7,37,0.18,31.7
68,665833,Oneil Cruz,PIT,STL,False,5,CF,L,official,preview,Kyle Leahy,R,0.85,39% hard · 46% break,0.10691048721161868,0.10769001355593955,0.10993173373194653,2,0.97,stable,,37.5% vs RHP last 10; 12.6% vs FF; trending +8.6 brl; 105.4 last game,1.5773669480997825,1.1281413660889996,0.86,1.42,1,1.22,86,86 air · 84°F · in RF 7 · 65° dew · LHB,17,318,.486,,,,18.1,95.9,58.3,0.244,42.3
69,701807,Carson Benge,NYM,HOU,True,4,RF,L,official,preview,Bennett Sousa,L,0.96,27% hard · 73% break,0.10633178673080215,0.10893622969576411,0.110340363345247,3,0.6580480000000001,fair,Starter sample thin,Slider 73%; 100.8 last game; Air starter; Platoon,1.0029839984401747,1.1671439758904059,1.02,1.114359553449502,1,1.0724000000000002,102,102 air · 80°F · out CF 5 · 53° dew · LHB,16,533,.426,2,41,10,7.6,89.1,40.6,0.16,32.4
70,671739,Michael Harris II,ATL,COL,True,5,CF,L,official,preview,Zach Agnos,R,1.07,61% hard · 28% break,0.10570596238135549,0.10645409643069514,0.14634163297121938,3,0.873,stable,Starter outing length thin,18.8% vs RHP last 10; 4S-FB 25%; 106.2 last game; 21% blast,1.2590253005038197,1.0730102558889112,1.16,1.42,1,1.004204651162791,116,116 air · 86°F · cross RF 6 · 72° dew · LHB,22,516,.496,2,41,10,10.7,90.5,48.5,0.19,37.1
71,691406,Junior Caminero,TB,SD,True,3,3B,R,official,preview,Walker Buehler,R,1.07,63% hard · 27% break,0.10564505843457597,0.10639160520682944,0.10960037844269643,3,0.97,stable,,60% ideal AA; 25.3% blast; 79.7 bat; 12.8% barrels,1.5138188974367168,1.0035847471866381,1.01,1.0801322985844362,1,0.8275020000000001,101,101 air · 72°F · roof closed · RHB,35,584,.528,0,42,10,12.8,93,50.5,0.22,46.4
72,571970,Max Muncy,LAD,DET,False,4,3B,L,official,live,Keider Montero,R,0.92,53% hard · 33% break,0.1053112656236509,0.10604911309629683,0.10924083639850135,3,0.97,stable,,4S-FB 31%; 37.5% pull air; 16.6% blast; 13.1% barrels,1.4659114130862194,1.075723716403649,0.96,1.0515,1,0.85696,96,96 air · 80°F · cross LF 10 · 56° dew · LHB,26,469,.495,2,39,10,13.1,90.5,45.9,0.231,53.1
73,682987,Spencer Jones,NYY,BOS,True,8,CF,L,official,live,Jake Bennett,L,0.7,63% hard · 10% break,0.10530904625562107,0.1060468358871548,0.10789119973863248,2,0.97,stable,,4S-FB 35%; trending +6.5 brl; 38.9% pull air; 22.2% barrels last 10,1.3847647250930573,1.0572184425122886,1.2,1.1994635491473125,1,1.22,120,120 air · 76°F · in CF 5 · 55° dew · LHB,7,191,.413,,,,15.7,94.9,57.4,0.22,32.4
74,641355,Cody Bellinger,NYY,BOS,True,3,LF,L,projected,preview,,,,,0.1041075329909856,0.10797452735043567,0.10794498842503808,3,0.4175314559999999,thin,No established starter; Weather not posted; Projected order,trending +4.0 brl; 27.8% pull air; 89.5% ideal AA; 40.2% sweet,0.9445486144380244,1,1.22,1,1,1.22,122,122 air · 55° dew · LHB,12,457,.415,1,39,10,6.5,89.1,37,0.145,42.4
75,805811,Bryce Eldridge,SF,AZ,True,3,DH,L,projected,preview,Mitch Bratt,L,1.13,53% hard · 37% break,0.10399480679079372,0.10659202627773401,0.1077229439263961,2.8533333333333353,0.6235136409599998,fair,Weather not posted; Projected order,12.5% vs LHP last 10; 4S-FB 45%; tank last game; 33.3% pull air,1.3268726199611067,1.081126778056408,0.78,1.2095837925643438,1,1.1004420039344263,78,78 air · 56° dew · LHB,15,365,.448,2,43,10,12.2,92.6,52.7,0.218,39.6
76,695600,Carter Jensen,KC,CLE,False,1,DH,L,official,preview,Foster Griffin,L,1.39,59% hard · 24% break,0.10386605431187661,0.10456623672468357,0.10768517045466108,3,0.97,stable,,Cutter 32%; trending +10.4 brl; 107.2 last game; 20–30° last 5,1.200327391345509,1.167735793932905,0.94,0.8288506862111087,1,1.22,94,94 air · 83°F · in CF 6 · 56° dew · LHB,19,502,.415,3,43,10,10.7,91,44.2,0.164,39.5
77,666176,Jo Adell,CLE,KC,True,4,RF,R,official,preview,Daniel Lynch IV,L,0.62,46% hard · 30% break,0.1037591856361088,0.10495744158232734,0.10757020045088084,3,0.873,stable,Starter outing length thin,Changeup 24%; 18.2% pull air; 16.1% blast; 77.2 bat,1.185491927735331,1.0173197232370113,0.94,1.38,1,0.85696,94,94 air · 83°F · in CF 6 · 56° dew · RHB,20,545,.403,2,43,10,9.8,90.3,45.1,0.192,38.8
78,646240,Rafael Devers,SF,AZ,True,2,1B,L,projected,preview,Mitch Bratt,L,1.13,53% hard · 37% break,0.10349564798671683,0.1060448424967394,0.10728672401747985,3,0.6235136409599998,fair,Weather not posted; Projected order,4S-FB 45%; 62.1% ideal AA; 13.8% barrels last 10; 18.4% blast,1.3884713537961149,1.146083009997723,0.78,0.9007676955484623,1,1.22,78,78 air · 56° dew · LHB,29,573,.484,4,44,10,11,92.7,50.4,0.217,32.9
79,663330,Jahmai Jones,BOS,NYY,False,1,DH,R,official,live,Carlos Rodón,L,0.78,59% hard · 26% break,0.10322677953290721,0.10442131887160166,0.10699757070585769,3,0.8690976,stable,,8.8% solid; 118 air; Platoon; #1,1.1369962151278588,0.9057837152593978,1.18,1.093791245577774,1,1,118,118 air · 76°F · in CF 5 · 55° dew · RHB,4,140,.371,,,,10,91.3,46.3,0.181,51.2
80,694673,Abimelec Ortiz,WSH,MIA,True,2,1B,L,official,preview,Sandy Alcantara,R,0.88,61% hard · 19% break,0.10108218564219229,0.10239334350949403,0.1046932437508663,3,0.8242560000000001,stable,,103.4 last game; 21.7% pull air; 42.9% sweet; 75.4 bat,1.3637739033730503,0.9507335111152913,1.08,1.0515,1,0.8736000000000002,108,108 air · 84°F · cross LF 6 · 62° dew · LHB,5,80,.461,0,39,10,10.7,90.5,41.1,0.235,48.2
81,804668,Rafael Flores Jr.,PIT,STL,False,7,C,R,official,preview,Kyle Leahy,R,0.85,39% hard · 46% break,0.09940606945385197,0.10060545467442683,0.10200744938643336,2,0.8288352000000001,stable,,37.5% vs RHP last 10; 4S-FB 26%; 58.8% ideal AA; 17.6% barrels last 10,1.530712349172815,1.1102913660889995,0.88,1.42,1,1.1151336681475759,88,88 air · 84°F · in RF 7 · 65° dew · RHB,6,82,.521,,,,16.7,89.5,41.7,0.243,45.8
82,669357,Nolan Gorman,STL,PIT,True,7,3B,L,official,preview,Lake Bachar,R,1.48,34% hard · 58% break,0.09888793319773155,0.09945837594677975,0.102339349773507,3,0.97,stable,,104.5 last game; Air starter; Platoon,1.1420455105105425,1.128888442534382,0.86,1.1050913889038587,1,1,86,86 air · 84°F · in RF 7 · 65° dew · LHB,8,241,.330,,,,10.3,89.2,44.1,0.165,43.4
83,677800,Wilyer Abreu,BOS,NYY,False,3,RF,L,official,live,Carlos Rodón,L,0.78,59% hard · 26% break,0.09865142070623553,0.09921569947284581,0.10197526344757557,2.822222222222223,0.97,stable,,Slider 25%; 101.9 last game; 19.0% pull air; 57.1% ideal AA,1.3193679686348,0.9859880548271824,1.2,0.957009595001242,1,0.8998080000000002,120,120 air · 76°F · in CF 5 · 55° dew · LHB,23,573,.470,1,43,10,12.6,89.9,44.2,0.224,36.8
84,805808,Kevin McGonigle,DET,LAD,True,3,SS,L,official,live,Blake Snell,L,0,50% hard · 32% break,0.09850778475256375,0.10041751494407325,0.10223630030403708,3,0.6580480000000001,fair,Starter sample thin,27.3% vs LHP last 10; trending +10.5 brl; 106 last game; chase vs expand,0.9704943626697697,0.8352727702396936,0.96,1.3181854937606285,1,1.22,96,96 air · 80°F · cross LF 10 · 56° dew · LHB,14,587,.419,1,39,10,7.4,88.2,36.8,0.174,37.4
85,695657,Colson Montgomery,CWS,MIN,False,6,SS,L,official,live,Bailey Ober,R,1.5,35% hard · 34% off,0.09789402690757293,0.09843856649658622,0.10041481044684186,2,0.97,stable,,16.7% vs RHP last 10; trending +12.5 brl; 101.3 last game; 25% pull air,1.4118778073919684,1.1018808803333933,0.87,1.3834239139141813,1,1.22,87,87 air · 75°F · cross LF 11 · 69° dew · LHB,28,532,.432,2,41,10,12.5,89.1,42.6,0.201,49.2
86,694249,Cole Carrigg,COL,ATL,False,2,CF,S,official,preview,Martín Pérez,L,0.94,62% hard · 8% break,0.09775721476792987,0.0982981887624973,0.10112785827422499,3,0.97,stable,,trending +4.8 brl; 106.5 last game; 4× 100+ last 3; 20–30° last 5,0.9212998660804771,0.8946918842908067,1.14,1.0480430485054688,1,1.22,114,114 air · 86°F · cross RF 6 · 72° dew · switch,6,264,.443,1,46,10,5.2,87,33.9,0.133,47.1
87,695681,Christian Moore,LAA,PHI,True,6,2B,R,projected,preview,Cristopher Sánchez,L,0.75,43% hard · 38% off,0.09764758144787543,0.10055133738873989,0.10101044711812779,3,0.42614035200000006,thin,Short season sample; Weather not posted; Projected order,12.5% vs LHP last 10; 20.9% vs hard; trending +5.7 brl; 23.1% barrels last 10,1.1875984575020904,1.008582677565283,0.84,1.1559815225227634,1,1.072882885823755,84,84 air · 67° dew · RHB,1,47,.268,1,38,10,17.4,90,37.5,0.12,20.8
88,668930,Brice Turang,MIL,TEX,True,1,2B,L,projected,preview,Cal Quantrill,R,0.97,70% hard · 7% break,0.0974259599555001,0.09907592718658786,0.10077313193076975,3,0.69588576,fair,Weather not posted; Projected order,101.1 last game; 63.0% ideal AA; 9% solid; 17.3% K,1.0362495447496067,0.956683711364843,1.16,1.176508139356213,1,0.8998080000000002,116,116 air · 63° dew · LHB,17,565,.431,1,48,10,7.7,90.1,41.2,0.172,28.5
89,668227,Randy Arozarena,SEA,TOR,False,1,LF,R,official,preview,José Soriano,R,0.81,51% hard · 30% break,0.09688132322797624,0.09739946975987712,0.10019009280718916,3,0.97,stable,,Sinker 28%; 60.9% ideal AA; 8.1% solid; #1,1.0792576893939936,0.9863681288570298,0.98,1.0105466191597836,1,1.1223044096728307,98,98 air · 68°F · roof closed · RHB,20,548,.461,3,46,10,7.6,90.7,42,0.157,34.2
90,699625,Jimmy Crooks,STL,PIT,True,9,C,L,official,preview,Lake Bachar,R,1.48,34% hard · 58% break,0.09658728374507383,0.09709776702757422,0.09903948883210512,2,0.97,stable,,28.6% vs RHP last 10; 4S-FB 29%; tank last game; trending +9.3 brl,1.251784231309038,1.1973743615252859,0.86,1.42,1,1.22,86,86 air · 84°F · in RF 7 · 65° dew · LHB,5,146,.326,,,,10.7,91.8,48.2,0.19,36.5
91,671218,Heliot Ramos,NYY,BOS,True,4,RF,R,projected,preview,,,,,0.09637651599301943,0.09924880136284175,0.09964990084060266,3,0.3938975999999999,thin,No established starter; Weather not posted; Projected order,101.5 last game; 17.6% blast; 13.4% barrels; 92.1 EV,1.1386200181901085,1,1.2,1,1,0.8935942894224531,120,120 air · 55° dew · RHB,9,372,.384,,,,13.4,92.1,49.2,0.177,33.5
92,543807,George Springer,TOR,SEA,True,4,DH,R,official,preview,Kade Anderson,L,3.18,33% hard · 44% break,0.09521898480519808,0.09724464269925737,0.0984119910093606,3,0.555228,fair,No established starter; Starter outing length thin,tank last game; 66.7% ideal AA,0.9909148411722319,1,0.98,1.0378289794382747,1,1.1708885914551082,98,98 air · 68°F · roof closed · RHB,14,432,.415,,,,6.8,88.2,37.1,0.142,41.7
93,662139,Daulton Varsho,HOU,NYM,False,5,CF,L,official,preview,Nolan McLean,R,0.91,63% hard · 31% break,0.09514631138307621,0.09561924008113709,0.09833430639796326,3,0.97,stable,,16.7% vs RHP last 10; trending +5.5 brl; 104.6 last game; 60% ideal AA,0.8446754943706478,0.8466342488728158,1.02,1.289259665419391,1,1.22,102,102 air · 80°F · out CF 5 · 53° dew · LHB,10,454,.369,2,39,10,6.5,87.1,38.3,0.123,37.3
94,682928,CJ Abrams,WSH,MIA,True,1,DH,L,official,preview,Sandy Alcantara,R,0.88,61% hard · 19% break,0.09512565211152882,0.09559804238818881,0.098312223327503,3,0.97,stable,,76.5% ideal AA; 18.1% K; #1,1.3153688963586714,0.955681200418014,1.08,1.0515,1,0.8034,108,108 air · 84°F · cross LF 6 · 62° dew · LHB,29,556,.515,0,44,10,9.9,89.4,40.8,0.185,43.8
95,664040,Brandon Lowe,PIT,STL,False,2,2B,L,official,preview,Kyle Leahy,R,0.85,39% hard · 46% break,0.09491542922922343,0.09538234068256046,0.09808753138125437,3,0.97,stable,,4S-FB 26%; 20% pull air; 60% ideal AA; #2,1.3561266721941538,1.0795270159638741,0.86,1.0590000000000002,1,0.85696,86,86 air · 84°F · in RF 7 · 65° dew · LHB,27,554,.469,1,40,10,11.9,91.1,46,0.189,47.5
96,676475,Alec Burleson,STL,PIT,True,3,1B,L,official,preview,Lake Bachar,R,1.48,34% hard · 58% break,0.09450460036151988,0.09496080480352953,0.09764852670532065,3,0.97,stable,,4S-FB 29%; 100.4 last game; 19.2% blast; 92 EV,1.266672960440889,1.1255735211767934,0.86,1.1011936710646884,1,0.8400000000000001,86,86 air · 84°F · in RF 7 · 65° dew · LHB,21,569,.481,0,39,10,11.2,92,49.8,0.235,48.1
97,668800,Andrew Knizner,SF,AZ,True,4,C,R,projected,preview,Merrill Kelly,R,1.74,51% hard · 22% break,0.09440572615594807,0.09701780427572038,0.0975428912517119,3,0.3861792000000001,thin,Short season sample; Projected order,4S-FB 27%; 25% pull air; 66.7% ideal AA; Air starter,1.061667087655077,1.2149034966712646,0.83,0.9,1,1.22,83,83 air · 63°F · out CF 13 · 56° dew · RHB,1,23,.400,,,,6.3,88,25,0.131,31.3
98,682998,Corbin Carroll,AZ,SF,False,2,RF,L,projected,preview,Matt Wilkinson,L,1.59,66% hard · 12% break,0.09425715582563861,0.09661145552133255,0.11147206123600106,3,0.39976416000000004,thin,No established starter; Starter outing length thin; Projected order,20% vs LHP last 10; 4S-FB 63%; trending +3.8 brl; 106.4 last game,1.2111026315176192,1,0.79,1.2776736943959053,1,1.22,79,79 air · 63°F · out CF 13 · 56° dew · LHB,19,572,.486,1,43,10,12.2,91.8,48.7,0.196,43.5
99,677800,Wilyer Abreu,BOS,NYY,False,3,RF,L,projected,preview,Max Fried,L,0.21,63% hard · 25% break,0.09392931274379036,0.09529682797112582,0.09703400733464862,3,0.69588576,fair,Weather not posted; Projected order,Cutter 23%; 101.9 last game; 19.0% pull air; 57.1% ideal AA,1.3193679686348,0.8230893297132578,1.22,0.957009595001242,1,0.8998080000000002,122,122 air · 55° dew · LHB,23,573,.470,1,43,10,12.6,89.9,44.2,0.224,36.8
100,680869,Zack Gelof,ATH,BAL,True,3,3B,R,projected,preview,Shane Baz,R,0.65,58% hard · 33% break,0.09360205473742507,0.09494313473293836,0.09668454802553605,3,0.69588576,fair,Weather not posted; Projected order,4S-FB 35%; 57.7% ideal AA; 117 air; #3,1.1404027651545205,1.027068706961304,1.17,1.0298395139253018,1,0.8034,117,117 air · 51° dew · RHB,14,321,.454,0,44,10,7.9,88.8,41.9,0.169,37.7
101,682998,Corbin Carroll,AZ,SF,False,2,RF,L,projected,preview,,,,,0.09352013540178948,0.095876796571853,0.09659708441591053,3,0.4175314559999999,thin,No established starter; Weather not posted; Projected order,trending +3.8 brl; 106.4 last game; 76% ideal AA; 16% barrels last 10,1.2111026315176192,1,0.78,1,1,1.22,78,78 air · 56° dew · LHB,19,572,.486,1,43,10,12.2,91.8,48.7,0.196,43.5
102,695491,Joshua Báez,STL,PIT,True,8,LF,R,official,preview,Lake Bachar,R,1.48,34% hard · 58% break,0.09341374795039058,0.09497122015048864,0.09609246346045239,2.400000000000002,0.6296400000000001,fair,Short season sample,Slider 24%; 109 last game; 21.4% pull air; 57.1% ideal AA,1.6154271220510334,1.2026156987385828,0.88,1.030220497640727,1,0.9169472000000002,88,88 air · 84°F · in RF 7 · 65° dew · RHB,4,54,.449,1,35,10,17.2,93.3,51.7,0.259,34.5
103,663757,Trent Grisham,NYY,BOS,True,5,CF,L,projected,preview,,,,,0.09247603003329062,0.09468374553677505,0.0953731544497528,2.8000000000000007,0.4175314559999999,thin,No established starter; Weather not posted; Projected order,72.7% ideal AA; 18.7% blast; 11.6% solid; 122 air,1.2525042801945798,1,1.22,1,1,0.8240000000000001,122,122 air · 55° dew · LHB,18,460,.410,2,45,10,9.7,90.7,46.2,0.189,45.3
104,701678,Hao-Yu Lee,DET,LAD,True,2,3B,R,official,live,Blake Snell,L,0,50% hard · 32% break,0.09200517764135875,0.09333752502628645,0.09473650363319841,3,0.6580480000000001,fair,Starter sample thin,4S-FB 50%; trending +4.8 brl; 110.2 last game; 13.6% barrels last 10,1.0620681388021747,0.8502441898621749,1.02,0.997793972527556,1,1.19377,102,102 air · 80°F · cross LF 10 · 56° dew · RHB,7,255,.414,,,,8.8,89.7,41.4,0.165,29.8
105,687401,Joey Ortiz,MIL,TEX,True,6,SS,R,projected,preview,Cal Quantrill,R,0.97,70% hard · 7% break,0.09153849607575483,0.09271288602690297,0.09448293194299018,3,0.69588576,fair,Weather not posted; Projected order,trending +4.2 brl; 100.3 last game; 17.3% K; 116 air,0.7802359879374008,1.014763163820774,1.16,0.9725762742534364,1,1.22,116,116 air · 63° dew · RHB,7,340,.380,1,41,10,4.5,88.6,36.7,0.105,31.8
106,669003,Garrett Mitchell,MIL,TEX,True,7,CF,L,projected,preview,Cal Quantrill,R,0.97,70% hard · 7% break,0.09129410117710618,0.0924487494086439,0.094222407279696,3,0.69588576,fair,Weather not posted; Projected order,108.5 last game; 4× 100+ last 3; 66.7% ideal AA; 22.4% blast,1.097340740495811,0.9715966236065179,1.16,0.9076403660623551,1,0.9662019030644154,116,116 air · 63° dew · LHB,9,441,.416,,,,12.3,93,52,0.181,33.6
107,643376,Danny Jansen,TEX,MIL,False,9,C,R,projected,preview,Shane Drohan,L,0.77,61% hard · 34% break,0.09127160219491436,0.09258854781568682,0.09391028357245829,2.5142857142857125,0.641768832,fair,Weather not posted; Projected order,tank last game; trending +14.8 brl; 25% pull air; 22.2% barrels last 10,0.9445959036778864,0.910965367736556,1.16,1.1812373048378653,1,1.22,116,116 air · 63° dew · RHB,5,159,.345,,,,7.4,87.1,32.6,0.127,57.9
108,641355,Cody Bellinger,NYY,BOS,True,5,LF,L,official,live,Jake Bennett,L,0.7,63% hard · 10% break,0.09052221327548285,0.09087462884822783,0.0978631738732272,2.6272727272727288,0.97,stable,,4S-FB 35%; trending +4.0 brl; 27.8% pull air; 89.5% ideal AA,0.9445486144380244,0.9998719419531986,1.2,1.0197564579268752,1,1.22,120,120 air · 76°F · in CF 5 · 55° dew · LHB,12,457,.415,1,39,10,6.5,89.1,37,0.145,42.4
109,677942,Blaze Alexander,BAL,ATH,False,1,SS,R,projected,preview,Jack Perkins,R,1.69,50% hard · 32% break,0.0890052097032005,0.09007515941199917,0.09178471609918726,3,0.656496,fair,Weather not posted; Projected order,41.7% sweet; 8% solid; 92.4 EV; xSLG 0.470,0.9227339583155515,1.1513113172364808,1.17,0.7746370817025973,1,1.078692097960904,117,117 air · 51° dew · RHB,4,251,.434,1,40,10,7,92.4,49.1,0.162,31.4
110,592518,Manny Machado,SD,TB,False,3,3B,R,official,preview,Nick Martinez,R,1.04,64% hard · 9% break,0.08851705840457708,0.08881721568292333,0.0912653587300647,3,0.97,stable,,61.9% ideal AA; 14.7% K; #3,1.2081837965770426,1.009988110197005,1.01,0.999046681890853,1,0.8240000000000001,101,101 air · 72°F · roof closed · RHB,24,563,.399,1,44,10,9.6,90.4,44.4,0.178,41.8
111,663457,Lars Nootbaar,AZ,SF,False,1,LF,L,projected,preview,Matt Wilkinson,L,1.59,66% hard · 12% break,0.0877338615648656,0.08919822378486941,0.08583821229662514,3,0.39976416000000004,thin,No established starter; Starter outing length thin; Projected order,tank last game; trending +8.9 brl; 4× 100+ last 3; 57.1% ideal AA,1.0602073622344876,1,0.79,0.911183624344327,1,1.22,79,79 air · 63°F · out CF 13 · 56° dew · LHB,5,249,.358,,,,10.1,91.7,49.4,0.19,40.5
112,605137,Josh Bell,MIN,CWS,True,4,DH,S,official,live,Erick Fedde,R,1.67,51% hard · 37% break,0.08747633158064885,0.08774936546341972,0.09015872008283021,3,0.97,stable,,81.8% ideal AA; 16.4% K,1.1121128335326902,1.139615747357563,0.91,0.9767793218828111,1,0.8826688000000001,91,91 air · 75°F · cross LF 11 · 69° dew · switch,17,525,.421,1,42,10,9.7,89.7,41.2,0.186,41.2
113,664034,Ty France,SD,TB,False,4,1B,R,official,preview,Nick Martinez,R,1.04,64% hard · 9% break,0.0874122314463394,0.0876835947530673,0.09009058784104151,3,0.97,stable,,14.7% K,1.2172399367210551,1.012119612887383,1.01,1.023239262395562,1,0.78,101,101 air · 72°F · roof closed · RHB,18,395,.501,1,43,10,9.8,91.9,48.3,0.179,37.8
114,671218,Heliot Ramos,NYY,BOS,True,4,RF,R,official,live,Jake Bennett,L,0.7,63% hard · 10% break,0.0872653729985468,0.08753290888420562,0.08962135573225338,3,0.97,stable,,101.5 last game; 17.6% blast; 13.4% barrels; 92.1 EV,1.1386200181901085,0.875896444957081,1.18,0.9362784104546865,1,0.8935942894224531,118,118 air · 76°F · in CF 5 · 55° dew · RHB,9,372,.384,,,,13.4,92.1,49.2,0.177,33.5
115,663457,Lars Nootbaar,AZ,SF,False,1,LF,L,projected,preview,,,,,0.08708009684210276,0.08851806161905551,0.08973761197093888,3,0.4175314559999999,thin,No established starter; Weather not posted; Projected order,tank last game; trending +8.9 brl; 4× 100+ last 3; 57.1% ideal AA,1.0602073622344876,1,0.78,1,1,1.22,78,78 air · 56° dew · LHB,5,249,.358,,,,10.1,91.7,49.4,0.19,40.5
116,681047,Christian Franklin,BAL,ATH,False,7,CF,R,projected,preview,Jack Perkins,R,1.69,50% hard · 32% break,0.08661033871641963,0.08815350480537287,0.08923852292140133,3,0.3424608,thin,Short season sample; Weather not posted; Projected order,4S-FB 33%; 15% barrels; Air starter; 117 air,0.782122905027933,1.2166330166808697,1.17,0.9,1,1,117,117 air · 51° dew · RHB,0,39,.226,,,,15,89.1,50,0.182,10
117,680574,Matt McLain,CIN,CHC,False,9,2B,R,official,live,Kevin Gausman,R,1.08,51% hard · 9% break,0.0853960101668234,0.08561482676669752,0.08730139349329091,2,0.97,stable,,12.5% vs RHP last 10; 4S-FB 51%; 103.4 last game; 68% ideal AA,1.0997065400161543,1.0749854442358262,1.12,1.1228636528988916,1,1.22,112,112 air · 79°F · out CF 10 · 64° dew · RHB,13,415,.346,2,41,10,10,88.1,36.9,0.161,36.5
118,672515,Gabriel Moreno,AZ,SF,False,3,DH,R,projected,preview,Matt Wilkinson,L,1.59,66% hard · 12% break,0.08508028898358147,0.0861826387616893,0.0918086331343243,3,0.39976416000000004,thin,No established starter; Starter outing length thin; Projected order,4S-FB 63%; trending +7.3 brl; heart vs in-zone; 15.4% barrels last 10,0.9739393903924163,1,0.83,1.0906060790998557,1,1.19377,83,83 air · 63°F · out CF 13 · 56° dew · RHB,11,444,.465,2,44,10,8.1,89.3,42.7,0.165,35.6
119,650490,Yandy Díaz,TB,SD,True,1,DH,R,official,preview,Walker Buehler,R,1.07,63% hard · 27% break,0.08426782036056395,0.08445723410687866,0.08675229250848249,3,0.97,stable,,109.1 last game; 5× 100+ last 3; #1,1.0268064407253883,0.9890521491755675,1.01,1.0298893929894264,1,0.8833101283555557,101,101 air · 72°F · roof closed · RHB,20,573,.465,2,43,10,6.9,90.7,47.5,0.159,22.6
120,668904,Royce Lewis,MIN,CWS,True,5,1B,R,official,live,Erick Fedde,R,1.67,51% hard · 37% break,0.0837825073692839,0.0839592729009685,0.08623773621526343,3,0.97,stable,,Sinker 31%; 25.9% pull air; 74.1% ideal AA; 75.2 bat,1.152397737255194,1.2068600669746372,0.94,0.8247427586564795,1,0.85696,94,94 air · 75°F · cross LF 11 · 69° dew · RHB,13,408,.401,0,39,10,11.2,89.8,40.4,0.165,47.4
121,575929,Willson Contreras,BOS,NYY,False,4,1B,R,official,live,Carlos Rodón,L,0.78,59% hard · 26% break,0.08366639916919985,0.08384013869197604,0.08549369201269008,2,0.97,stable,,22.7% pull air; 77.3% ideal AA; 16.3% blast; 77.1 bat,1.4503198458204234,0.8657534419051298,1.18,1.38,1,0.85696,118,118 air · 76°F · in CF 5 · 55° dew · RHB,26,506,.520,2,42,10,13.7,89.8,44,0.233,49.3
122,592885,Christian Yelich,MIL,TEX,True,5,DH,L,projected,preview,Cal Quantrill,R,0.97,70% hard · 7% break,0.08329805458618736,0.08380679854287043,0.08572427315293185,3,0.69588576,fair,Weather not posted; Projected order,4S-FB 22%; 105.2 last game; 71.4% ideal AA; 17.3% K,0.9833402801100101,1.1177372902020708,1.16,0.7879687290945598,1,0.9169472000000002,116,116 air · 63° dew · LHB,9,407,.383,1,40,10,10.1,88.8,43,0.158,33.7
123,695731,Braden Montgomery,CWS,MIN,False,5,RF,S,official,live,Bailey Ober,R,1.5,35% hard · 34% off,0.08302219178520946,0.08317914199180121,0.08536211522255825,2.8384615384615373,0.97,stable,,trending +3.1 brl; 101.1 last game; 4× 100+ last 3; 63.0% ideal AA,0.8076854941431967,1.109370070035978,0.91,0.9986412715260511,1,1.22,91,91 air · 75°F · cross LF 11 · 69° dew · switch,5,275,.369,1,39,10,4.3,89,40.8,0.134,35.9
124,663616,Trevor Larnach,MIN,CWS,True,6,LF,L,official,live,Erick Fedde,R,1.67,51% hard · 37% break,0.0829688342986319,0.08312439390378812,0.08537544153820442,3,0.97,stable,,25% pull air; 16.4% K,0.9824111019666237,1.1414078771605596,0.87,0.9559991387344015,1,0.9744206506666666,87,87 air · 75°F · cross LF 11 · 69° dew · LHB,11,393,.425,1,36,10,7.5,87.7,37.5,0.141,43.6
125,672515,Gabriel Moreno,AZ,SF,False,3,DH,R,projected,preview,,,,,0.0822680510313407,0.08301955887346946,0.08463319120943757,3,0.4175314559999999,thin,No established starter; Weather not posted; Projected order,trending +7.3 brl; 15.4% barrels last 10; xSLG 0.455; #3,0.9739393903924163,1,0.78,1,1,1.19377,78,78 air · 56° dew · RHB,11,444,.465,2,44,10,8.1,89.3,42.7,0.165,35.6
126,671976,Tristan Peters,CWS,MIN,False,8,CF,L,official,live,Bailey Ober,R,1.5,35% hard · 34% off,0.08181563506901061,0.08194114002566244,0.0835612559426906,2,0.97,stable,,16.7% vs RHP last 10; 4S-FB 33%; trending +10.9 brl; 106.4 last game,0.9422680229937113,1.2585736789608668,0.87,1.3404306534671648,1,1.22,87,87 air · 75°F · cross LF 11 · 69° dew · LHB,12,404,.472,5,38,10,5.8,87.4,32.3,0.135,51.5
127,694208,Moisés Ballesteros,LAA,PHI,True,5,DH,L,projected,preview,Cristopher Sánchez,L,0.75,43% hard · 38% off,0.0816813993442253,0.0820595531999283,0.08401211641157214,3,0.69588576,fair,Weather not posted; Projected order,13.3% vs LHP last 10; trending +4.1 brl; 13.0% barrels last 10,0.9808376108078825,0.8603838987617723,0.84,1.0285652185522418,1,1.22,84,84 air · 67° dew · LHB,6,262,.321,0,44,10,8.9,90.5,46.4,0.139,36.5
128,666211,Taylor Trammell,HOU,NYM,False,7,RF,L,official,preview,Nolan McLean,R,0.91,63% hard · 31% break,0.08158870761212138,0.08170829839125937,0.08332444854338616,2,0.97,stable,,14.3% vs RHP last 10; Sinker 33%; 18.8% pull air; 12.5% barrels last 10,1.149882068597652,1.033136514230748,1.02,1.2826496196581358,1,1.080489539295393,102,102 air · 80°F · out CF 5 · 53° dew · LHB,7,223,.364,,,,12.3,88.3,36.9,0.192,46.9
129,643217,Andrew Benintendi,CWS,MIN,False,4,DH,L,official,live,Bailey Ober,R,1.5,35% hard · 34% off,0.08132225832388483,0.08143490490856231,0.0836320325019857,3,0.97,stable,,100.9 last game; 22.2% pull air; 61.1% ideal AA; Air starter,1.0719207902933565,1.1301866667963325,0.87,0.9261258961915138,1,0.8998080000000002,87,87 air · 75°F · cross LF 11 · 69° dew · LHB,13,397,.423,1,35,10,8.2,88.9,43.9,0.159,50.7
130,607043,Brandon Nimmo,TEX,MIL,False,4,RF,L,projected,preview,Shane Drohan,L,0.77,61% hard · 34% break,0.08050763440773828,0.08079097393469381,0.0827702717654295,3,0.69588576,fair,Weather not posted; Projected order,16.5% blast; 8.7% solid; 92.1 EV; xSLG 0.468,1.0690306295543763,0.9006986835654668,1.16,0.9700919826919157,1,0.8,116,116 air · 63° dew · LHB,13,546,.414,0,44,10,10.1,92.1,50.5,0.19,31.2
131,664983,Jake McCarthy,COL,ATL,False,1,DH,L,official,preview,Martín Pérez,L,0.94,62% hard · 8% break,0.08048229739855195,0.08057305294331207,0.08274347683658645,3,0.97,stable,,19.4% pull air; 39.3% sweet; 17.9% K; 116 air,0.8524154437757743,0.8582643065232214,1.16,0.8334779201182521,1,1.22,116,116 air · 86°F · cross RF 6 · 72° dew · LHB,13,476,.474,0,47,10,4.9,85,27.3,0.128,38.3
132,669134,Luis Campusano,SD,TB,False,6,C,R,official,preview,Nick Martinez,R,1.04,64% hard · 9% break,0.08045546005862539,0.08054703601566338,0.08250804270387654,2.541935483870965,0.9676800000000001,stable,,Sinker 31%; 39.6% sweet; 14.7% K,1.0534737006317705,1.0960149890640674,1.01,0.9622580412139448,1,1,101,101 air · 72°F · roof closed · RHB,5,168,.469,,,,9.5,88.3,42.5,0.15,39.6
133,666018,Jonathan Aranda,TB,SD,True,2,1B,L,official,preview,Walker Buehler,R,1.07,63% hard · 27% break,0.08038167629805232,0.08046980945829296,0.08263707074473614,3,0.97,stable,,105.7 last game; 4× 100+ last 3; 38.9% sweet; #2,1.0753687699185062,1.0018365814289123,1.01,0.8975811912346063,1,0.8816800000000001,101,101 air · 72°F · roof closed · LHB,16,570,.419,1,39,10,9.5,91.1,45.5,0.178,29.6
134,666160,Mickey Moniak,COL,ATL,False,7,RF,L,official,preview,Martín Pérez,L,0.94,62% hard · 8% break,0.07995648141425053,0.0800335331564237,0.08162201994940577,2,0.97,stable,,16.7% vs LHP last 10; 104.5 last game; 31.8% pull air; 63.6% ideal AA,1.3413233722186537,0.9148896829359692,1.16,1.2183646474725127,1,0.9358003200000002,116,116 air · 86°F · cross RF 6 · 72° dew · LHB,21,362,.518,2,44,10,10.2,89.7,42.2,0.185,46.7
135,681807,David Fry,CLE,KC,True,6,1B,R,official,preview,Daniel Lynch IV,L,0.62,46% hard · 30% break,0.07993184457221297,0.0800860094244299,0.08216147181008082,3,0.83357748,stable,Starter outing length thin,18.3% K; Platoon,0.9146705840649683,0.8943220264374598,0.94,1.1110392273989254,1,1,94,94 air · 83°F · in CF 6 · 56° dew · RHB,6,169,.333,,,,6.5,85.5,32.6,0.092,56.5
136,621438,Tyrone Taylor,CHC,CIN,True,7,LF,R,official,live,Andrew Abbott,L,1.11,47% hard · 33% break,0.07975048390192624,0.07982216694225963,0.08140726979582902,2,0.97,stable,,44.4% pull air; 66.7% ideal AA; 18.1% K; 112 air,1.2551055117071326,0.9970893611309521,1.12,1.3453522951707906,1,0.85696,112,112 air · 79°F · out CF 10 · 64° dew · RHB,10,196,.483,,,,9.7,86.9,34.7,0.183,53.5
137,661388,William Contreras,MIL,TEX,True,4,C,R,projected,preview,Cal Quantrill,R,0.97,70% hard · 7% break,0.07957566622845083,0.07978372327372174,0.08178500085375828,3,0.69588576,fair,Weather not posted; Projected order,103.4 last game; 18.6% blast; 9.4% solid; 17.3% K,0.9861856471116459,1.0123579427297256,1.16,0.8726931896995462,1,0.8400000000000001,116,116 air · 63° dew · RHB,12,542,.391,0,49,10,7.7,90.1,43.7,0.173,36.5
138,677649,Ezequiel Duran,TEX,MIL,False,5,3B,R,projected,preview,Shane Drohan,L,0.77,61% hard · 34% break,0.07937445800147222,0.07956626185806248,0.08157237208251356,3,0.69588576,fair,Weather not posted; Projected order,65.2% ideal AA; 116 air,0.9215690461981224,0.9447266066615579,1.16,0.9977297820490773,1,0.8387271142109851,116,116 air · 63° dew · RHB,14,485,.443,1,42,10,6.2,88.8,37.3,0.128,37.6
139,669242,Tommy Edman,LAD,DET,False,5,2B,S,official,live,Keider Montero,R,0.92,53% hard · 33% break,0.07915738207070695,0.0792136077064508,0.08134300969851205,3,0.97,stable,,20–30° last 3; 33.3% pull air; 73.3% ideal AA; 16.7% K,0.8439485251449872,0.970321565849976,1,0.8397206079977748,1,1.22,100,100 air · 80°F · cross LF 10 · 56° dew · switch,5,223,.408,1,42,10,6,87.8,35.6,0.109,43
140,694671,Wyatt Langford,TEX,MIL,False,3,LF,R,projected,preview,Shane Drohan,L,0.77,61% hard · 34% break,0.07906978810438525,0.0792369813503806,0.08125046813884873,3,0.69588576,fair,Weather not posted; Projected order,116 air; #3,1.0930835132362422,0.9254618988503549,1.16,0.8940851850677758,1,0.8,116,116 air · 63° dew · RHB,15,357,.461,1,46,10,7,89.3,39.3,0.155,42.6
141,681393,Connor Norby,COL,ATL,False,5,2B,R,official,preview,Martín Pérez,L,0.94,62% hard · 8% break,0.07847213953642714,0.07851050639896073,0.08047932116909676,2.659259259259258,0.97,stable,,Sinker 35%; trending +3.2 brl; 17.9% K; 110 air,0.933388369323466,1.057174252224247,1.1,0.7727146754279683,1,1.19377,110,110 air · 86°F · cross RF 6 · 72° dew · RHB,6,291,.360,2,38,10,7.3,87.4,37.8,0.139,39.6
142,678882,Ceddanne Rafaela,BOS,NYY,False,2,CF,R,official,live,Carlos Rodón,L,0.78,59% hard · 26% break,0.07779351143955748,0.0778141919141776,0.07990276833075283,3,0.97,stable,,56% ideal AA; 118 air; Platoon; #2,0.8659022363120403,0.8921313821270422,1.18,1.1121955881296257,1,0.8034,118,118 air · 76°F · in CF 5 · 55° dew · RHB,16,546,.454,0,43,10,5.5,86.4,32.3,0.112,34.3
143,679845,Nick Loftin,KC,CLE,False,5,3B,R,official,preview,Foster Griffin,L,1.39,59% hard · 24% break,0.07765959519659342,0.07767678554955204,0.07976142994710034,3,0.97,stable,,16.7% vs LHP last 10; 72.7% ideal AA,0.777491020242862,1.018780263560826,0.94,1.0289489139141814,1,1.0600416666666665,94,94 air · 83°F · in CF 6 · 56° dew · RHB,6,345,.380,1,40,10,4,87.1,28.2,0.106,44.8
144,605141,Mookie Betts,LAD,DET,False,3,SS,R,official,live,Keider Montero,R,0.92,53% hard · 33% break,0.07762553401917648,0.07764183667060998,0.07972548315379935,3,0.97,stable,,57.1% ideal AA; 39.8% sweet; 16.7% K; #3,1.0747989289727826,0.9244788313206531,1.02,0.9434258709602534,1,0.8487200000000001,102,102 air · 80°F · cross LF 10 · 56° dew · RHB,16,415,.404,1,43,10,7.2,90,37.4,0.15,37.4
145,686765,Nick Sogard,BOS,NYY,False,1,SS,S,projected,preview,Max Fried,L,0.21,63% hard · 25% break,0.0774549622526842,0.0774917131720998,0.07954548189997712,3,0.69588576,fair,Weather not posted; Projected order,trending +7.7 brl; 21.7% pull air; 69.6% ideal AA; 13.0% barrels last 10,0.7442608930415586,0.7493206199575415,1.21,0.9825744712028697,1,1.22,121,121 air · 55° dew · switch,2,170,.376,2,44,10,5.3,85.6,26.5,0.103,45.1
146,553993,Eugenio Suárez,CIN,CHC,False,6,3B,R,official,live,Kevin Gausman,R,1.08,51% hard · 9% break,0.07658516818272813,0.07657435684663261,0.07832823026171179,2.3272727272727245,0.97,stable,,4S-FB 51%; 112 air,1.2317818373354938,1.084095100232011,1.12,0.9922270868468102,1,0.8,112,112 air · 79°F · out CF 10 · 64° dew · RHB,19,415,.405,1,40,10,10.6,88.4,34.7,0.145,49.1
147,686611,Dylan Crews,WSH,MIA,True,5,CF,R,official,preview,Sandy Alcantara,R,0.88,61% hard · 19% break,0.07645400355120985,0.07643977380587919,0.07848963543230392,3,0.97,stable,,72% ideal AA; 17.0% blast; 8.7% solid; 18.1% K,1.1020349580525641,0.9568956808357454,1.11,0.7960142337384593,1,0.8487200000000001,111,111 air · 84°F · cross LF 6 · 62° dew · RHB,10,344,.367,0,38,10,9.6,90.5,43.5,0.178,33
148,687093,Vaughn Grissom,LAA,PHI,True,4,1B,R,projected,preview,Cristopher Sánchez,L,0.75,43% hard · 38% off,0.0760887299262835,0.07601511939519567,0.07810452195815265,3,0.69588576,fair,Weather not posted; Projected order,13.3% vs LHP last 10; trending +4.2 brl,0.9119128355999471,0.8084469188900333,0.84,1.037090218552242,1,1.22,84,84 air · 67° dew · RHB,9,358,.386,2,43,10,6.9,87.8,37,0.134,40.8
149,607208,Trea Turner,PHI,LAA,False,2,SS,R,projected,preview,Ryan Johnson,R,2.14,57% hard · 20% break,0.0759263489653718,0.07583962163267266,0.07793335386102018,3,0.69588576,fair,Weather not posted; Projected order,Air starter; 16.9% K; #2,0.9052086766493255,1.218222985279089,0.84,1.0387597913110793,1,0.8112,84,84 air · 67° dew · RHB,17,579,.381,0,46,10,6.1,88.4,39.6,0.121,33.5
150,624431,Jose Trevino,CIN,CHC,False,7,C,R,official,live,Kevin Gausman,R,1.08,51% hard · 9% break,0.0753404836338873,0.07528149679501361,0.07681564444163325,2,0.9204192,stable,,4S-FB 51%; 102.8 last game; 72.2% ideal AA; 112 air,0.8123940481857561,1.0778117073051094,1.12,1.2265131083440317,1,1.22,112,112 air · 79°F · out CF 10 · 64° dew · RHB,5,122,.390,,,,3.1,85.8,29.3,0.092,31.3
151,660688,Keibert Ruiz,WSH,MIA,True,6,C,S,official,preview,Sandy Alcantara,R,0.88,61% hard · 19% break,0.07524931323227851,0.07520368687900525,0.07721989681337671,3,0.97,stable,,47.8% pull air; 73.9% ideal AA; 18.1% K; 110 air,0.9152093034016646,0.8674688963775266,1.1,0.8630164702204246,1,1.0213051178838413,110,110 air · 84°F · cross LF 6 · 62° dew · switch,9,306,.453,2,37,10,4.7,88.2,36.9,0.121,59.6
152,665750,Leody Taveras,BAL,ATH,False,6,RF,S,projected,preview,Jack Perkins,R,1.69,50% hard · 32% break,0.0747930125687171,0.07461473664195661,0.07673924574988744,3,0.69588576,fair,Weather not posted; Projected order,Air starter; 117 air,0.7504618858580192,1.0583481692140593,1.17,0.839971237304606,1,0.973376290414067,117,117 air · 51° dew · switch,8,420,.355,1,40,10,4.3,88.2,33,0.109,34.8
153,650333,Luis Arraez,PHI,LAA,False,4,2B,L,projected,preview,Ryan Johnson,R,2.14,57% hard · 20% break,0.07434455843590046,0.07413005730232447,0.07626701390237223,3,0.69588576,fair,Weather not posted; Projected order,trending +5.9 brl; 60.7% ideal AA; 40.2% sweet; Air starter,0.6097137798735521,1.2108362384513565,0.84,0.9934650310658804,1,1.22,84,84 air · 67° dew · LHB,6,557,.437,1,37,10,1.2,86.6,19.5,0.091,30.3
154,683357,Owen Caissie,MIA,WSH,False,8,RF,L,official,preview,Cade Cavalli,R,1.03,52% hard · 40% break,0.07429719298831271,0.07422675250185995,0.07573098864874162,2,0.97,stable,,4S-FB 33%; 107.2 last game; 75% ideal AA; 45.1% sweet,1.4054354398748532,1.0249529837202056,1.08,1.0452755966979437,1,0.8816800000000001,108,108 air · 84°F · cross LF 6 · 62° dew · LHB,13,302,.422,,,,14.2,91.2,45.7,0.194,32.7
155,656537,Derek Hill,PHI,LAA,False,9,CF,R,projected,preview,Ryan Johnson,R,2.14,57% hard · 20% break,0.07412527493546066,0.07386906856158448,0.07555231293283593,2,0.656496,fair,Weather not posted; Projected order,Air starter; 16.9% K; Platoon,1.1581853955631103,1.3392124052069905,0.84,1.091751037295862,1,1,84,84 air · 67° dew · RHB,9,186,.424,,,,10.1,89,34.5,0.149,37.3
156,608070,José Ramírez,CLE,KC,True,3,3B,S,official,preview,Daniel Lynch IV,L,0.62,46% hard · 30% break,0.07387070591667796,0.07373057851168896,0.07576820270231677,3,0.873,stable,Starter outing length thin,102.1 last game; 20–30° last 5; 25% pull air; 62.5% ideal AA,0.8812104645633404,0.857459317184349,0.93,1.1438153914903202,1,0.9268022400000002,93,93 air · 83°F · in CF 6 · 56° dew · switch,10,438,.381,0,45,10,4.7,89.4,41.9,0.138,50.5
157,681508,Mickey Gasper,BOS,NYY,False,7,DH,S,projected,preview,Max Fried,L,0.21,63% hard · 25% break,0.07327853371136793,0.07295956062706033,0.07467253041085797,2,0.67252695552,fair,Weather not posted; Projected order,Sinker 22%; trending +16 brl; 68.8% ideal AA; 25% barrels last 10,1.0792549582089679,0.9018675460474077,1.21,0.97,1,1.22,121,121 air · 55° dew · switch,5,154,.466,,,,9,88.8,37.8,0.183,42.3
158,694203,Denzer Guzman,LAA,PHI,True,8,3B,R,projected,preview,Cristopher Sánchez,L,0.75,43% hard · 38% off,0.07299045864058251,0.07266657609752736,0.07460123398079947,2.387878787878787,0.69588576,fair,Weather not posted; Projected order,20% vs LHP last 10; trending +5.7 brl; 106.8 last game; 29.4% pull air,0.864710140226763,0.8307713491163976,0.84,1.42,1,1.22,84,84 air · 67° dew · RHB,6,219,.348,,,,6.1,86.8,33.3,0.103,43.5
159,694376,Shay Whitcomb,SF,AZ,True,6,3B,R,projected,preview,Mitch Bratt,L,1.13,53% hard · 37% break,0.0728618975702431,0.072236595539659,0.07423978395049713,2,0.38182175539200003,thin,Short season sample; Weather not posted; Projected order,11.1% vs hard; 100.1 last game; 20–30° last 5; 15.4% barrels last 10,1.4349321633099472,1.1048401381424107,0.78,1.08,1,1.0266559333333336,78,78 air · 56° dew · RHB,3,43,.366,,,,16,85.3,40,0.234,32
160,671732,Lawrence Butler,ATH,BAL,True,4,RF,L,projected,preview,Shane Baz,R,0.65,58% hard · 33% break,0.07255139077298853,0.07219204122640788,0.07438029253800182,3,0.69588576,fair,Weather not posted; Projected order,4S-FB 35%; 117 air,0.959333493263191,0.9694811001541306,1.17,0.8149742780249141,1,0.8112,117,117 air · 51° dew · LHB,12,423,.371,1,43,10,7.6,89.3,45.2,0.14,34.5
161,680664,Eduardo Valencia,DET,LAD,True,5,C,R,official,live,Blake Snell,L,0,50% hard · 32% break,0.07196727555886026,0.07120479325289564,0.07318303575019369,2,0.38016000000000005,thin,Short season sample; Starter sample thin,4S-FB 50%; 55.6% ideal AA; 44% sweet; 20% barrels,1.633815477369133,0.9243637755186118,1.02,1.0515,1,0.8240000000000001,102,102 air · 80°F · cross LF 10 · 56° dew · RHB,6,75,.671,,,,20,89.6,48,0.256,36
162,808982,Jung Hoo Lee,SF,AZ,True,5,RF,L,projected,preview,Merrill Kelly,R,1.74,51% hard · 22% break,0.07188612725545473,0.07147574111111743,0.07368093918729368,3,0.6983999999999999,fair,Projected order,Air starter; 14.9% K,0.6798240507009344,1.1476037669390082,0.79,0.9525157536965612,1,1.20536,79,79 air · 63°F · out CF 13 · 56° dew · LHB,9,497,.422,0,38,10,2.6,87.2,30.1,0.093,36.8
163,807712,Luke Keaschall,MIN,CWS,True,1,RF,R,official,live,Erick Fedde,R,1.67,51% hard · 37% break,0.07146942768998582,0.07132529005744492,0.07324305705889822,3,0.97,stable,,trending +6.7 brl; 101.4 last game; 16.4% K; #1,0.7117667815725326,1.0712764033587516,0.94,0.8064257310698808,1,1.22,94,94 air · 75°F · cross LF 11 · 69° dew · RHB,8,504,.381,1,47,10,3.6,85.4,29.4,0.116,38.7
164,572233,Christian Walker,HOU,NYM,False,6,1B,R,official,preview,Nolan McLean,R,0.91,63% hard · 31% break,0.07135235591537883,0.07120516716127523,0.07297701853241459,2.5874999999999986,0.97,stable,,5× 100+ last 3; 16.3% blast,1.1910744284989248,0.8534727508280083,1.02,1.0542187495632849,1,0.81408,102,102 air · 80°F · out CF 5 · 53° dew · RHB,24,534,.438,1,41,10,9,89.3,41.3,0.157,42.1
165,805805,Walker Jenkins,MIN,CWS,True,9,CF,L,official,live,Erick Fedde,R,1.67,51% hard · 37% break,0.07115215367582155,0.07043734981799787,0.07262151758319281,2.2666666666666657,0.5060000000000001,thin,Short season sample,102.3 last game; 100% sweet; 50% barrels; 100 EV,0.9722222222222223,1.1808287155305264,0.87,1.08,1,1,87,87 air · 75°F · cross LF 11 · 69° dew · LHB,0,4,.333,,,,50,100,100,0.389,50
166,668800,Andrew Knizner,SF,AZ,True,4,C,R,projected,preview,Mitch Bratt,L,1.13,53% hard · 37% break,0.07104103659189807,0.07005923807134906,0.0723496547266651,2,0.325255569408,thin,Short season sample; Weather not posted; Projected order,4S-FB 45%; 25% pull air; 66.7% ideal AA; 15.9% K,1.061667087655077,1.1429076508607487,0.78,1.129220497640727,1,1.22,78,78 air · 56° dew · RHB,1,23,.400,,,,6.3,88,25,0.131,31.3
167,666182,Bo Bichette,NYM,HOU,True,3,3B,R,official,preview,Bennett Sousa,L,0.96,27% hard · 73% break,0.0702133155135466,0.06961070876379827,0.0719238836569952,3,0.6580480000000001,fair,Starter sample thin,Air starter; #3,0.8849449451553866,1.0551015579401717,1.02,0.8771582623296765,1,0.8108390022675737,102,102 air · 80°F · out CF 5 · 53° dew · RHB,14,572,.390,2,40,10,6.3,89.6,41.7,0.135,25.9
168,665489,Vladimir Guerrero Jr.,TOR,SEA,True,3,1B,R,official,preview,Kade Anderson,L,3.18,33% hard · 44% break,0.06995750918681702,0.06917449755021399,0.07165538059508525,3,0.555228,fair,No established starter; Starter outing length thin,16.7% vs LHP last 10; 105.1 last game; 76.2 bat; #3,0.779694531097459,1,0.98,1.0676200591900562,1,0.82176,98,98 air · 68°F · roof closed · RHB,7,511,.352,0,41,10,6.6,90,43,0.117,35.9
169,682657,Angel Martínez,CLE,KC,True,5,LF,S,official,preview,Daniel Lynch IV,L,0.62,46% hard · 30% break,0.06974095508114686,0.06941590058000591,0.07142811648475955,3,0.873,stable,Starter outing length thin,102.5 last game; 61.9% ideal AA; 18.3% K,1.0222399494839736,0.8791346328038581,0.93,0.9324046379358946,1,0.8652000000000001,93,93 air · 83°F · in CF 6 · 56° dew · switch,12,337,.420,,,,7.3,87.5,35.6,0.147,45.6
170,686217,Sal Frelick,MIL,TEX,True,8,RF,L,projected,preview,Cal Quantrill,R,0.97,70% hard · 7% break,0.06972786625629043,0.0691404381793066,0.07141438146299428,3,0.69588576,fair,Weather not posted; Projected order,9.8% vs hard; trending +7.7 brl; 102 last game; 17.3% K,0.6078957310527402,1.0585937157833487,1.16,0.7355,1,1.22,116,116 air · 63° dew · LHB,4,327,.340,,,,2.3,86,28.3,0.08,39
171,672386,Alejandro Kirk,TOR,SEA,True,2,C,R,official,preview,Kade Anderson,L,3.18,33% hard · 44% break,0.06965567385115515,0.06883910298296336,0.07133862722471229,3,0.555228,fair,No established starter; Starter outing length thin,103.4 last game; chase vs expand; #2,0.8462521801749796,1,0.98,0.740693857750996,1,1.082580882352941,98,98 air · 68°F · roof closed · RHB,7,230,.408,2,43,10,3.4,88.2,39.7,0.109,24
172,518692,Freddie Freeman,LAD,DET,False,2,1B,L,official,live,Keider Montero,R,0.92,53% hard · 33% break,0.0696159775743853,0.06942353537285584,0.07129697408056912,3,0.97,stable,,103.2 last game; 4× 100+ last 3; 39.3% sweet; 8.5% solid,1.0270586123493093,0.8996090232191978,0.96,0.9249764284839439,1,0.82194,96,96 air · 80°F · cross LF 10 · 56° dew · LHB,15,566,.457,0,44,10,8.3,89.7,42.2,0.184,32.7
173,571448,Nolan Arenado,AZ,SF,False,5,3B,R,projected,preview,Matt Wilkinson,L,1.59,66% hard · 12% break,0.06943778722987948,0.06840611576539535,0.05348349250343176,2,0.39976416000000004,thin,No established starter; Starter outing length thin; Projected order,4S-FB 63%; 39.1% pull air; 78.3% ideal AA; 8% K,1.0327590419065027,1,0.83,0.995255039302092,1,0.85696,83,83 air · 63°F · out CF 13 · 56° dew · RHB,21,492,.436,3,41,10,6.5,85.1,31.7,0.124,48.7
174,665862,Jazz Chisholm Jr.,NYY,BOS,True,7,2B,L,projected,preview,,,,,0.0690661435473903,0.06793434825782518,0.0703017267431576,2,0.4175314559999999,thin,No established starter; Weather not posted; Projected order,30.4% pull air; 73.9% ideal AA; 124 air; pull × porch,1.132521588001043,1,1.24,1,1,0.8826688,124,124 air · 55° dew · pull × porch · LHB,18,488,.401,1,37,10,9,90.8,42.4,0.156,52.4
175,678882,Ceddanne Rafaela,BOS,NYY,False,2,CF,R,projected,preview,Max Fried,L,0.21,63% hard · 25% break,0.06905006861995483,0.06840788943743181,0.07070329688009813,3,0.69588576,fair,Weather not posted; Projected order,56% ideal AA; 120 air; Platoon; #2,0.8659022363120403,0.7088491844676298,1.2,1.1121955881296257,1,0.8034,120,120 air · 55° dew · RHB,16,546,.454,0,43,10,5.5,86.4,32.3,0.112,34.3
176,672640,Otto Lopez,MIA,WSH,False,5,SS,R,official,preview,Cade Cavalli,R,1.03,52% hard · 40% break,0.0684872196225469,0.06826535976046266,0.0698968536994682,2.376470588235293,0.97,stable,,trending +4.0 brl; 104.4 last game; 5× 100+ last 3; 18.6% blast,0.8228251660507703,0.9108550072158587,1.11,0.9469439000293719,1,1.206336,111,111 air · 84°F · cross LF 6 · 62° dew · RHB,9,569,.443,0,44,10,6.3,89.2,41.3,0.14,31.7
177,650402,Gleyber Torres,DET,LAD,True,1,2B,R,official,live,Blake Snell,L,0,50% hard · 32% break,0.06834678948735348,0.06757844920686418,0.06979490935111887,3,0.6580480000000001,fair,Starter sample thin,12.5% vs LHP last 10; 105.1 last game; 65.2% ideal AA; #1,0.8560673660394518,0.759132795160675,1.02,1.0566000041834318,1,0.9169472000000002,102,102 air · 80°F · cross LF 10 · 56° dew · RHB,8,339,.388,0,40,10,6.6,86.3,32.6,0.125,24.7
178,806367,Turner Hill,SF,AZ,True,7,LF,L,projected,preview,Merrill Kelly,R,1.74,51% hard · 22% break,0.06834558637088498,0.06704681812200353,0.06967978539079896,2.2266666666666666,0.3861792000000001,thin,Short season sample; Projected order,12.5% vs RHP last 10; 14.6% vs FF; 100.1 last game; 26.3% pull air,0.8,1.2809064421234415,0.78,1.0491971330157122,1,1.22,78,78 air · 63°F · out CF 13 · 56° dew · spray vs wall · LHB,0,35,.429,,,,8,89.1,40,0.165,56
179,702616,Jackson Holliday,BAL,ATH,False,3,2B,L,projected,preview,Jack Perkins,R,1.69,50% hard · 32% break,0.06787498496132707,0.06713788492638162,0.06947132177483906,3,0.69588576,fair,Weather not posted; Projected order,Air starter; 117 air; #3,0.8515088427302824,1.0409309095521153,1.17,0.7888339810509244,1,0.78,117,117 air · 51° dew · LHB,6,295,.352,0,45,10,6.2,87.1,34,0.119,33.5
180,663586,Austin Riley,ATL,COL,True,8,3B,R,official,preview,Zach Agnos,R,1.07,61% hard · 28% break,0.06773180315508565,0.06749025564855904,0.06330997609390954,2,0.873,stable,Starter outing length thin,4S-FB 25%; 104.4 last game; 35.7% pull air; 16.3% blast,1.1757835740552267,1.0687829546097531,1.1,0.8753727890069649,1,0.8736000000000002,110,110 air · 86°F · cross RF 6 · 72° dew · RHB,15,531,.361,0,39,10,11.9,91.4,45.5,0.18,39
181,668670,Jake Rogers,CWS,MIN,False,9,C,R,official,live,Bailey Ober,R,1.5,35% hard · 34% off,0.0677208503909275,0.06739829453833035,0.0689079259558103,2,0.9244800000000001,stable,,4S-FB 33%; trending +22.7 brl; 33.3% pull air; 77.8% ideal AA,1.0645188927234446,1.2699584276017208,0.94,0.789200336591029,1,1.22,94,94 air · 75°F · cross LF 11 · 69° dew · RHB,4,148,.323,,,,10.6,88.5,38.8,0.142,44.7
182,642086,Dominic Smith,ATL,COL,True,9,DH,L,official,preview,Zach Agnos,R,1.07,61% hard · 28% break,0.06744298613383627,0.06719391148556975,0.06338551728478503,2,0.873,stable,Starter outing length thin,15.2% K; 116 air,0.9134501734212801,0.9442215412329868,1.16,1.058718109824404,1,1,116,116 air · 86°F · cross RF 6 · 72° dew · LHB,8,286,.385,,,,5.6,87.7,32.6,0.134,36.2
183,571448,Nolan Arenado,AZ,SF,False,5,3B,R,projected,preview,,,,,0.06726614565281043,0.06587757370608227,0.06877660250753423,2.8000000000000007,0.4175314559999999,thin,No established starter; Weather not posted; Projected order,39.1% pull air; 78.3% ideal AA,1.0327590419065027,1,0.78,1,1,0.85696,78,78 air · 56° dew · RHB,21,492,.436,3,41,10,6.5,85.1,31.7,0.124,48.7
184,807713,Matt Shaw,CHC,CIN,True,6,RF,R,official,live,Andrew Abbott,L,1.11,47% hard · 33% break,0.0668575669799114,0.06650500222257572,0.06813783389106226,2.2363636363636346,0.9244800000000001,stable,,18.1% K; 112 air,0.8751929469521099,1.0098928489163144,1.12,1.0128165796299258,1,1,112,112 air · 79°F · out CF 10 · 64° dew · RHB,4,148,.427,,,,4.7,86.7,35.8,0.118,31.1
185,694374,Tim Tawa,AZ,SF,False,6,1B,R,projected,preview,Matt Wilkinson,L,1.59,66% hard · 12% break,0.0666520896065453,0.06524038060092896,0.05640812935475381,2,0.39976416000000004,thin,No established starter; Starter outing length thin; Projected order,trending +13.8 brl; 101.9 last game; 68% ideal AA; 24% barrels last 10,1.145480981505478,1,0.83,0.7,1,1.22,83,83 air · 63°F · out CF 13 · 56° dew · RHB,9,257,.408,2,41,10,10.2,90.9,45.5,0.168,38.2
186,699393,Pedro Ramírez,CHC,CIN,True,8,2B,S,official,live,Andrew Abbott,L,1.11,47% hard · 33% break,0.0666081450855269,0.06633731283144562,0.06775585919949223,2,0.97,stable,,4S-FB 45%; tank last game; trending +7.0 brl; 23.1% pull air,0.8125855330593972,1.0484068431071027,1.15,0.997357792379947,1,1.22,115,115 air · 79°F · out CF 10 · 64° dew · switch,4,182,.442,2,42,10,4.5,89,41.8,0.106,39.6
187,605170,Victor Caratini,MIN,CWS,True,8,C,S,official,live,Erick Fedde,R,1.67,51% hard · 37% break,0.06634910498456044,0.06607152163406571,0.0678731108168501,3,0.97,stable,,101.7 last game; 38.3% sweet; 16.4% K,0.9009067795750473,1.043703210991191,0.91,0.8646131679059048,1,0.84,91,91 air · 75°F · cross LF 11 · 69° dew · switch,7,341,.324,0,37,10,6.5,89.5,39.6,0.143,37
188,689414,Liam Hicks,TB,SD,True,4,C,L,official,preview,Walker Buehler,R,1.07,63% hard · 27% break,0.0662281592377942,0.0659474238023745,0.06741070577299407,2.0874999999999986,0.97,stable,,20% pull air; 55% ideal AA; Platoon,0.8508508663336052,0.9640819180396897,1.01,1.0913440703346735,1,1.22,101,101 air · 72°F · roof closed · LHB,17,480,.444,,,,4,84.9,28,0.1,44
189,571912,Luke Maile,KC,CLE,False,9,C,R,official,preview,Foster Griffin,L,1.39,59% hard · 24% break,0.06611841136726457,0.06478831459270162,0.06724901900660218,2,0.5060000000000001,thin,Short season sample,Platoon,1.0179513840457501,1.109668509146134,0.94,1.08,1,1,94,94 air · 83°F · in CF 6 · 56° dew · RHB,1,30,.310,,,,5.6,82.3,16.7,0.059,38.9
190,664761,Alec Bohm,PHI,LAA,False,5,1B,R,projected,preview,Ryan Johnson,R,2.14,57% hard · 20% break,0.0654731201195379,0.0645420023595461,0.06688087328202819,2.7263157894736842,0.69588576,fair,Weather not posted; Projected order,Air starter; 16.9% K,0.9213563024502276,1.1812907734535047,0.84,0.889635365034668,1,0.8561904761904762,84,84 air · 67° dew · RHB,14,525,.384,1,42,10,5.7,90.4,42.4,0.146,28.9
191,683090,Matthew Lugo,KC,CLE,False,8,LF,R,official,preview,Foster Griffin,L,1.39,59% hard · 24% break,0.06524824371090406,0.0638117831293532,0.06634878399531852,2,0.5060000000000001,thin,Short season sample,78 bat; Platoon,0.9929078014184398,1.109668509146134,0.94,1.08,1,1,94,94 air · 83°F · in CF 6 · 56° dew · RHB,0,1,1.000,,,,0,69.2,0,0.001,0
192,701675,Nathan Church,STL,PIT,True,5,CF,L,official,preview,Lake Bachar,R,1.48,34% hard · 58% break,0.06499447762136053,0.06468159000755236,0.06645572881970829,3,0.97,stable,,Air starter,0.868773083353348,1.046120291544022,0.86,0.9069590725617014,1,0.8464285714285714,86,86 air · 84°F · in RF 7 · 65° dew · LHB,10,375,.372,,,,6.4,85.7,29.8,0.122,33.7
193,608348,Carson Kelly,CHC,CIN,True,9,C,R,official,live,Andrew Abbott,L,1.11,47% hard · 33% break,0.06485913891766827,0.0645427241100639,0.06594636984148572,2,0.97,stable,,31.6% pull air; 68.4% ideal AA; 18.1% K; 112 air,0.839639276295831,0.9325803517956044,1.12,1.19610365534444,1,1.0864269752066116,112,112 air · 79°F · out CF 10 · 64° dew · RHB,8,354,.371,1,38,10,5.5,87.2,36.7,0.136,39.8
194,694374,Tim Tawa,AZ,SF,False,6,1B,R,projected,preview,,,,,0.06458592327912129,0.06281500725096845,0.06566385886953063,2,0.4175314559999999,thin,No established starter; Weather not posted; Projected order,trending +13.8 brl; 101.9 last game; 68% ideal AA; 24% barrels last 10,1.145480981505478,1,0.78,1,1,1.22,78,78 air · 56° dew · RHB,9,257,.408,2,41,10,10.2,90.9,45.5,0.168,38.2
195,656775,Cedric Mullins,TB,SD,True,8,CF,L,official,preview,Walker Buehler,R,1.07,63% hard · 27% break,0.06417971095434662,0.06384558891272996,0.06524390266302205,2,0.97,stable,,trending +5.8 brl; 85% ideal AA,0.8833738065762762,0.9945553789981582,1.01,1.0341328049479064,1,1.22,101,101 air · 72°F · roof closed · LHB,14,442,.356,,,,4.2,87.8,31.8,0.123,45
196,676609,José Caballero,NYY,BOS,True,7,3B,R,official,live,Jake Bennett,L,0.7,63% hard · 10% break,0.06407604878606202,0.0637392251036959,0.06494905555120956,2,0.97,stable,,4S-FB 35%; 63.6% ideal AA; 118 air,0.8123376750182898,1.0083359882091463,1.18,1.046596218396822,1,1.0983875338753388,118,118 air · 76°F · in CF 5 · 55° dew · RHB,12,392,.369,,,,4.1,83.9,25.8,0.108,42.9
197,676609,José Caballero,NYY,BOS,True,8,3B,R,projected,preview,,,,,0.0640164645747054,0.06216431306124859,0.06504710008959824,2,0.4175314559999999,thin,No established starter; Weather not posted; Projected order,63.6% ideal AA; 120 air,0.8123376750182898,1,1.2,1,1,1.0983875338753388,120,120 air · 55° dew · RHB,12,392,.369,,,,4.1,83.9,25.8,0.108,42.9
198,573262,Mike Yastrzemski,ATL,COL,True,7,LF,L,official,preview,Zach Agnos,R,1.07,61% hard · 28% break,0.06399194786596993,0.06365293234759895,0.05984424363180607,2,0.873,stable,Starter outing length thin,4S-FB 25%; 104.2 last game; 20% pull air; 70% ideal AA,1.0059718559395103,1.070501145105003,1.16,0.8543507255292817,1,0.8998080000000002,116,116 air · 86°F · cross RF 6 · 72° dew · LHB,9,337,.380,,,,6.9,90.8,44,0.133,47.7
199,669224,Austin Wells,NYY,BOS,True,9,C,L,projected,preview,,,,,0.06376898606119252,0.061881530781208616,0.06481937386836423,2,0.4175314559999999,thin,No established starter; Weather not posted; Projected order,105.4 last game; 30.8% pull air; 8.4% solid; 124 air,0.9635057416835886,1,1.24,1,1,0.8902400000000001,124,124 air · 55° dew · pull × porch · LHB,8,314,.291,,,,6.3,89.1,42.6,0.142,49.5
200,683146,Brett Baty,NYM,HOU,True,8,LF,L,official,preview,Bennett Sousa,L,0.96,27% hard · 73% break,0.06297866435662441,0.06173367477208569,0.0640027524364859,2,0.6580480000000001,fair,Starter sample thin,Slider 73%; trending +5.3 brl; 64.3% ideal AA; 14.3% barrels last 10,0.9933900912892274,1.190331537098995,1.02,0.72,1,1.22,102,102 air · 80°F · out CF 5 · 53° dew · LHB,8,409,.334,,,,9,90,41.4,0.147,36.7
201,670623,Isaac Paredes,HOU,NYM,False,3,3B,R,official,preview,Nolan McLean,R,0.91,63% hard · 31% break,0.06293646256767448,0.06256993901875074,0.06430499136810308,3,0.97,stable,,18.5% pull air; 38.3% sweet; #3,0.8943859808848682,0.847176649706002,1.02,0.9060842317428008,1,0.8112,102,102 air · 80°F · out CF 5 · 53° dew · RHB,17,544,.424,1,43,10,5,85.9,28.1,0.122,49.9
202,703607,Henry Bolte,ATH,BAL,True,1,CF,R,projected,preview,Shane Baz,R,0.65,58% hard · 33% break,0.06285745870695943,0.06171505317259729,0.06422249083583365,3,0.69588576,fair,Weather not posted; Projected order,4S-FB 35%; 76.9 bat; 117 air; #1,0.8175193792538514,0.9614066448722295,1.17,0.747238451576727,1,0.8081632653061224,117,117 air · 51° dew · RHB,6,350,.369,0,46,10,7,91,47.9,0.114,31.3
203,676724,Jared Young,NYM,HOU,True,5,1B,L,official,preview,Bennett Sousa,L,0.96,27% hard · 73% break,0.06284586928209093,0.06158908848957623,0.06416097726704423,2.8000000000000007,0.6580480000000001,fair,Starter sample thin,69.2% ideal AA; Air starter,0.9935012349146874,1.0262563261076347,1.02,0.7,1,0.8487200000000001,102,102 air · 80°F · out CF 5 · 53° dew · LHB,8,279,.435,,,,7.4,90,45.3,0.155,39.4
204,665877,José Fermín,STL,PIT,True,6,2B,R,official,preview,Lake Bachar,R,1.48,34% hard · 58% break,0.0628311996294133,0.06246193272051437,0.06419507057127138,3,0.97,stable,,trending +4.5 brl; 25% pull air; Air starter,0.7452769585327741,1.0113482138407561,0.88,0.7,1,1.22,88,88 air · 84°F · in RF 7 · 65° dew · RHB,6,300,.363,1,37,10,2.6,86.3,32.2,0.094,50.2
205,691783,Jordan Lawlar,AZ,SF,False,9,CF,R,projected,preview,Matt Wilkinson,L,1.59,66% hard · 12% break,0.062002386334060224,0.0594383914918738,0.07552070933022215,2,0.3,thin,Short season sample; No established starter; Starter outing length thin; Projected order,25% vs LHP last 10; trending +6.1 brl; 68.8% ideal AA; 12.5% barrels last 10,0.983287912077986,1,0.83,1.42,1,1.22,83,83 air · 63°F · out CF 13 · 56° dew · RHB,3,74,.439,,,,6.4,87.1,23.4,0.124,42.6
206,657757,Gavin Sheets,SD,TB,False,7,DH,L,official,preview,Nick Martinez,R,1.04,64% hard · 9% break,0.06180353296750026,0.06140748303663068,0.06278915238170346,2,0.97,stable,,14.7% K,1.0210612592478594,0.9860547520198228,1.01,1.0328449638930803,1,1,101,101 air · 72°F · roof closed · LHB,16,408,.389,,,,7,87.4,38.9,0.149,38.9
207,543510,James McCann,AZ,SF,False,7,C,R,projected,preview,Matt Wilkinson,L,1.59,66% hard · 12% break,0.061601128641793415,0.05929070499119671,0.053687275482873886,2,0.347680512,thin,No established starter; Starter outing length thin; Projected order,tank last game; trending +4.2 brl; 4× 100+ last 3; 12.5% barrels last 10,1.0008066001919855,1,0.83,0.7355,1,1.19377,83,83 air · 63°F · out CF 13 · 56° dew · RHB,4,134,.440,,,,8.3,89.6,41.7,0.154,28.1
208,643289,Mauricio Dubón,ATL,COL,True,4,SS,R,official,preview,Zach Agnos,R,1.07,61% hard · 28% break,0.06156212114142407,0.06115977954178542,0.058213748676889554,3,0.873,stable,Starter outing length thin,104.3 last game; 15.2% K; 110 air,0.7240319237714337,0.9442215412329868,1.1,0.7378285863249585,1,0.85792,110,110 air · 86°F · cross RF 6 · 72° dew · RHB,10,516,.391,0,37,10,3.8,86.6,29.9,0.109,30.8
209,663656,Kyle Tucker,LAD,DET,False,6,RF,L,official,live,Keider Montero,R,0.92,53% hard · 33% break,0.06100720509593096,0.060590401288663,0.0622916703694848,3,0.97,stable,,100.5 last game; 60% ideal AA; 16.7% K,0.830981803046153,0.9778049310376546,0.96,0.798287608246866,1,0.8652000000000001,96,96 air · 80°F · cross LF 10 · 56° dew · LHB,11,521,.358,0,37,10,5.6,88.8,37.5,0.124,42.2
210,663538,Nico Hoerner,CHC,CIN,True,5,SS,R,official,live,Andrew Abbott,L,1.11,47% hard · 33% break,0.06094147802201502,0.06052296123744616,0.06222312796655005,3,0.97,stable,,102 last game; 18.1% K; 112 air,0.5905510342490966,0.9325803517956044,1.12,0.7232954762724426,1,1.20536,112,112 air · 79°F · out CF 10 · 64° dew · RHB,7,579,.356,0,42,10,1.3,85.9,28,0.076,30.7
211,691788,Joe Mack,MIA,WSH,False,9,C,L,official,preview,Cade Cavalli,R,1.03,52% hard · 40% break,0.060816772135111885,0.060395005268943036,0.061770676246086564,2,0.97,stable,,4S-FB 33%,1.1484787848398366,0.9795619420737434,1.08,1.0515,1,0.8,108,108 air · 84°F · cross LF 6 · 62° dew · LHB,12,266,.412,,,,8.9,88.3,38.9,0.173,48.9
212,514888,Jose Altuve,HOU,NYM,False,4,2B,R,official,preview,Nolan McLean,R,0.91,63% hard · 31% break,0.06073166093146554,0.060307675899307966,0.06200434504747665,3,0.97,stable,,103.6 last game; 19.2% pull air; 69.2% ideal AA,0.8374140123247815,0.8373355412939564,1.02,0.8307218268760614,1,0.8998080000000002,102,102 air · 80°F · out CF 5 · 53° dew · RHB,14,462,.396,1,40,10,4.6,85.4,32.8,0.104,42.6
213,682626,Francisco Alvarez,NYM,HOU,True,9,C,R,official,preview,Bennett Sousa,L,0.96,27% hard · 73% break,0.060652835749891124,0.059201330005661634,0.06160152264802998,2,0.6580480000000001,fair,Starter sample thin,72.7% ideal AA; 18.3% blast; 15.3% barrels; Air starter,1.3092395071483556,1.0330479190965032,1.02,0.8924918684582405,1,0.8034,102,102 air · 80°F · out CF 5 · 53° dew · RHB,13,348,.397,0,37,10,15.3,90,44.1,0.194,41.6
214,694497,Evan Carter,TEX,MIL,False,6,CF,L,projected,preview,Shane Drohan,L,0.77,61% hard · 34% break,0.060325344366843656,0.05897839981959496,0.06158075853228839,3,0.69588576,fair,Weather not posted; Projected order,20% pull air; 8.7% solid; 116 air,0.8611762717201681,0.8832773419784844,1.16,0.72,1,0.8112,116,116 air · 63° dew · LHB,8,380,.323,,,,5.4,87.8,35.5,0.12,38.4
215,691783,Jordan Lawlar,AZ,SF,False,9,CF,R,projected,preview,,,,,0.06011246612475776,0.057225370169505574,0.06104406045393351,2,0.3,thin,Short season sample; No established starter; Weather not posted; Projected order,trending +6.1 brl; 68.8% ideal AA; 12.5% barrels last 10,0.983287912077986,1,0.78,1,1,1.22,78,78 air · 56° dew · RHB,3,74,.439,,,,6.4,87.1,23.4,0.124,42.6
216,543510,James McCann,AZ,SF,False,7,C,R,projected,preview,,,,,0.05976463107782532,0.05708309775798659,0.060685307721127346,2,0.3631329792,thin,No established starter; Weather not posted; Projected order,tank last game; trending +4.2 brl; 4× 100+ last 3; 12.5% barrels last 10,1.0008066001919855,1,0.78,1,1,1.19377,78,78 air · 56° dew · RHB,4,134,.440,,,,8.3,89.6,41.7,0.154,28.1
217,686765,Nick Sogard,BOS,NYY,False,8,2B,S,official,live,Carlos Rodón,L,0.78,59% hard · 26% break,0.05972952244252118,0.05927941970297679,0.06064910079946717,2,0.97,stable,,trending +7.7 brl; 21.7% pull air; 69.6% ideal AA; 13.0% barrels last 10,0.7442608930415586,0.9416315280163013,1.18,0.9825744712028697,1,1.22,118,118 air · 76°F · in CF 5 · 55° dew · switch,2,170,.376,2,44,10,5.3,85.6,26.5,0.103,45.1
218,680776,Jarren Duran,BOS,NYY,False,8,LF,L,projected,preview,Max Fried,L,0.21,63% hard · 25% break,0.05935532694478265,0.05793002637590894,0.060263241514233234,2,0.69588576,fair,Weather not posted; Projected order,trending +6.0 brl; 4× 100+ last 3; 21.1% pull air; 15.8% barrels last 10,1.0916575826122858,0.7834771013797291,1.22,0.7499019661553084,1,1.22,122,122 air · 55° dew · LHB,18,526,.368,,,,9.8,89.8,40.1,0.149,39.8
219,663662,Daz Cameron,TOR,SEA,True,8,LF,R,official,preview,Kade Anderson,L,3.18,33% hard · 44% break,0.059035918099298076,0.05596477529191812,0.05993393730965768,2,0.3,thin,Short season sample; No established starter; Starter outing length thin,Changeup 22%; 12.5% barrels; xSLG 0.465; Platoon,1.0682205881961577,1,0.98,1.104892293202512,1,0.78,98,98 air · 68°F · roof closed · RHB,1,22,.429,,,,12.5,87.7,31.3,0.202,31.3
220,678391,Jorbit Vivas,WSH,MIA,True,8,2B,L,official,preview,Sandy Alcantara,R,0.88,61% hard · 19% break,0.058869852532972916,0.05839734509847416,0.06006440429815496,3,0.97,stable,,108.7 last game; 18.1% K,0.5987391319680133,0.8503994503780115,1.08,0.7557634515767271,1,1.22,108,108 air · 84°F · cross LF 6 · 62° dew · LHB,3,299,.314,,,,3.2,82.5,21.8,0.075,40
221,806146,George Lombard Jr.,NYY,BOS,True,6,SS,R,projected,preview,,,,,0.058787071465436144,0.055840643039496984,0.05967742008235777,2,0.337503158784,thin,No established starter; Weather not posted; Projected order,39.6% sweet; 120 air,0.9201487946466612,1,1.2,1,1,0.8141120000000001,120,120 air · 55° dew · RHB,2,83,.373,0,37,10,7.7,85.3,34,0.108,32.1
222,645277,Ozzie Albies,ATL,COL,True,6,2B,S,official,preview,Zach Agnos,R,1.07,61% hard · 28% break,0.05876871252869468,0.05829356918601958,0.07215535278228265,2.666666666666668,0.873,stable,Starter outing length thin,100.8 last game; 27.6% pull air; 65.5% ideal AA; 15.2% K,0.9155266411473764,0.9886543351150732,1.14,0.8934045371186177,1,0.8998080000000002,114,114 air · 86°F · cross RF 6 · 72° dew · switch,20,576,.416,0,42,10,4.1,86.9,27.9,0.125,45.3
223,606192,Teoscar Hernández,LAD,DET,False,7,LF,R,official,live,Keider Montero,R,0.92,53% hard · 33% break,0.058718845726630706,0.0582424027566496,0.059752391324016586,2.3857142857142826,0.97,stable,,4S-FB 31%; 26.7% pull air; 73.3% ideal AA; 16.7% K,1.021756547430965,1.048428663885604,1.02,0.7769185944001924,1,0.85696,102,102 air · 80°F · cross LF 10 · 56° dew · RHB,11,384,.388,0,39,10,8.7,89.4,42.4,0.16,34.2
224,668939,Adley Rutschman,BOS,NYY,False,5,C,S,projected,preview,Max Fried,L,0.21,63% hard · 25% break,0.05832428585869118,0.05681569990153401,0.05932394384951679,2.3238095238095227,0.69588576,fair,Weather not posted; Projected order,104.4 last game; 39.5% sweet; 121 air,0.9913576679069305,0.769379070343777,1.21,0.9395052922824323,1,0.8400000000000001,121,121 air · 55° dew · switch,9,336,.399,,,,7,88.8,41.2,0.159,37
225,681198,TJ Rumfield,COL,ATL,False,4,1B,L,official,preview,Martín Pérez,L,0.94,62% hard · 8% break,0.0583008977469162,0.057813562227494564,0.05947208329141562,3,0.97,stable,,100.8 last game; 19.0% pull air; 17.9% K; 116 air,0.8051513815063983,0.8489242522242473,1.16,0.72,1,0.8736000000000002,116,116 air · 86°F · cross RF 6 · 72° dew · LHB,13,531,.440,0,44,10,4.4,84,27.4,0.12,41.6
226,641680,Jonah Heim,ATH,BAL,True,8,C,S,projected,preview,Shane Baz,R,0.65,58% hard · 33% break,0.05822950884940695,0.056713266999458445,0.059102793911441465,2,0.69588576,fair,Weather not posted; Projected order,tank last game; 20–30° last 5; 66.7% ideal AA; 117 air,1.029677935677931,0.8844705615549153,1.17,0.85313114215985,1,1.0142810228571428,117,117 air · 51° dew · switch,12,314,.388,1,37,10,7,87.7,32.2,0.145,40.4
227,702284,Cole Young,SEA,TOR,False,6,2B,L,official,preview,José Soriano,R,0.81,51% hard · 30% break,0.058099660072357714,0.05760707990186509,0.059018233020318535,2.1187499999999986,0.97,stable,,110.6 last game; 21.7% pull air; 56.5% ideal AA,0.9036946633900073,0.8375041905401713,0.98,1.0238379563643876,1,1.1365083351811385,98,98 air · 68°F · roof closed · LHB,16,538,.391,1,41,10,4.7,88.6,38.1,0.13,42.6
228,642201,Eli White,BOS,NYY,False,9,LF,R,official,live,Carlos Rodón,L,0.78,59% hard · 26% break,0.05802117901636827,0.057378918222323216,0.0588881320401633,2,0.92926,stable,,118 air; Platoon,0.8392290451731623,0.8335543849486998,1.18,1.138528198426385,1,1,118,118 air · 76°F · in CF 5 · 55° dew · RHB,5,173,.379,,,,5,85.5,28.7,0.09,36.1
229,703520,Brett Bateman,TOR,SEA,True,1,RF,L,official,preview,Kade Anderson,L,3.18,33% hard · 44% break,0.057979113985578104,0.054913534891703364,0.05913718991410577,3,0.3400056000000001,thin,Short season sample; No established starter; Starter outing length thin,#1,0.6660842460561225,1,0.98,0.9,1,0.78,98,98 air · 68°F · roof closed · LHB,0,79,.397,0,46,10,0,82.6,19,0.051,31
230,678545,Osleivis Basabe,SF,AZ,True,9,2B,R,projected,preview,Merrill Kelly,R,1.74,51% hard · 22% break,0.05746754640735958,0.05553083207381415,0.058317787491845685,2,0.60994944,fair,Projected order,Air starter; 14.9% K; Platoon,0.985575993478309,1.1454898869271433,0.83,1.218752776308703,1,0.78,83,83 air · 63°F · out CF 13 · 56° dew · RHB,3,90,.341,,,,7.2,87.6,34.3,0.13,37.1
231,645305,Ali Sánchez,NYY,BOS,True,9,C,R,official,live,Jake Bennett,L,0.7,63% hard · 10% break,0.05722789813046985,0.05519862626303296,0.057866885083180275,2,0.5940000000000001,fair,Short season sample,4S-FB 35%; 118 air,0.6970275732966553,1.0435142346139679,1.18,1.0210744712028696,1,1,118,118 air · 76°F · in CF 5 · 55° dew · RHB,1,68,.328,,,,2.2,82.9,26.1,0.058,34.8
232,666126,Carlos Cortes,ATH,BAL,True,7,LF,L,projected,preview,Shane Baz,R,0.65,58% hard · 33% break,0.05714495734602615,0.05554110764582709,0.058136362239633615,2.4312499999999986,0.69588576,fair,Weather not posted; Projected order,117 air,0.8994302456175778,0.867112735592886,1.17,0.9078833025452147,1,0.7881990950226244,117,117 air · 51° dew · LHB,8,316,.402,,,,6.5,89.1,36.8,0.132,29.7
233,687462,Spencer Horwitz,PIT,STL,False,1,1B,L,official,preview,Kyle Leahy,R,0.85,39% hard · 46% break,0.05698150004385459,0.05645977841561112,0.058099417209850124,3,0.97,stable,,#1,0.9018460453358624,0.9020413660889995,0.86,0.8533592669143537,1,0.8034,86,86 air · 84°F · in RF 7 · 65° dew · LHB,10,372,.392,0,43,10,6.8,86.8,31.4,0.133,40.9
234,678662,Ezequiel Tovar,COL,ATL,False,9,SS,R,official,preview,Martín Pérez,L,0.94,62% hard · 8% break,0.05627151594028078,0.055731290724687854,0.05708622521768181,2,0.97,stable,,trending +7.7 brl; 21.4% pull air; 78.6% ideal AA; 14.3% barrels last 10,0.8791517174925065,0.9479100273303285,1.1,0.8012110530866172,1,1.22,110,110 air · 86°F · cross RF 6 · 72° dew · RHB,10,441,.337,,,,6.6,87.5,33.9,0.142,37.5
235,668939,Adley Rutschman,BOS,NYY,False,6,C,S,official,live,Carlos Rodón,L,0.78,59% hard · 26% break,0.05617581411452144,0.055633094720420107,0.056987714001294876,2,0.97,stable,,4S-FB 45%; 104.4 last game; 39.5% sweet; 118 air,0.9913576679069305,0.9678014243717771,1.18,0.9395052922824323,1,0.8400000000000001,118,118 air · 76°F · in CF 5 · 55° dew · switch,9,336,.399,,,,7,88.8,41.2,0.159,37
236,672695,Geraldo Perdomo,AZ,SF,False,4,SS,S,projected,preview,Matt Wilkinson,L,1.59,66% hard · 12% break,0.056076956046488255,0.05322253921729325,0.04160250024508039,2.5,0.39976416000000004,thin,No established starter; Starter outing length thin; Projected order,101.2 last game; 8% K,0.6493645184343655,1,0.84,0.7,1,0.798,84,84 air · 63°F · out CF 13 · 56° dew · switch,9,567,.375,0,43,10,2.9,87.4,30.3,0.091,44.4
237,543877,Christian Vázquez,HOU,NYM,False,9,C,R,official,preview,Nolan McLean,R,0.91,63% hard · 31% break,0.05563687213736532,0.05508010685139064,0.056433044258433984,2,0.97,stable,,14.3% vs RHP last 10; Sinker 33%,0.7598379039329066,0.9956962439875424,1.02,1.1390180601704105,1,1,102,102 air · 80°F · out CF 5 · 53° dew · RHB,7,243,.341,,,,2.2,85.9,23,0.078,32.6
238,800050,Chase DeLauter,CLE,KC,True,2,DH,L,official,preview,Daniel Lynch IV,L,0.62,46% hard · 30% break,0.05475249744089395,0.05375627122562421,0.05578332825464993,3,0.873,stable,Starter outing length thin,18.3% blast; 18.3% K; #2,0.9490594286323246,0.8831653421377419,0.94,0.72,1,0.78,94,94 air · 83°F · in CF 6 · 56° dew · LHB,13,472,.449,,,,6.3,91.3,45.5,0.149,37.1
239,671056,Iván Herrera,STL,PIT,True,2,DH,R,official,preview,Lake Bachar,R,1.48,34% hard · 58% break,0.05460156010135777,0.05401781253987048,0.05562662552906905,3,0.97,stable,,105 last game; Air starter; #2,0.8496389440330593,1.0236481382457538,0.88,0.7349945689923596,1,0.7928700000000001,88,88 air · 84°F · in RF 7 · 65° dew · RHB,14,603,.375,0,44,10,5.5,89.2,40.2,0.125,38.1
240,803011,Sam Antonacci,CWS,MIN,False,1,LF,L,official,live,Bailey Ober,R,1.5,35% hard · 34% off,0.05450437308042592,0.05391809263331204,0.055525735061558334,3,0.97,stable,,Air starter; 16.2% K; #1,0.7715996270080164,1.0950029209652248,0.87,0.775557741983238,1,0.78,87,87 air · 75°F · cross LF 11 · 69° dew · LHB,8,456,.393,0,41,10,5.3,87.3,32.5,0.119,33
241,641487,J.P. Crawford,SEA,TOR,False,8,SS,L,official,preview,José Soriano,R,0.81,51% hard · 30% break,0.05443445757387964,0.05384635499064194,0.0551961102197267,2,0.97,stable,,Platoon,0.8922166357593618,0.8836952816056043,0.98,1.0961901298855756,1,1,98,98 air · 68°F · roof closed · LHB,10,374,.339,,,,6.3,87.7,35.6,0.122,36.4
242,806367,Turner Hill,SF,AZ,True,7,LF,L,projected,preview,Mitch Bratt,L,1.13,53% hard · 37% break,0.05414608434965805,0.05038067432150606,0.0548995751886312,2,0.325255569408,thin,Short season sample; Weather not posted; Projected order,4S-FB 45%; 100.1 last game; 26.3% pull air; 73.7% ideal AA,0.8,1.1088317189293737,0.78,0.9,1,1.22,78,78 air · 56° dew · spray vs wall · LHB,0,35,.429,,,,8,89.1,40,0.165,56
243,672695,Geraldo Perdomo,AZ,SF,False,4,SS,S,projected,preview,,,,,0.05413564234064491,0.05087395334332534,0.05514301618725148,3,0.4175314559999999,thin,No established starter; Weather not posted; Projected order,101.2 last game,0.6493645184343655,1,0.78,1,1,0.798,78,78 air · 56° dew · switch,9,567,.375,0,43,10,2.9,87.4,30.3,0.091,44.4
244,806146,George Lombard Jr.,NYY,BOS,True,6,SS,R,official,live,Jake Bennett,L,0.7,63% hard · 10% break,0.053820744693293156,0.05259056954310215,0.05439282353297581,2,0.8311248,stable,,39.6% sweet; 118 air; Platoon,0.9201487946466612,0.8489684425122884,1.18,1.08,1,0.8141120000000001,118,118 air · 76°F · in CF 5 · 55° dew · RHB,2,83,.373,0,37,10,7.7,85.3,34,0.108,32.1
245,664702,Myles Straw,TOR,SEA,True,9,CF,R,official,preview,Kade Anderson,L,3.18,33% hard · 44% break,0.05335740442569849,0.05072872830168795,0.054088804108161304,2,0.555228,fair,No established starter; Starter outing length thin,14.3% vs LHP last 10,0.6672392311652025,1,0.98,1.0137886594258523,1,1.159,98,98 air · 68°F · roof closed · RHB,3,265,.339,,,,3.4,85.8,26,0.101,37
246,666139,Josh Lowe,LAA,PHI,True,7,RF,L,projected,preview,Cristopher Sánchez,L,0.75,43% hard · 38% off,0.052415108953007564,0.05042919178212435,0.05335852644611927,3,0.69588576,fair,Weather not posted; Projected order,,1.0510458235125502,0.8264823257148874,0.84,0.7,1,0.78,84,84 air · 67° dew · LHB,10,279,.358,,,,7.8,88.7,37.4,0.164,35.2
247,678011,Anthony Seigler,BOS,NYY,False,9,2B,S,projected,preview,Max Fried,L,0.21,63% hard · 25% break,0.05212097631968796,0.04990366360295562,0.052818422765547934,2,0.656496,fair,Weather not posted; Projected order,9.7% solid; 121 air,0.8895693312234694,0.7476011024366093,1.21,0.9295374014129423,1,1,121,121 air · 55° dew · switch,3,171,.405,,,,5.6,87,34.7,0.13,34.7
248,679529,Spencer Torkelson,DET,LAD,True,6,1B,R,official,live,Blake Snell,L,0,50% hard · 32% break,0.052120528397244,0.049911417667561686,0.05269913674363891,2,0.6580480000000001,fair,Starter sample thin,20% pull air; 80% ideal AA; 41.4% sweet; 12.4% barrels,1.2586775458624286,0.7748377057943525,1.02,0.874043979263199,1,0.85696,102,102 air · 80°F · cross LF 10 · 56° dew · RHB,20,520,.404,,,,12.4,89.3,41.1,0.18,46.2
249,683227,Cody Freeman,TEX,MIL,False,8,2B,R,projected,preview,Shane Drohan,L,0.77,61% hard · 34% break,0.051912663666642406,0.04838452638323443,0.052837811615152774,3,0.42614035200000006,thin,Short season sample; Weather not posted; Projected order,71.4% ideal AA; 116 air,0.6189656681707087,0.881930611730046,1.16,0.7317235294117648,1,0.8034,116,116 air · 63° dew · RHB,0,57,.306,,,,0,82.6,17.1,0.029,41.5
250,693307,Dillon Dingler,DET,LAD,True,4,DH,R,official,live,Blake Snell,L,0,50% hard · 32% break,0.05189770471890752,0.04966880891555081,0.06255337087833435,2.4363636363636374,0.6580480000000001,fair,Starter sample thin,100.9 last game; 25% pull air; 55% ideal AA; 39.4% sweet,1.333936505833465,0.7695748548065486,1.02,0.804611279370554,1,0.8773128000000001,102,102 air · 80°F · cross LF 10 · 56° dew · RHB,26,525,.477,0,36,10,10,88.4,42.2,0.207,41.7
251,595978,Austin Hedges,CLE,KC,True,8,C,R,official,preview,Daniel Lynch IV,L,0.62,46% hard · 30% break,0.05183844041244588,0.05071172494352538,0.05252824453081817,2,0.873,stable,Starter outing length thin,trending +5.3 brl; 60% ideal AA; 18.3% K,0.7810011307183361,0.9533526858662384,0.94,0.8993063302921245,1,1.22,94,94 air · 83°F · in CF 6 · 56° dew · RHB,5,202,.390,,,,4.7,86.5,32.4,0.093,49.3
252,643446,Jeff McNeil,ATH,BAL,True,2,2B,L,projected,preview,Shane Baz,R,0.65,58% hard · 33% break,0.05141585614793849,0.04934922138103881,0.052323120402915424,3,0.69588576,fair,Weather not posted; Projected order,117 air; #2,0.6271565642168843,0.887445667875516,1.17,0.7380862787199025,1,0.8,117,117 air · 51° dew · LHB,6,413,.360,1,42,10,1.8,86.6,30.5,0.091,41.1
253,595879,Javier Báez,DET,LAD,True,8,LF,R,official,live,Blake Snell,L,0,50% hard · 32% break,0.05135800340753385,0.04899211339490783,0.0518887690625387,2,0.643286016,fair,Starter sample thin,16.7% vs LHP last 10; trending +7.5 brl; 100.5 last game,0.6617025411837477,0.7711659039695661,1.02,1.1502885135644891,1,1.206336,102,102 air · 80°F · cross LF 10 · 56° dew · RHB,2,159,.371,,,,2.5,85.5,33.6,0.072,43.4
254,655316,Andruw Monasterio,BOS,NYY,False,7,SS,R,official,live,Carlos Rodón,L,0.78,59% hard · 26% break,0.050953661395725866,0.050274842392495245,0.05161981266050231,2,0.97,stable,,118 air,0.910350643474691,0.8863569686433957,1.18,0.9939646717710022,1,0.8,118,118 air · 76°F · in CF 5 · 55° dew · RHB,6,310,.406,0,37,10,7.1,87.9,32,0.134,36.4
255,650559,Bryan De La Cruz,PHI,LAA,False,6,LF,R,projected,preview,Ryan Johnson,R,2.14,57% hard · 20% break,0.049870707530851134,0.046055401395475815,0.05050848427683707,2,0.42614035200000006,thin,Short season sample; Weather not posted; Projected order,Air starter; 16.9% K,0.9211820579924765,1.1776951350613123,0.84,0.9,1,0.8,84,84 air · 67° dew · RHB,2,48,.548,,,,5.9,88.7,41.2,0.127,35.3
256,647304,Josh Naylor,SEA,TOR,False,4,1B,L,official,preview,José Soriano,R,0.81,51% hard · 30% break,0.04909612750763913,0.048368897504247,0.049922263571267056,3,0.97,stable,,,0.7614885126984798,0.8589422037099091,0.98,0.7441487322801508,1,0.78,98,98 air · 68°F · roof closed · LHB,10,535,.368,0,43,10,4.5,87.3,36.3,0.115,41.8
257,543760,Marcus Semien,NYM,HOU,True,6,2B,R,official,preview,Bennett Sousa,L,0.96,27% hard · 73% break,0.04856547205443667,0.046040698949085135,0.04916989161478913,2,0.6580480000000001,fair,Starter sample thin,62.5% ideal AA; Air starter,0.9511579289200625,0.9969663737043875,1.02,0.8228170634065225,1,0.8240000000000001,102,102 air · 80°F · out CF 5 · 53° dew · RHB,14,448,.349,0,38,10,6.4,86.5,33.5,0.14,47.5
258,807727,Charles McAdoo,TOR,SEA,True,6,2B,R,official,preview,Kade Anderson,L,3.18,33% hard · 44% break,0.04835436784713956,0.04373757707345782,0.04895347861424848,2,0.3400056000000001,thin,Short season sample; No established starter; Starter outing length thin,100.4 last game,0.8656241339978898,1,0.98,0.8463784447890373,1,0.8400000000000001,98,98 air · 68°F · roof closed · RHB,2,73,.368,0,36,10,6.1,86.9,34.7,0.113,16.3
259,650489,Willi Castro,COL,ATL,False,6,3B,S,official,preview,Martín Pérez,L,0.94,62% hard · 8% break,0.04834137505848203,0.047594474716275426,0.04894015987052014,2,0.97,stable,,26.1% pull air; 56.5% ideal AA; 17.9% K; 114 air,1.055973496897711,0.8489242522242473,1.14,0.7905109602861484,1,0.85696,114,114 air · 86°F · cross RF 6 · 72° dew · switch,15,465,.423,2,41,10,8.2,87.5,39.9,0.157,43.9
260,694197,Angel Genao,CLE,KC,True,7,2B,S,official,preview,Daniel Lynch IV,L,0.62,46% hard · 30% break,0.04828962392572897,0.045007572073389346,0.04896249089038992,2.2857142857142847,0.5411755800000001,fair,Short season sample; Starter outing length thin,18.3% K,0.7698305827347309,0.8924238510155853,0.93,0.97,1,0.8240000000000001,93,93 air · 83°F · in CF 6 · 56° dew · switch,1,73,.373,0,39,10,5.1,91.7,55.9,0.099,35.6
261,665966,Carlos Narváez,BAL,ATH,False,9,C,R,projected,preview,Jack Perkins,R,1.69,50% hard · 32% break,0.04810103741249888,0.04552545253147533,0.04873931031132434,2.1647058823529406,0.656496,fair,Weather not posted; Projected order,38.2% sweet; 8.3% solid; Air starter; 117 air,0.8564262839644275,1.0372976438670538,1.17,0.7,1,0.78,117,117 air · 51° dew · RHB,3,251,.239,,,,6.9,91,38.9,0.118,29.9
262,680757,Steven Kwan,CLE,KC,True,1,CF,L,official,preview,Daniel Lynch IV,L,0.62,46% hard · 30% break,0.04764246789490538,0.04632785997336375,0.04841975436631307,3,0.873,stable,Starter outing length thin,40% sweet; 18.3% K; #1,0.5300631880002628,0.857459317184349,0.94,0.7,1,1.159166666666667,94,94 air · 83°F · in CF 6 · 56° dew · LHB,2,522,.332,0,50,10,0.5,83.8,9.6,0.063,27.6
263,686475,Tyler Tolbert,KC,CLE,False,6,CF,R,official,preview,Foster Griffin,L,1.39,59% hard · 24% break,0.047103733112626445,0.04610700447059324,0.04776115384289787,2.3687499999999986,0.9318672,stable,,,0.759165867692174,1.073800003918912,0.94,0.8395615156214145,1,0.78,94,94 air · 83°F · in CF 6 · 56° dew · RHB,3,127,.427,,,,3.3,85.2,25,0.073,34.8
264,805999,A.J. Ewing,NYM,HOU,True,7,CF,L,official,preview,Bennett Sousa,L,0.96,27% hard · 73% break,0.04614946761378552,0.043410171410113385,0.046694563171223225,2,0.6580480000000001,fair,Starter sample thin,Slider 73%; Air starter,0.859453045776228,1.153680981930915,1.02,0.736340567067256,1,0.8,102,102 air · 80°F · out CF 5 · 53° dew · LHB,7,388,.351,0,42,10,7.3,89.2,41.9,0.139,31.9
265,630105,Jake Cronenworth,SD,TB,False,2,SS,L,official,preview,Nick Martinez,R,1.04,64% hard · 9% break,0.045679124849527394,0.044862841011212184,0.04639285911481039,3,0.97,stable,,14.7% K; #2,0.6434091851596803,0.9269326083473053,1.01,0.7,1,0.78,101,101 air · 72°F · roof closed · LHB,4,321,.304,0,41,10,3.3,87.1,29.9,0.087,30.3
266,676356,Jonny DeLuca,TB,SD,True,6,RF,R,official,preview,Walker Buehler,R,1.07,63% hard · 27% break,0.04559544996185019,0.0447769853907759,0.046127383846992,2,0.97,stable,,23.1% pull air; 65.4% ideal AA,0.8327022524346226,0.9641975761269582,1.01,0.8755168424990174,1,0.8826688,101,101 air · 72°F · roof closed · RHB,8,283,.435,,,,3.7,85.7,30.2,0.107,46
267,592663,J.T. Realmuto,PHI,LAA,False,8,C,R,projected,preview,Ryan Johnson,R,2.14,57% hard · 20% break,0.045539947051276244,0.04299866837616051,0.046070571439466024,2,0.69588576,fair,Weather not posted; Projected order,36.8% pull air; 63.2% ideal AA; 8.7% solid; Air starter,0.8659886604834971,1.1466380633845439,0.84,0.7967368490523008,1,0.8826688,84,84 air · 67° dew · RHB,9,380,.354,1,40,10,4.2,89.9,40.5,0.127,44.7
268,694378,Jacob Gonzalez,PIT,STL,False,8,SS,L,official,preview,Kyle Leahy,R,0.85,39% hard · 46% break,0.04544965631348184,0.044627392072113525,0.045978153974200575,2,0.97,stable,,100% ideal AA; 9.2% solid,0.9262119796346531,1.0003487557604829,0.86,0.921602196243176,1,0.8487200000000001,86,86 air · 84°F · in RF 7 · 65° dew · LHB,6,189,.354,,,,3.6,88.4,36.4,0.138,43.3
269,683766,Christian Koss,SF,AZ,True,8,SS,R,projected,preview,Mitch Bratt,L,1.13,53% hard · 37% break,0.04477797853277988,0.04122627897062503,0.04529079250419432,2,0.55954242699264,fair,Weather not posted; Projected order,15.9% K,0.7035470274540618,1.011252733531891,0.78,1.060949851521865,1,0.9302130210772834,78,78 air · 56° dew · RHB,1,123,.281,1,36,10,6.1,85.2,29.8,0.076,42.9
270,669364,Xavier Edwards,MIA,WSH,False,3,2B,S,official,preview,Cade Cavalli,R,1.03,52% hard · 40% break,0.04454037651715478,0.043694414649245616,0.04521852373990232,3,0.97,stable,,110 air; #3,0.6071044279311485,0.8638391515924618,1.1,0.7,1,0.78,110,110 air · 84°F · cross LF 6 · 62° dew · switch,6,567,.381,0,43,10,3.3,86.8,29,0.1,28.5
271,687957,Dustin Harris,SD,TB,False,9,LF,L,official,preview,Nick Martinez,R,1.04,64% hard · 9% break,0.04431050430907054,0.040955480427237845,0.04481254536458379,2,0.5940000000000001,fair,Short season sample,104.3 last game; 40.9% sweet; 9.1% solid; 14.7% K,0.7605348228944486,1.001204012842008,1.01,0.7045250000000001,1,1,101,101 air · 72°F · roof closed · LHB,0,59,.327,,,,0,84.3,15.9,0.072,56.8
272,670770,TJ Friedl,CIN,CHC,False,8,CF,L,official,live,Kevin Gausman,R,1.08,51% hard · 9% break,0.04421301983358148,0.04335852640424942,0.04471282910522989,2,0.97,stable,,tank last game; 112 air,0.6669466533820099,0.9663604420516541,1.12,0.823730812264548,1,1,112,112 air · 79°F · out CF 10 · 64° dew · LHB,4,254,.251,,,,3.1,87.4,27.6,0.077,37.6
273,545121,Ildemaro Vargas,AZ,SF,False,8,2B,S,projected,preview,Matt Wilkinson,L,1.59,66% hard · 12% break,0.04417184073226706,0.03969327391887645,0.04358076647742615,2,0.39976416000000004,thin,No established starter; Starter outing length thin; Projected order,19.4% pull air; 8% K,0.7367180585862725,1,0.84,0.9365910211731456,1,0.8320000000000001,84,84 air · 63°F · out CF 13 · 56° dew · switch,9,423,.393,0,41,10,3.4,87.4,35,0.098,40.3
274,685133,Wade Meckler,LAA,PHI,True,3,LF,L,projected,preview,Cristopher Sánchez,L,0.75,43% hard · 38% off,0.04317483045093624,0.04016020336787596,0.04381153265381377,3,0.656496,fair,Weather not posted; Projected order,100.8 last game; #3,0.6890149987443032,0.782482677565283,0.84,0.72125,1,0.8400000000000001,84,84 air · 67° dew · LHB,3,233,.380,0,40,10,3.1,86.5,31.9,0.099,33.8
275,676439,Hunter Feduccia,LAD,DET,False,8,C,L,official,live,Keider Montero,R,0.92,53% hard · 33% break,0.04315492746639527,0.042272858061148444,0.04363084001653239,2,0.97,stable,,4S-FB 31%; 30% pull air; 80% ideal AA; 16.7% K,0.9118146288900364,1.024863906372759,0.96,0.7421126583164097,1,0.85696,96,96 air · 80°F · cross LF 10 · 56° dew · LHB,3,208,.352,,,,8.1,90.3,39.6,0.142,32.6
276,686555,Isaac Collins,KC,CLE,False,7,2B,S,official,preview,Foster Griffin,L,1.39,59% hard · 24% break,0.04303565942939728,0.042150481663654094,0.04350891586943062,2,0.97,stable,,101.8 last game; 21.1% pull air,0.7509586074073358,1.0202086534220134,0.93,0.7559934173233375,1,1.0541818181818183,93,93 air · 83°F · in CF 6 · 56° dew · switch,6,446,.352,0,36,10,5.6,88.8,40.6,0.092,39.6
277,801126,Brock Rodden,SEA,TOR,False,9,3B,S,official,preview,José Soriano,R,0.81,51% hard · 30% break,0.04301748749292256,0.03979294556141333,0.04349033990927875,2,0.6296400000000001,fair,Short season sample,35.7% pull air; 13.6% solid,0.8813513743601245,0.8375041905401713,0.98,0.8590000000000002,1,0.8320000000000001,98,98 air · 68°F · roof closed · switch,0,41,.286,,,,4.5,87.7,40.9,0.083,63.6
278,545121,Ildemaro Vargas,AZ,SF,False,8,2B,S,projected,preview,,,,,0.04280591063541255,0.03792799161772242,0.043274071961443505,2,0.4175314559999999,thin,No established starter; Weather not posted; Projected order,19.4% pull air,0.7367180585862725,1,0.78,1,1,0.8320000000000001,78,78 air · 56° dew · switch,9,423,.393,0,41,10,3.4,87.4,35,0.098,40.3
279,677950,Alek Thomas,LAD,DET,False,9,CF,L,official,live,Keider Montero,R,0.92,53% hard · 33% break,0.04275575153012526,0.04149309296557124,0.04322280423153457,2,0.9135504000000001,stable,,76.9% ideal AA; 9.4% solid; 16.7% K,0.9355359487332036,0.959167728029535,0.96,0.7797192950371674,1,0.8240000000000001,96,96 air · 80°F · cross LF 10 · 56° dew · LHB,2,119,.313,,,,7.2,89.4,40,0.142,29.4
280,703601,Max Clark,DET,LAD,True,9,CF,L,official,live,Blake Snell,L,0,50% hard · 32% break,0.041988624482535465,0.038085586901754676,0.042324801907455134,2,0.555365376,fair,Starter sample thin,105 last game; chase vs expand; 20–30° last 5; 35% pull air,0.8217434984663943,0.7768938492037901,0.96,0.8275717858089711,1,0.9444556160000002,96,96 air · 80°F · cross LF 10 · 56° dew · LHB,2,99,.411,,,,1.4,86.5,40,0.095,37.1
281,805367,Chase Meidroth,CWS,MIN,False,7,2B,R,official,live,Bailey Ober,R,1.5,35% hard · 34% off,0.04160151633084509,0.04067896196474974,0.04204342880731393,2,0.97,stable,,76.7% ideal AA; Air starter; 16.2% K,0.7436755920883003,1.1201760747921259,0.94,0.7727801522099372,1,0.8855446280991736,94,94 air · 75°F · cross LF 11 · 69° dew · RHB,12,544,.402,0,42,10,4.4,87.7,34.7,0.098,40.9
282,681082,Bryson Stott,PHI,LAA,False,7,3B,L,projected,preview,Ryan Johnson,R,2.14,57% hard · 20% break,0.041549801745744304,0.038686207301100506,0.04199060446150504,2,0.69588576,fair,Weather not posted; Projected order,19.0% pull air; 71.4% ideal AA; Air starter; 16.9% K,0.8176132226116477,1.152556487503673,0.84,0.7278988167948075,1,0.85696,84,84 air · 67° dew · LHB,9,506,.405,0,38,10,5.7,89.2,38.3,0.13,37
283,702332,Caleb Durbin,BOS,NYY,False,5,3B,R,official,live,Carlos Rodón,L,0.78,59% hard · 26% break,0.04114736606649738,0.04021297564795545,0.041579581465202686,2,0.97,stable,,83.3% ideal AA; 118 air,0.719536710109842,0.8303007240570518,1.18,0.9285543066547592,1,0.8034,118,118 air · 76°F · in CF 5 · 55° dew · RHB,12,484,.395,0,36,10,2.7,83.6,25.7,0.084,39.7
284,678545,Osleivis Basabe,SF,AZ,True,9,2B,R,projected,preview,Mitch Bratt,L,1.13,53% hard · 37% break,0.04091688545006665,0.036569393986704335,0.041344221615310595,2,0.5137238163455999,thin,Weather not posted; Projected order,15.9% K,0.985575993478309,1.0521326194024103,0.78,0.7141228260869565,1,0.78,78,78 air · 56° dew · RHB,3,90,.341,,,,7.2,87.6,34.3,0.13,37.1
285,702332,Caleb Durbin,BOS,NYY,False,6,3B,R,projected,preview,Max Fried,L,0.21,63% hard · 25% break,0.040781444282040696,0.03785578349438856,0.04120592637412823,2,0.69588576,fair,Weather not posted; Projected order,83.3% ideal AA; 120 air,0.719536710109842,0.7399426146792949,1.2,0.9285543066547592,1,0.8034,120,120 air · 55° dew · RHB,12,484,.395,0,36,10,2.7,83.6,25.7,0.084,39.7
286,687597,Jordan Beck,COL,ATL,False,8,LF,R,official,preview,Martín Pérez,L,0.94,62% hard · 8% break,0.040098170247271935,0.03863017129695645,0.04050840292413804,2,0.89856,stable,,66.7% ideal AA; 17.9% K; 110 air,0.7016917524677984,0.9291492642318191,1.1,0.8549468994754617,1,0.8034,110,110 air · 86°F · cross RF 6 · 72° dew · RHB,1,136,.312,,,,4.6,86.9,30.7,0.085,37.5
287,666152,David Hamilton,MIL,TEX,True,9,3B,L,projected,preview,Cal Quantrill,R,0.97,70% hard · 7% break,0.03989046204597095,0.036892829537224725,0.04030638230316927,2.0500000000000007,0.69588576,fair,Weather not posted; Projected order,102.1 last game; 23.8% pull air; 17.3% K; 116 air,0.6515180671239312,0.9506429312717031,1.16,0.7,1,0.8736000000000002,116,116 air · 63° dew · LHB,4,330,.339,,,,3.5,86.9,27.8,0.089,32.5
288,683766,Christian Koss,SF,AZ,True,8,SS,R,projected,preview,Merrill Kelly,R,1.74,51% hard · 22% break,0.03975460480278123,0.03649751925858924,0.04015776635238444,2,0.664350336,fair,Projected order,Air starter; 14.9% K,0.7035470274540618,1.1810818850335225,0.83,0.7,1,0.9302130210772834,83,83 air · 63°F · out CF 13 · 56° dew · RHB,1,123,.281,1,36,10,6.1,85.2,29.8,0.076,42.9
289,808982,Jung Hoo Lee,SF,AZ,True,5,RF,L,projected,preview,Mitch Bratt,L,1.13,53% hard · 37% break,0.039380221520410735,0.035760754171791365,0.03977574907401049,2,0.6235136409599998,fair,Weather not posted; Projected order,15.9% K,0.6798240507009344,0.9709752402121945,0.78,0.7,1,1.20536,78,78 air · 56° dew · LHB,9,497,.422,0,38,10,2.6,87.2,30.1,0.093,36.8
290,701162,Ben Malgeri,DET,LAD,True,7,RF,R,official,live,Blake Snell,L,0,50% hard · 32% break,0.03929101354225613,0.03466952843267046,0.03960298189225453,2,0.504576,thin,Starter sample thin,25% pull air; 41.2% sweet,0.9606657170976107,0.7161137755186119,1.02,0.7045250000000001,1,0.8320000000000001,102,102 air · 80°F · cross LF 10 · 56° dew · RHB,3,85,.380,,,,5.9,89.8,41.2,0.109,41.2
291,676391,Ernie Clement,TOR,SEA,True,7,SS,R,official,preview,Kade Anderson,L,3.18,33% hard · 44% break,0.03832803125083342,0.03402833071245803,0.038702502169376096,2,0.555228,fair,No established starter; Starter outing length thin,,0.6548267965823331,1,0.98,0.8005187509485288,1,0.78,98,98 air · 68°F · roof closed · RHB,9,530,.394,0,41,10,2.2,84.3,20.1,0.079,41.3
292,669397,Nick Allen,HOU,NYM,False,8,SS,R,official,preview,Nolan McLean,R,0.91,63% hard · 31% break,0.03751637690814386,0.0359456711290026,0.03787500592662951,2,0.89856,stable,,,0.641048154474923,0.9305438477694329,1.02,0.72,1,1,102,102 air · 80°F · out CF 5 · 53° dew · RHB,2,136,.347,,,,2,85.9,29,0.056,38
293,675961,Alika Williams,ATH,BAL,True,9,SS,R,projected,preview,Shane Baz,R,0.65,58% hard · 33% break,0.037311746255985365,0.03405306430136612,0.03766643636305833,2,0.6895725696,fair,Weather not posted; Projected order,9.3% solid; 117 air,0.7153526276633212,0.8680889350226322,1.17,0.7078922720413883,1,0.78,117,117 air · 51° dew · RHB,2,165,.405,,,,0.8,84.9,34.2,0.078,37.3
294,677587,Brayan Rocchio,CLE,KC,True,9,SS,S,official,preview,Daniel Lynch IV,L,0.62,46% hard · 30% break,0.036517468836609716,0.03470469193285175,0.03685707992169829,2,0.873,stable,Starter outing length thin,20–30° last 5; 30.4% pull air; 60.9% ideal AA; 18.3% K,0.7257493074261818,0.857459317184349,0.93,0.8099266845594657,1,0.8826688,93,93 air · 83°F · in CF 6 · 56° dew · switch,10,502,.366,1,38,10,3.1,86.8,31.2,0.104,43.2
295,680700,Richie Palacios,TB,SD,True,7,2B,L,official,preview,Walker Buehler,R,1.07,63% hard · 27% break,0.03629124805891895,0.035230297618427,0.036626625482477415,2,0.97,stable,,101.1 last game; 65% ideal AA,0.6726124373659761,0.9845414364214488,1.01,0.7326786927047266,1,0.8652000000000001,101,101 air · 72°F · roof closed · LHB,5,330,.337,0,37,10,3.6,86.1,27.5,0.087,37.1
296,693304,Nick Gonzales,PIT,STL,False,4,DH,R,official,preview,Kyle Leahy,R,0.85,39% hard · 46% break,0.03565468641865188,0.03457714592515071,0.03604779570168092,2.541935483870965,0.97,stable,,103.1 last game,0.6319255366654045,0.9020413660889995,0.88,0.7,1,0.798,88,88 air · 84°F · in RF 7 · 65° dew · RHB,6,525,.393,0,42,10,2.6,86,33.8,0.1,36.6
297,805300,Jakob Marsee,MIA,WSH,False,6,CF,L,official,preview,Cade Cavalli,R,1.03,52% hard · 40% break,0.035501083493081766,0.03441953980410606,0.035821885360782124,2,0.97,stable,,104.9 last game; 29.4% pull air,0.6850496732974657,0.9044747501313157,1.08,0.7273943848285218,1,0.8386560000000001,108,108 air · 84°F · cross LF 6 · 62° dew · LHB,8,509,.326,1,38,10,3.4,87.2,34.8,0.095,41.5
298,621493,Taylor Ward,SEA,TOR,False,7,DH,R,official,preview,José Soriano,R,0.81,51% hard · 30% break,0.03520942626064607,0.03412028140841994,0.03552493144926472,2,0.97,stable,,78.6% ideal AA,0.7480879133568274,0.924026068040075,0.98,0.7,1,0.8487200000000001,98,98 air · 68°F · roof closed · RHB,7,570,.322,0,41,10,5.5,88.9,38,0.125,32
299,650859,Luis Rengifo,SD,TB,False,8,2B,S,official,preview,Nick Martinez,R,1.04,64% hard · 9% break,0.03417468201568536,0.0330585696857022,0.034471757532530845,2,0.97,stable,,101.4 last game; 14.7% K,0.6560169848012752,0.9812463876994084,1.01,0.7,1,0.8400000000000001,101,101 air · 72°F · roof closed · switch,4,351,.319,,,,4.2,87.7,34.2,0.092,38.7
300,691594,Javier Sanoja,MIA,WSH,False,7,3B,R,official,preview,Cade Cavalli,R,1.03,52% hard · 40% break,0.03402067380729325,0.032900547719365125,0.03431505454947659,2,0.97,stable,,102.5 last game; 22.2% pull air; 111 air,0.6366436069842487,0.9377806382543696,1.11,0.7,1,0.8176896,111,111 air · 84°F · cross LF 6 · 62° dew · RHB,6,376,.422,1,40,10,2.2,86.9,30.9,0.075,38.3
301,683083,Nasim Nuñez,WSH,MIA,True,9,SS,S,official,preview,Sandy Alcantara,R,0.88,61% hard · 19% break,0.03284863641953333,0.0316979647235105,0.03315768466763005,2.2882352941176443,0.97,stable,,56% ideal AA; 18.1% K; 110 air,0.5362422739900131,0.8459214553606489,1.1,0.7,1,0.8240000000000001,110,110 air · 84°F · cross LF 6 · 62° dew · switch,1,444,.250,0,36,10,0.3,85.1,21.5,0.048,32.2
302,670764,Taylor Walls,TB,SD,True,9,SS,S,official,preview,Walker Buehler,R,1.07,63% hard · 27% break,0.029828589858582166,0.02859920978717645,0.030054406699090652,2,0.97,stable,,81.3% ideal AA,0.5828050058060936,0.9124684289495624,1.01,0.7,1,0.8034,101,101 air · 72°F · roof closed · switch,2,382,.291,,,,2,85.5,22,0.067,39.7
303,663968,Jake Mangum,PIT,STL,False,6,RF,S,official,preview,Kyle Leahy,R,0.85,39% hard · 46% break,0.028222210301668584,0.02695096480778636,0.02842419400284646,2,0.97,stable,,,0.5776668751196575,0.9635388179046162,0.88,0.7,1,0.8,88,88 air · 84°F · in RF 7 · 65° dew · switch,4,403,.373,,,,2.1,85.3,27.5,0.079,29.2
304,623168,Tyler Heineman,LAA,PHI,True,9,C,S,projected,preview,Cristopher Sánchez,L,0.75,43% hard · 38% off,0.027847345599108203,0.02381157045639415,0.028043961543876783,2,0.6895725696,fair,Weather not posted; Projected order,21.4% pull air,0.5807381239088563,0.7873807606329758,0.84,0.72,1,0.8112,84,84 air · 67° dew · switch,1,165,.219,,,,0.8,81.3,11.5,0.044,49.6
305,669707,Jared Triolo,PIT,STL,False,9,3B,R,official,preview,Kyle Leahy,R,0.85,39% hard · 46% break,0.027532147773156088,0.02624291788749855,0.027724307073837107,2,0.97,stable,,77.3% ideal AA,0.5724614697048681,0.9272212041859936,0.88,0.7,1,0.8034,88,88 air · 84°F · in RF 7 · 65° dew · RHB,2,313,.311,,,,2.3,86.9,35.7,0.073,38.5
306,802415,Chandler Simpson,TB,SD,True,5,LF,L,official,preview,Walker Buehler,R,1.07,63% hard · 27% break,0.027353050944644554,0.026059153442073213,0.0275427010397864,2,0.97,stable,,,0.5161253357576857,0.9124684289495624,1.01,0.7,1,0.78,101,101 air · 72°F · roof closed · LHB,0,509,.364,0,41,10,0,83.8,13.3,0.037,29.5
