rank,playerId,name,team,opponent,isHome,battingOrder,position,bats,lineupSource,gameStatus,pitcher,pitcherThrows,pitcherHr9,pitcherMixLabel,pHr,pHrRaw,xHr,expectedPa,confidence,confidenceBand,confidenceNotes,reasons,factor_batter,factor_pitcher,factor_park,factor_platoon,factor_weather,factor_form,parkHrFactor,parkAirLabel,season_hr,season_pa,season_slg,recent_hr,recent_pa,recent_games,barrelPct,evAvg,hardHitPct,xIso,pullPct
1,671277,Luis García Jr.,NYY,HOU,True,3,1B,L,projected,preview,Peter Lambert,R,0.88,52% hard · 25% break,0.20495639310174382,0.25238049492825787,0.22337608206614068,4.32,0.69588576,fair,Weather not posted; Projected order,21.4% vs RHP last 7; 16.3% vs hard; 111.1 last game; 35.3% pull air,1.4585689902000336,1.070580998728718,1.27,1.42,1,1.22,127,127 air · LHB,27,448,.554,3,41,10,12.6,91.8,46.6,0.218,42.3
2,678246,Miguel Vargas,CWS,TEX,True,3,3B,R,projected,preview,MacKenzie Gore,L,1.11,59% hard · 29% break,0.20050454841406778,0.24363239385890179,0.21807750783047142,4.32,0.69588576,fair,Weather not posted; Projected order,14.6% vs hard; 35.3% pull air; 58.8% ideal AA; 17.6% barrels last 7,1.541457135112417,1.1135063055026106,1.14,1.38,1,1.193798674326116,114,114 air · RHB,29,573,.496,2,45,10,14.6,90.7,45.8,0.255,45.7
3,682987,Spencer Jones,NYY,HOU,True,6,RF,L,projected,preview,Peter Lambert,R,0.88,52% hard · 25% break,0.194985748751538,0.2327876720376333,0.21106242956645035,3.96,0.69588576,fair,Weather not posted; Projected order,28.6% vs RHP last 7; 17.3% vs FF; 112 last game; 5× 100+ last 3,1.444679353344994,1.070580998728718,1.27,1.42,1,1.22,127,127 air · LHB,7,182,.429,2,38,10,16.2,95,59.2,0.229,31.3
4,624413,Pete Alonso,BAL,STL,False,2,1B,R,projected,preview,Michael McGreevy,R,1.18,53% hard · 27% break,0.19369590876045023,0.23025307090103708,0.21013503149446872,4.42,0.69588576,fair,Weather not posted; Projected order,20% vs RHP last 7; 14.6% vs FF; 111.3 last game; 5× 100+ last 3,1.5888070602414865,1.2104614959445568,0.87,1.42,1,1.1828589243697478,87,87 air · RHB,31,571,.512,5,42,10,14,94.1,56.7,0.266,34.5
5,679822,Justin Foscue,TEX,CWS,False,1,2B,R,projected,preview,Sean Burke,R,1.05,60% hard · 38% break,0.1930274649147813,0.22893954477168021,0.20945717192389374,4.52,0.69588576,fair,Weather not posted; Projected order,33.3% vs RHP last 7; 11.1% vs FF; 103.5 last game; 4× 100+ last 3,1.313992106839491,1.0350281029105353,1.14,1.42,1,1.22,114,114 air · RHB,9,188,.488,,,,11.2,89.3,42.4,0.206,47.2
6,656941,Kyle Schwarber,PHI,SEA,False,1,DH,L,projected,preview,Bryan Woo,R,0.98,66% hard · 28% break,0.1929165119872186,0.22872151663000984,0.20932605755406597,4.52,0.69588576,fair,Weather not posted; Projected order,18.8% vs RHP last 7; 19.8% vs SL; 21.1% pull air; 84.2% ideal AA,1.857231062926986,1.003476973174051,0.97,1.42,1,1.0445375297805646,97,97 air · LHB,39,568,.524,2,47,10,17.4,92.7,50.9,0.26,54.7
7,682998,Corbin Carroll,AZ,CHC,True,2,RF,L,projected,preview,Matthew Boyd,L,1.38,46% hard · 28% break,0.18925374745313148,0.2215239981662258,0.20489881353431186,4.42,0.69588576,fair,Weather not posted; Projected order,25% vs LHP last 7; 18.5% vs FF; 105 last game; 22.2% pull air,1.2073128931192012,1.2226292445404712,1.07,1.361245019235242,1,1.22,107,107 air · LHB,18,560,.488,0,43,10,12.2,91.8,49,0.196,44.1
8,696100,Hunter Goodman,COL,WSH,False,3,C,R,projected,preview,Matt Waldron,R,1.7,56% hard · 15% break,0.18430309567299105,0.21406849075294077,0.19898395309030883,4.32,0.583624944,fair,Weather not posted; Projected order,109.5 last game; 75.3 bat; 16.9% barrels; xISO 0.241,1.775546584908359,1.0780233466033646,1.05,1.38,1,0.9224096252692853,105,105 air · RHB,35,464,.545,2,38,10,16.9,90.5,45.9,0.241,47.8
9,695734,Daylen Lile,WSH,COL,True,4,LF,L,projected,preview,Tanner Gordon,R,1.88,46% hard · 32% break,0.18194715059852534,0.20716616400051935,0.1961245727577406,4.22,0.69588576,fair,Weather not posted; Projected order,15% vs RHP last 7; 19.8% vs FF; 104.1 last game; 5× 100+ last 3,1.0897289011491842,1.2963500277127322,1.05,1.3839760307525726,1,1.22,105,105 air · LHB,17,548,.418,2,44,10,8.7,88.5,37.1,0.173,41.7
10,665833,Oneil Cruz,PIT,SD,False,5,CF,L,projected,preview,Randy Vásquez,R,1.14,70% hard · 22% break,0.18113728340163057,0.2055747337983822,0.19504681368240342,4.1,0.69588576,fair,Weather not posted; Projected order,28.6% vs RHP last 7; 111.8 last game; 18.2% pull air; 27.3% barrels last 7,1.6164605873693592,1.1121630612004665,0.83,1.42,1,1.22,83,83 air · LHB,17,310,.491,,,,17.9,95.8,57.9,0.245,42.1
11,695657,Colson Montgomery,CWS,TEX,True,5,SS,L,projected,preview,MacKenzie Gore,L,1.11,59% hard · 29% break,0.18086423373806917,0.20503817733216012,0.19472926685144443,4.1,0.69588576,fair,Weather not posted; Projected order,104.8 last game; 20% pull air; 90% ideal AA; 20% barrels last 7,1.416075419645114,1.0025363903516609,1.1,1.35057862276299,1,1.22,110,110 air · LHB,27,528,.425,1,41,10,12.3,89,42.2,0.2,49.2
12,621566,Matt Olson,ATL,LAD,True,3,1B,L,projected,preview,Roki Sasaki,R,1.63,42% hard · 36% off,0.17938112608288473,0.202123795413086,0.19324112122138223,4.32,0.69588576,fair,Weather not posted; Projected order,10.4% vs FF; 101.5 last game; 4× 100+ last 3; 15.5% barrels,1.744282200195724,1.19013353726417,1.09,1.2945480479040998,1,0.7890623999999999,109,109 air · LHB,36,574,.533,1,41,10,15.5,92.6,49.9,0.267,38.2
13,700250,Ben Rice,NYY,HOU,True,2,DH,L,projected,preview,Peter Lambert,R,0.88,52% hard · 25% break,0.177972484531725,0.19935574317304428,0.19170004486232065,4.42,0.69588576,fair,Weather not posted; Projected order,102 last game; 18.8% pull air; 75% ideal AA; 14.6% barrels,1.6340086712246744,0.9493535994960196,1.27,1.2276045419160875,1,0.8998080000000002,127,127 air · LHB,34,541,.522,2,45,10,14.6,92.2,48.7,0.241,46.9
14,694212,Samuel Basallo,BAL,STL,False,6,C,L,projected,preview,Michael McGreevy,R,1.18,53% hard · 27% break,0.17755911991601292,0.1985434606945572,0.1907323589063287,3.96,0.69588576,fair,Weather not posted; Projected order,25% vs RHP last 7; 17.3% vs hard; 18.2% pull air; 63.6% ideal AA,1.407387458146487,1.2104614959445568,0.87,1.42,1,1.22,87,87 air · LHB,17,331,.439,,,,13.2,91.1,45.5,0.218,43.7
15,660271,Shohei Ohtani,LAD,ATL,False,1,DH,L,projected,preview,AJ Smith-Shawver,R,0,50% hard · 15% break,0.17661236519295143,0.20112405699229696,0.19021004275099035,4.52,0.44536688639999994,thin,Starter sample thin; Weather not posted; Projected order,12.5% vs RHP last 7; 11.1% vs hard; 102.6 last game; 72.7% ideal AA,1.658370185779623,1.0413113560460874,1.09,1.3087095876396362,1,0.8662424096385544,109,109 air · LHB,30,559,.546,3,46,10,16.6,93.5,52.3,0.282,47.7
16,671739,Michael Harris II,ATL,LAD,True,5,CF,L,projected,preview,Roki Sasaki,R,1.63,42% hard · 36% off,0.17618711924241007,0.19584740964113023,0.1893023389270635,4.1,0.69588576,fair,Weather not posted; Projected order,20% vs RHP last 7; 19.8% vs FF; 20% pull air; 75 bat,1.2501930224303544,1.2406266304378741,1.09,1.42,1,0.988778256184717,109,109 air · LHB,21,504,.491,1,40,10,10.7,90.5,48.6,0.188,37.1
17,681715,Heriberto Hernández,MIA,BOS,True,2,LF,R,projected,preview,Sonny Gray,R,0.97,58% hard · 37% break,0.1756739023959776,0.1948389124544435,0.1890279744821361,4.42,0.69588576,fair,Weather not posted; Projected order,17.1% vs hard; 104.4 last game; 4× 100+ last 3; 20–30° last 5,1.4968402699944219,1.0654274673113147,0.92,1.167717794559068,1,1.22,92,92 air · RHB,20,373,.459,3,45,10,13.3,91.6,48.5,0.232,48.1
18,665019,Kody Clemens,MIN,ATH,False,5,LF,L,projected,preview,J.T. Ginn,R,0.95,64% hard · 16% break,0.17490728137672756,0.19333246318929787,0.18782138397113912,4.1,0.69588576,fair,Weather not posted; Projected order,11.8% vs SI; 31.3% pull air; 100% ideal AA; 12.5% barrels last 7,1.3669030705700704,1.006382808651746,1.17,1.2607780191060471,1,1.143571614814815,117,117 air · LHB,21,468,.460,1,39,10,11.7,92.4,46.3,0.197,46.9
19,670541,Yordan Alvarez,HOU,NYY,False,2,DH,L,projected,preview,Elmer Rodríguez,R,0.53,64% hard · 25% break,0.17467330865583017,0.19711849760714395,0.187866598693092,4.42,0.44536688639999994,thin,Starter sample thin; Weather not posted; Projected order,111.8 last game; 4× 100+ last 3; 20% pull air; 76.2 bat,1.9038672625529358,0.9151091681149006,1.27,1.0515,1,0.9169472000000002,127,127 air · LHB,36,571,.618,1,41,10,17.2,94.5,53.6,0.342,41.9
20,665161,Jeremy Peña,HOU,NYY,False,1,SS,R,projected,preview,Elmer Rodríguez,R,0.53,64% hard · 25% break,0.17458073830888748,0.19737774905593908,0.18784874277863065,4.52,0.42015743999999994,thin,Starter sample thin; Weather not posted; Projected order,33.3% vs RHP last 7; 17.3% vs hard; 101.5 last game; 87.5% ideal AA,1.0624331276558967,1.0289776366179166,1.09,1.42,1,1.22,109,109 air · RHB,15,354,.477,2,41,10,6,88.4,39.7,0.143,47.2
21,547180,Bryce Harper,PHI,SEA,False,3,RF,L,projected,preview,Bryan Woo,R,0.98,66% hard · 28% break,0.17427058105867324,0.1920813147050191,0.1873062084077911,4.32,0.69588576,fair,Weather not posted; Projected order,20% vs RHP last 7; 101.2 last game; 4× 100+ last 3; 26.7% pull air,1.3321637161626283,0.9440142320471239,0.97,1.42,1,1.22,97,97 air · LHB,26,567,.499,1,44,10,11.3,90.4,44.9,0.227,38.7
22,808959,Munetaka Murakami,CWS,TEX,True,2,1B,L,projected,preview,MacKenzie Gore,L,1.11,59% hard · 29% break,0.17230804757709442,0.1882248366710091,0.18512559698943085,4.42,0.69588576,fair,Weather not posted; Projected order,104.4 last game; 18.8% pull air; 19.8% barrels; 94 EV,1.8553031164079228,0.923669930384535,1.1,1.1946359202517673,1,0.8736000000000002,110,110 air · LHB,29,424,.507,2,46,10,19.8,94,58.5,0.279,43.5
23,545361,Mike Trout,LAA,CLE,True,2,CF,R,projected,preview,Joey Cantillo,L,1.04,40% hard · 35% break,0.1722030581814165,0.1880185271725795,0.18500406974316766,4.42,0.69588576,fair,Weather not posted; Projected order,20% vs LHP last 7; 110.8 last game; 55.6% ideal AA; 22.2% barrels last 7,1.4781228456721143,0.9498950350562738,0.85,1.3782014241717804,1,1.19377,85,85 air · RHB,20,509,.436,0,43,10,16.2,89.9,45.6,0.245,36.5
24,673357,Luis Robert Jr.,NYM,MIL,True,4,CF,R,projected,preview,Dustin May,R,0.65,67% hard · 26% break,0.17211484011154138,0.18784517418172886,0.18471618504983714,4.22,0.69588576,fair,Weather not posted; Projected order,50% vs RHP last 7; 28.1% vs hard; 101.8 last game; 5× 100+ last 3,1.2497680811626855,1.0040322483070505,0.97,1.42,1,1.22,97,97 air · RHB,10,201,.424,,,,9.2,90,41.2,0.187,47.3
25,691023,Jordan Walker,STL,BAL,True,4,RF,R,projected,preview,Kyle Bradish,R,0.97,52% hard · 47% break,0.17144234514175835,0.18652368738759573,0.18393967688051976,4.22,0.69588576,fair,Weather not posted; Projected order,30% vs RHP last 7; 9.8% vs SI; 110.7 last game; 25% barrels last 7,1.422003297885063,1.0655478371278972,0.87,1.42,1,1.11264,87,87 air · RHB,27,551,.502,4,44,10,13.7,92.5,47.8,0.214,38.4
26,663757,Trent Grisham,NYY,HOU,True,1,CF,L,projected,preview,Peter Lambert,R,0.88,52% hard · 25% break,0.1698051109271882,0.18330643894608634,0.1823159441672914,4.52,0.69588576,fair,Weather not posted; Projected order,12.6% vs FF; 102.5 last game; 71.4% ideal AA; 11.6% solid,1.304813754031111,1.0216418927579172,1.27,1.1553340491491964,1,0.9270000000000002,127,127 air · LHB,18,448,.419,3,45,10,10,91,46.8,0.193,45.8
27,669394,Jake Burger,TEX,CWS,False,6,1B,R,projected,preview,Sean Burke,R,1.05,60% hard · 38% break,0.16853647999180743,0.18081351468187168,0.18033273217527762,3.96,0.69588576,fair,Weather not posted; Projected order,12.6% vs FF; 110.2 last game; 4× 100+ last 3; 18.2% barrels last 7,1.3114661656619422,1.0881414888250158,1.14,1.0985613205979514,1,1.22,114,114 air · RHB,23,503,.429,4,39,10,11.2,90.1,46.9,0.175,44.4
28,681508,Mickey Gasper,BOS,MIA,False,5,DH,S,projected,preview,Ryan Gusto,R,1.25,54% hard · 31% break,0.16835150080794697,0.1811313597355162,0.18026252865734055,4.1,0.6466486141440001,fair,Weather not posted; Projected order,33.3% vs RHP last 7; 19.8% vs hard; 102.7 last game; 4× 100+ last 3,1.1193533409161385,1.1606941851876165,0.92,1.42,1,1.22,92,92 air · switch,5,148,.477,,,,9.3,89.2,38.9,0.187,42.6
29,668804,Bryan Reynolds,PIT,SD,False,3,LF,S,projected,preview,Randy Vásquez,R,1.14,70% hard · 22% break,0.1670089808380479,0.17781190121196877,0.1789216233177741,4.32,0.69588576,fair,Weather not posted; Projected order,23.1% vs RHP last 7; 15.4% vs FF; 106.2 last game; 60% ideal AA,1.0969532695288962,1.1876865701507398,0.84,1.3830591212598222,1,1.22,84,84 air · switch,15,583,.426,0,44,10,11.2,90.5,46.4,0.185,39.1
30,665487,Fernando Tatis Jr.,SD,PIT,True,1,RF,R,projected,preview,Bubba Chandler,R,0.79,55% hard · 29% break,0.1663480799327973,0.17651319734389215,0.17832624925266533,4.52,0.69588576,fair,Weather not posted; Projected order,22.2% vs RHP last 7; 8.8% vs hard; 110.1 last game; 5× 100+ last 3,1.21856952012364,1.0095985133405352,0.84,1.3464165158660526,1,1.22,84,84 air · RHB,17,578,.449,4,45,10,12.6,92.9,54,0.191,34.6
31,672960,Kazuma Okamoto,TOR,KC,True,4,3B,R,projected,preview,Randy Dobnak,R,0.39,48% hard · 31% break,0.16571323662419904,0.1760164183052978,0.17734388464257997,4.22,0.6374313561599999,fair,Weather not posted; Projected order,11.8% vs SI; chase vs expand; 47.1% pull air; 70.6% ideal AA,1.4094425578805216,0.9378487007852214,0.98,1.191151851810979,1,1.22,98,98 air · RHB,26,524,.436,2,42,10,12.7,90.5,43.5,0.21,50.2
32,663728,Cal Raleigh,SEA,PHI,True,5,C,S,projected,preview,Jesús Luzardo,L,0.81,43% hard · 38% break,0.1653074771006954,0.17446835989179366,0.17676805908383875,4.1,0.69588576,fair,Weather not posted; Projected order,12.5% vs LHP last 7; 26.5% vs hard; 106.2 last game; 4× 100+ last 3,1.3566977241729181,0.9917505890667648,0.98,1.2059724422078617,1,1.22,98,98 air · switch,18,412,.346,6,37,10,13.7,89.5,37.2,0.203,54.4
33,687263,Zach Neto,LAA,CLE,True,1,SS,R,projected,preview,Joey Cantillo,L,1.04,40% hard · 35% break,0.16356987500634898,0.17105388346548278,0.17512930206056362,4.52,0.69588576,fair,Weather not posted; Projected order,15.4% vs LHP last 7; 18.0% vs FF; 102.7 last game; 32.1% pull air,1.2783534561223249,1.0813375850087057,0.85,1.3124139967481638,1,1.0422608695652176,85,85 air · RHB,22,577,.432,2,45,10,11.5,89.6,41,0.192,47.6
34,668709,JJ Bleday,CIN,SF,False,3,LF,L,projected,preview,Landen Roupp,R,0.67,53% hard · 26% break,0.16319202344668118,0.17031138594701856,0.17453688787785288,4.32,0.69588576,fair,Weather not posted; Projected order,15.4% vs RHP last 7; 17.1% vs hard; 106.1 last game; 22.2% pull air,1.3306603834931336,0.952845364113209,0.78,1.42,1,1.22,78,78 air · LHB,21,437,.438,1,39,10,10.1,88.8,40.8,0.192,45.3
35,668227,Randy Arozarena,SEA,PHI,True,1,LF,R,projected,preview,Jesús Luzardo,L,0.81,43% hard · 38% break,0.1604206421644488,0.1648654808762945,0.17151538832401245,4.52,0.69588576,fair,Weather not posted; Projected order,14.3% vs LHP last 7; 9.8% vs hard; 72.2% ideal AA; 8.2% solid,1.099180196554252,0.9128777756629767,0.98,1.256743518539404,1,1.22,98,98 air · RHB,20,540,.461,4,48,10,7.7,90.7,42.3,0.158,33.8
36,672515,Gabriel Moreno,AZ,CHC,True,3,C,R,projected,preview,Matthew Boyd,L,1.38,46% hard · 28% break,0.16003929975342057,0.16411612365748995,0.17092676811029173,4.32,0.69588576,fair,Weather not posted; Projected order,19.8% vs FF; 15% barrels last 7; xSLG 0.455; 18.6% K,0.9487024378670719,1.2226292445404712,1.07,1.117011565214693,1,1.159,107,107 air · RHB,10,435,.464,2,44,10,7.9,89.3,42.6,0.163,35.6
37,701398,Sal Stewart,CIN,SF,False,2,1B,R,projected,preview,Landen Roupp,R,0.67,53% hard · 26% break,0.1598843827865871,0.16391394110943813,0.1708270396532128,4.42,0.69588576,fair,Weather not posted; Projected order,14.3% vs RHP last 7; 11.8% vs SI; 103.2 last game; 69.6% ideal AA,1.4025628143906221,0.9048802159269379,0.87,1.3732512349906905,1,1.0198518427518424,87,87 air · RHB,28,576,.475,2,44,10,13.2,90.1,38.9,0.219,33
38,663457,Lars Nootbaar,AZ,CHC,True,1,DH,L,projected,preview,Matthew Boyd,L,1.38,46% hard · 28% break,0.1596250756466828,0.16363368766960174,0.17060410364854212,4.52,0.69588576,fair,Weather not posted; Projected order,12.6% vs FF; 14.3% barrels last 7; 8.1% solid; 18.6% K,1.0236736119626022,1.2226292445404712,1.07,0.9109061060539592,1,1.22,107,107 air · LHB,4,241,.333,,,,9.3,91.4,48.4,0.178,41
39,521692,Salvador Perez,KC,TOR,False,4,DH,R,projected,preview,Spencer Miles,R,0.56,58% hard · 42% break,0.1588111192493489,0.16275398154074672,0.16944337612332977,4.22,0.69588576,fair,Weather not posted; Projected order,16.7% vs RHP last 7; 16.4% vs hard; 102.5 last game; 20% pull air,1.1351369728394891,0.9346526768364678,0.98,1.2956011482763397,1,1.22,98,98 air · RHB,17,513,.375,1,40,10,10,88.9,42.2,0.182,40.4
40,805808,Kevin McGonigle,DET,TB,True,2,SS,L,official,preview,Freddy Peralta,R,1.47,53% hard · 25% break,0.15843825951819074,0.15970065618529727,0.1691733295629496,4.42,0.97,stable,,14.3% vs RHP last 7; 12.6% vs FF; 5× 100+ last 3; 20–30° last 5,0.9920813024008276,1.0955022334088664,0.94,1.1860904357773745,1,1.22,94,94 air · 75°F · cross LF 14 · LHB,14,577,.427,2,45,10,7.2,88.2,37.1,0.171,37.3
41,621439,Byron Buxton,MIN,ATH,False,2,CF,R,projected,preview,J.T. Ginn,R,0.95,64% hard · 16% break,0.15827358289695534,0.16217302410220102,0.16898515356986243,4.42,0.69588576,fair,Weather not posted; Projected order,103.4 last game; 25% pull air; 15.9% barrels; xISO 0.240,1.6232595644293106,0.8701644498078719,1.17,1.0515,1,0.8736000000000002,117,117 air · RHB,25,408,.511,0,42,10,15.9,90.2,46.7,0.24,48.2
42,650489,Willi Castro,COL,WSH,False,5,3B,S,projected,preview,Matt Waldron,R,1.7,56% hard · 15% break,0.158145773317862,0.16282874351229026,0.16858442854938618,4.1,0.6186424406400001,fair,Weather not posted; Projected order,16.7% vs RHP last 7; 11.1% vs FF; 106 last game; 30.8% pull air,1.10184862844745,1.1185936889112182,1.05,1.2526134305896668,1,1.0618875816993465,105,105 air · switch,15,450,.429,2,39,10,8.5,87.8,40.9,0.16,44.8
43,682829,Elly De La Cruz,CIN,SF,False,1,SS,S,projected,preview,Landen Roupp,R,0.67,53% hard · 26% break,0.1581000719206972,0.1619854972644762,0.16885915891923206,4.52,0.69588576,fair,Weather not posted; Projected order,16.7% vs RHP last 7; 16.3% vs break; 107.9 last game; 14.3% barrels last 7,1.3591546984973006,0.9039472072897022,0.82,1.316775049079681,1,1.1023697478991596,82,82 air · switch,21,510,.472,1,45,10,13.6,93.9,51.3,0.199,33.8
44,683737,Michael Busch,CHC,AZ,False,3,1B,L,projected,preview,Eduardo Rodriguez,L,0.81,61% hard · 13% break,0.15758175958052226,0.16142531671450255,0.16811990443587527,4.32,0.69588576,fair,Weather not posted; Projected order,11.1% vs FF; 109 last game; 36.4% pull air; 63.6% ideal AA,1.0797072984337475,1.0557733555049442,1.07,1.0493389155673236,1,1.22,107,107 air · LHB,16,588,.396,2,44,10,9.3,88.3,39.8,0.169,38.7
45,664040,Brandon Lowe,PIT,SD,False,2,DH,L,projected,preview,Randy Vásquez,R,1.14,70% hard · 22% break,0.15715948651870726,0.16136251837864501,0.16771282321951902,4.42,0.656496,fair,Weather not posted; Projected order,22.2% pull air; 55.6% ideal AA; Air starter; 14.9% K,1.3786330486456606,1.1121630612004665,0.83,1.38,1,0.85696,83,83 air · LHB,27,549,.472,2,43,10,11.9,91.1,46.1,0.19,47.3
46,691718,Pete Crow-Armstrong,CHC,AZ,False,1,CF,L,projected,preview,Eduardo Rodriguez,L,0.81,61% hard · 13% break,0.15668147649031675,0.1604523105992457,0.16723817749020223,4.52,0.69588576,fair,Weather not posted; Projected order,105.9 last game; 31.8% pull air; 63.6% ideal AA; 12.4% barrels,1.513261021106703,0.9363423017558512,1.07,0.9891294327739402,1,0.9592615197132618,107,107 air · LHB,33,593,.550,6,47,10,12.4,90,48.3,0.221,50
47,664023,Ian Happ,CHC,AZ,False,5,LF,S,projected,preview,Eduardo Rodriguez,L,0.81,61% hard · 13% break,0.1558242747145282,0.15952586581879236,0.16594296656113194,4.1,0.69588576,fair,Weather not posted; Projected order,104.4 last game; 42.9% pull air; 57.1% ideal AA; 21.4% barrels last 7,1.3339707955368965,0.9675393604866909,1.07,0.986191195344257,1,1.22,107,107 air · switch,23,545,.427,3,41,10,11.5,89.3,42.2,0.196,46.4
48,608369,Corey Seager,TEX,CWS,False,2,SS,L,projected,preview,Sean Burke,R,1.05,60% hard · 38% break,0.15564193818506378,0.15932880051774012,0.16598183089476976,4.42,0.69588576,fair,Weather not posted; Projected order,19.8% vs FF; 19.0% pull air; 14.4% barrels; xSLG 0.465,1.4135229587199052,1.093720472633422,1.1,1.0103108296166314,1,0.85696,110,110 air · LHB,13,309,.418,1,43,10,14.4,91.7,48.5,0.223,43.3
49,694673,Abimelec Ortiz,WSH,COL,True,2,1B,L,projected,preview,Tanner Gordon,R,1.88,46% hard · 32% break,0.15395422542771905,0.16013569242103454,0.16405956536329996,4.42,0.42614035200000006,thin,Short season sample; Weather not posted; Projected order,101.6 last game; 75.4 bat; xISO 0.254; Air starter,1.428835850371825,1.1208479747337439,1.05,1.0515,1,0.8400000000000001,105,105 air · LHB,5,72,.471,1,36,10,11.8,90.2,41.2,0.254,45.1
50,664983,Jake McCarthy,COL,WSH,False,1,LF,L,projected,preview,Matt Waldron,R,1.7,56% hard · 15% break,0.1535279579076003,0.1577617694233039,0.1636423503466235,4.52,0.6186424406400001,fair,Weather not posted; Projected order,14.3% vs RHP last 7; 100.5 last game; 18.3% K; #1,0.8483923576726391,1.0842896242868334,1.05,1.185615325917298,1,1.22,105,105 air · LHB,13,461,.479,0,44,10,5.1,85,27.7,0.13,37.6
51,682928,CJ Abrams,WSH,COL,True,1,DH,L,projected,preview,Tanner Gordon,R,1.88,46% hard · 32% break,0.15299606253135212,0.15682803429379832,0.1630368805896577,4.52,0.656496,fair,Weather not posted; Projected order,88.9% ideal AA; Air starter; 18.9% K; #1,1.3555784211479338,1.15008533160323,1.05,1.0515,1,0.8034,105,105 air · LHB,29,543,.525,1,45,10,10.1,89.5,41.5,0.187,44
52,596019,Francisco Lindor,NYM,MIL,True,1,SS,S,projected,preview,Dustin May,R,0.65,67% hard · 26% break,0.15275736252643188,0.15621121474243782,0.16276525868130673,4.52,0.69588576,fair,Weather not posted; Projected order,12.0% vs hard; 104.8 last game; 73.7% ideal AA; xSLG 0.457,1.2214976397172213,0.9646637406597941,0.97,1.052650392853601,1,1.1415833333333334,97,97 air · switch,13,327,.429,2,44,10,9.6,91,47.4,0.208,46.5
53,687637,Dylan Beavers,BAL,STL,False,8,LF,L,projected,preview,Michael McGreevy,R,1.18,53% hard · 27% break,0.15142195251560908,0.1547679330446674,0.16058412746125458,3.68,0.69588576,fair,Weather not posted; Projected order,40% vs RHP last 7; 23.6% vs hard; 103.1 last game; 33.3% pull air,1.0252394109732696,1.2104614959445568,0.87,1.42,1,1.22,87,87 air · LHB,6,252,.388,,,,7.6,89.1,41.5,0.151,40.9
54,686948,Drake Baldwin,ATL,LAD,True,1,DH,L,projected,preview,Roki Sasaki,R,1.63,42% hard · 36% off,0.15072832969707262,0.15401828079476942,0.16045878133638808,4.52,0.69588576,fair,Weather not posted; Projected order,101.8 last game; 75.2 bat; 12.8% barrels; xSLG 0.494,1.3635580964983047,1.0468266304378744,1.09,1.0256309477133143,1,0.8400000000000001,109,109 air · LHB,21,482,.444,1,42,10,12.8,91.8,52,0.218,31.5
55,691406,Junior Caminero,TB,DET,False,3,3B,R,official,preview,Troy Melton,R,1,65% hard · 24% break,0.15069695254253862,0.15175759546741086,0.16028983512725373,4.32,0.97,stable,,109 last game; 5× 100+ last 3; 60.9% ideal AA; 79.7 bat,1.526236258090952,0.8774418824416748,1.02,1.160661035928075,1,0.8854271400000001,102,102 air · 75°F · cross LF 14 · RHB,35,575,.531,0,40,10,13,93,50.4,0.223,46.5
56,677594,Julio Rodríguez,SEA,PHI,True,3,CF,R,projected,preview,Jesús Luzardo,L,0.81,43% hard · 38% break,0.1501675640981152,0.1534122176986752,0.1596897855911464,4.32,0.69588576,fair,Weather not posted; Projected order,19.8% vs FF; 55% ideal AA; 15% barrels last 7; 76.8 bat,1.1841021407293322,0.9917505890667648,0.98,1.0410314653895374,1,1.19377,98,98 air · RHB,20,530,.412,1,46,10,9.3,89.8,42.7,0.188,39.4
57,673548,Seiya Suzuki,CHC,AZ,False,2,RF,R,projected,preview,Eduardo Rodriguez,L,0.81,61% hard · 13% break,0.14840462641039256,0.1515068735134597,0.15775954768632794,4.42,0.69588576,fair,Weather not posted; Projected order,103.9 last game; 17.3% K; Platoon; #2,1.2117302580645029,0.9067069379095398,1.07,1.3670899110013859,1,0.8400000000000001,107,107 air · RHB,22,507,.481,1,47,10,10.2,88.4,38.3,0.175,42.2
58,575929,Willson Contreras,BOS,MIA,False,4,1B,R,projected,preview,Ryan Gusto,R,1.25,54% hard · 31% break,0.1476108390591708,0.15078700686090063,0.156727594803812,4.22,0.6784886159999999,fair,Weather not posted; Projected order,107 last game; 20% pull air; 75% ideal AA; 77.1 bat,1.492759964883689,0.9983066333207619,0.92,1.1460773253738168,1,0.9169472000000002,92,92 air · RHB,26,501,.526,2,45,10,13.8,89.9,44.3,0.235,49.3
59,802139,JJ Wetherholt,STL,BAL,True,1,SS,L,projected,preview,Kyle Bradish,R,0.97,52% hard · 47% break,0.14723481754297818,0.15024256988045903,0.1564976112743634,4.52,0.69588576,fair,Weather not posted; Projected order,11.8% vs SI; 101.5 last game; 4× 100+ last 3; 88.9% ideal AA,1.0826943389831558,1.0633117984282083,0.87,1.0510901841785847,1,1.22,87,87 air · LHB,17,573,.377,1,43,10,7.5,89.9,44.9,0.182,36.8
60,695670,Harry Ford,WSH,COL,True,7,C,R,projected,preview,Tanner Gordon,R,1.88,46% hard · 32% break,0.1472026769007758,0.15264584519777935,0.15596024917231094,3.82,0.4020192,thin,Short season sample; Weather not posted; Projected order,Air starter; 18.9% K; Platoon,1.0454461545737535,1.2868119513537264,1.05,1.219183590371956,1,1,105,105 air · RHB,2,68,.379,,,,10.3,82.9,30.8,0.124,38.5
61,695600,Carter Jensen,KC,TOR,False,1,C,L,projected,preview,Spencer Miles,R,0.56,58% hard · 42% break,0.14480432420659622,0.14761574626784313,0.1537492088056956,4.52,0.69588576,fair,Weather not posted; Projected order,17.3% vs hard; 107.4 last game; 20–30° last 3; 16.7% barrels last 7,1.1818870143152094,0.9326785129574213,0.98,0.9568970212224361,1,1.20536,98,98 air · LHB,17,488,.401,1,40,10,10.2,90.9,43.2,0.16,38.8
62,695491,Joshua Báez,STL,BAL,True,5,LF,R,projected,preview,Kyle Bradish,R,0.97,52% hard · 47% break,0.14390236956779173,0.1486702019306464,0.15246377737564853,4.1,0.42614035200000006,thin,Short season sample; Weather not posted; Projected order,16.7% vs RHP last 7; 11.1% vs SI; 101.8 last game; 78 bat,1.812556023280109,1.0445188470207962,0.87,1.1198060558881164,1,0.798,87,87 air · RHB,4,45,.450,1,41,10,20,93.4,56,0.299,28
63,665052,Griffin Conine,MIA,BOS,True,7,RF,L,projected,preview,Sonny Gray,R,0.97,58% hard · 37% break,0.14353619226223646,0.14624517722101926,0.1518429462170359,3.82,0.69588576,fair,Weather not posted; Projected order,30% pull air; 80% ideal AA; 15.6% barrels; 92.5 EV,1.6026186550502497,0.917767085278381,0.92,1.38,1,0.85696,92,92 air · LHB,14,217,.513,1,37,10,15.6,92.5,53.3,0.25,45.9
64,608324,Alex Bregman,CHC,AZ,False,4,3B,R,projected,preview,Eduardo Rodriguez,L,0.81,61% hard · 13% break,0.14189401128526088,0.14447034422644311,0.15028631200680598,4.22,0.69588576,fair,Weather not posted; Projected order,14.6% vs hard; 30% pull air; 90% ideal AA; 20% barrels last 7,0.9510498610342697,1.1005069379095398,1.07,0.9798710134887145,1,1.22,107,107 air · RHB,19,595,.415,3,46,10,5.1,88.1,37.6,0.127,47
65,680777,Ryan Jeffers,MIN,ATH,False,3,DH,R,projected,preview,J.T. Ginn,R,0.95,64% hard · 16% break,0.14134493542950627,0.14387691514707746,0.14973157582763266,4.32,0.69588576,fair,Weather not posted; Projected order,64.3% ideal AA; 117 air; Platoon; #3,1.1971220667559277,0.8614312517064708,1.17,1.2091192724531892,1,0.878058125819135,117,117 air · RHB,10,278,.477,0,38,10,10.9,88.8,39.6,0.183,37
66,694192,Jackson Chourio,MIL,NYM,False,1,LF,R,projected,preview,Robert Stock,R,0.54,79% hard · 10% break,0.14110317827564697,0.14533785317538306,0.14957561334447086,4.52,0.44536688639999994,thin,Starter sample thin; Weather not posted; Projected order,105 last game; 12.9% barrels; xSLG 0.469; Air starter,1.292101904585758,1.0297392429380194,0.97,1.0981167843146877,1,0.8560000000000001,97,97 air · RHB,17,442,.458,0,44,10,12.9,91.8,46.8,0.213,28.7
67,571970,Max Muncy,LAD,ATL,False,4,3B,L,projected,preview,AJ Smith-Shawver,R,0,50% hard · 15% break,0.14098837295338965,0.14520741719274077,0.14926891495739494,4.22,0.44536688639999994,thin,Starter sample thin; Weather not posted; Projected order,101.1 last game; 50% pull air; 13.4% barrels; xSLG 0.480,1.5140793131147259,0.8908388388502908,1.09,1.0515,1,0.8736000000000002,109,109 air · LHB,26,458,.506,3,38,10,13.4,90.6,46.5,0.235,53.9
68,677800,Wilyer Abreu,BOS,MIA,False,3,RF,L,projected,preview,Ryan Gusto,R,1.25,54% hard · 31% break,0.13999131345910634,0.1425240260101488,0.1482106921228287,4.32,0.6784886159999999,fair,Weather not posted; Projected order,20% pull air; 66.7% ideal AA; 12.8% barrels; xSLG 0.481,1.338542511347501,0.9782638740685574,0.92,1.185316170824497,1,0.8826688,92,92 air · LHB,22,564,.460,1,47,10,12.8,89.9,44.2,0.225,36.9
69,680869,Zack Gelof,ATH,MIN,True,3,3B,R,projected,preview,Connor Prielipp,L,1.25,42% hard · 47% break,0.13981233385763506,0.1422205131576293,0.148009734450717,4.32,0.69588576,fair,Weather not posted; Projected order,64.7% ideal AA; 8.3% solid; 117 air; Platoon,1.2003760978553077,0.9568136643836258,1.17,1.1035141923444947,1,0.8468645588806839,117,117 air · RHB,14,312,.459,1,44,10,8.3,88.8,42.2,0.173,38.3
70,703607,Henry Bolte,ATH,MIN,True,1,CF,R,projected,preview,Connor Prielipp,L,1.25,42% hard · 47% break,0.13977267055818568,0.14217764593804538,0.1480786892466652,4.52,0.69588576,fair,Weather not posted; Projected order,111.7 last game; 4× 100+ last 3; 77 bat; 117 air,0.8338938693100979,1.0188639036406535,1.17,1.1770778262899464,1,0.9984495229441165,117,117 air · RHB,6,341,.379,0,46,10,7.1,91.1,47.8,0.116,31.9
71,696285,Jacob Young,WSH,COL,True,9,CF,R,projected,preview,Tanner Gordon,R,1.88,46% hard · 32% break,0.13964242240649638,0.14203687660729447,0.14726547153835615,3.55,0.69588576,fair,Weather not posted; Projected order,15.4% vs RHP last 7; 15.4% vs hard; 20% pull air; 60% ideal AA,0.8728443591650366,1.2981369857068836,1.05,1.177572277837958,1,1.22,105,105 air · RHB,10,400,.398,0,36,10,6.4,88,32,0.133,38.7
72,680776,Jarren Duran,BOS,MIA,False,7,LF,L,projected,preview,Ryan Gusto,R,1.25,54% hard · 31% break,0.13922801502857654,0.14169626839820204,0.14702164406070256,3.82,0.6784886159999999,fair,Weather not posted; Projected order,11.1% vs hard; 105.7 last game; 13.3% barrels last 7; 75.1 bat,1.0737619263466451,1.1221301215820325,0.92,1.1210580900047433,1,1.22,92,92 air · LHB,18,521,.370,2,37,10,9.6,89.7,39.7,0.147,39.7
73,691723,Coby Mayo,BAL,STL,False,4,DH,R,projected,preview,Michael McGreevy,R,1.18,53% hard · 27% break,0.1391074659746121,0.14170163346633868,0.14715851021469825,4.22,0.656496,fair,Weather not posted; Projected order,107.6 last game; 4× 100+ last 3; 44.4% pull air; 55.6% ideal AA,1.455643374202548,1.114230708492224,0.87,0.7523307364198573,1,1.22,87,87 air · RHB,17,345,.434,2,38,10,12.7,92,49,0.213,51.5
74,661531,Brian Serven,ATH,MIN,True,9,C,R,projected,preview,Connor Prielipp,L,1.25,42% hard · 47% break,0.1384516846532191,0.14261448477412964,0.1459395400259843,3.55,0.4020192,thin,Short season sample; Weather not posted; Projected order,103.5 last game; 12.1% barrels; 117 air; Platoon,1.3473759204630462,1.0108862543126238,1.17,1.08,1,1,117,117 air · RHB,4,47,.478,,,,12.1,87.6,33.3,0.198,36.4
75,686469,Vinnie Pasquantino,KC,TOR,False,3,1B,L,projected,preview,Spencer Miles,R,0.56,58% hard · 42% break,0.1379172584807414,0.14017235747121148,0.14588391937561573,4.32,0.69588576,fair,Weather not posted; Projected order,16.7% vs RHP last 7; 12.0% vs hard; 107.7 last game; 19.0% pull air,0.9524375130680909,0.8677556096788038,0.98,1.2397087613244977,1,1.22,98,98 air · LHB,8,370,.379,2,41,10,7.5,89.5,41,0.159,43.2
76,686797,Brooks Lee,MIN,ATH,False,7,3B,S,projected,preview,J.T. Ginn,R,0.95,64% hard · 16% break,0.13772121936771634,0.1399604827199492,0.14533958661011923,3.82,0.69588576,fair,Weather not posted; Projected order,chase vs expand; 71.4% ideal AA; 117 air,0.9434116505137637,0.9308372857539907,1.17,1.1843137442044207,1,1.22,117,117 air · switch,20,508,.432,3,38,10,3.8,87.9,32.8,0.111,42.6
77,690993,Colt Keith,DET,TB,True,4,DH,L,official,preview,Freddy Peralta,R,1.47,53% hard · 25% break,0.13726579120907892,0.13797639155456487,0.14509553078149,4.22,0.97,stable,,12.5% vs RHP last 7; 37.5% pull air; 62.5% ideal AA; 12.5% barrels last 7,0.9668155916705338,1.0324458907103018,0.94,1.0810268863408887,1,1.22,94,94 air · 75°F · cross LF 14 · LHB,9,375,.415,,,,7.3,89.1,42.3,0.155,38
78,701538,Jackson Merrill,SD,PIT,True,5,CF,L,projected,preview,Bubba Chandler,R,0.79,55% hard · 29% break,0.13516053410342752,0.13719295054200686,0.14266996420894232,4.1,0.69588576,fair,Weather not posted; Projected order,18.2% vs RHP last 7; 68.8% ideal AA; 12.5% barrels last 7; xSLG 0.463,1.2630378530104935,0.8334751110751302,0.83,1.42,1,1.0339194690265485,83,83 air · LHB,21,545,.409,2,41,10,11.3,90.7,46.6,0.208,37.8
79,666211,Taylor Trammell,HOU,NYY,False,9,LF,L,projected,preview,Elmer Rodríguez,R,0.53,64% hard · 25% break,0.13493066534660042,0.1384717433533248,0.14202643738255297,3.55,0.42015743999999994,thin,Starter sample thin; Weather not posted; Projected order,16.7% vs RHP last 7; 12.5% barrels last 7; 76.3 bat; 12.3% barrels,1.1836119325295464,0.8549680523113097,1.27,1.2660615507929611,1,1.0059127864005912,127,127 air · LHB,7,214,.376,,,,12.3,88.9,37.7,0.194,46.7
80,693307,Dillon Dingler,DET,TB,True,5,C,R,official,preview,Freddy Peralta,R,1.47,53% hard · 25% break,0.13472685289431816,0.13537128349509353,0.14218604684648198,4.1,0.97,stable,,108.7 last game; 35.7% pull air; 64.3% ideal AA; 9% solid,1.3725726893754984,0.9527161756338917,1.02,1.0515,1,0.8940235200000002,102,102 air · 75°F · cross LF 14 · RHB,26,517,.481,0,42,10,10.2,88.6,42.4,0.209,42.1
81,646240,Rafael Devers,SF,CIN,True,2,1B,L,projected,preview,Nick Lodolo,L,1.56,52% hard · 24% break,0.13471381034057844,0.136710141348086,0.14235220821858793,4.42,0.69588576,fair,Weather not posted; Projected order,17.3% vs FF; 100.8 last game; 15.8% barrels last 7; 10.4% solid,1.427570917705356,1.1891347156231433,0.78,0.7375706081243747,1,1.159,78,78 air · LHB,28,559,.480,4,44,10,11,92.6,50.7,0.216,33
82,691781,Brady House,WSH,COL,True,5,3B,R,projected,preview,Tanner Gordon,R,1.88,46% hard · 32% break,0.13402768324361755,0.13596859030880792,0.14140627376875256,4.1,0.69588576,fair,Weather not posted; Projected order,109 last game; 61.5% ideal AA; Air starter; 18.9% K,1.1580419116462757,1.2068271450146268,1.05,0.9682828074689722,1,0.8891148015873016,105,105 air · RHB,9,269,.386,1,36,10,11.2,89.7,47.4,0.181,33.9
83,687952,Christian Encarnacion-Strand,BAL,STL,False,5,3B,R,projected,preview,Michael McGreevy,R,1.18,53% hard · 27% break,0.13401664056582777,0.1364353980207248,0.1413939618604257,4.1,0.6027948979200001,fair,Weather not posted; Projected order,10.4% vs FF; 111.8 last game; 50% pull air; 60% ideal AA,1.6387312372281944,1.1517485791757602,0.87,0.8233135107380007,1,0.9399577121212123,87,87 air · RHB,7,109,.485,3,40,10,17.6,92.2,40.5,0.29,44.6
84,660670,Ronald Acuña Jr.,ATL,LAD,True,2,RF,R,projected,preview,Roki Sasaki,R,1.63,42% hard · 36% off,0.13322871741116418,0.1351050856519772,0.14069228332709496,4.42,0.69588576,fair,Weather not posted; Projected order,111.9 last game; 75.9 bat; 12.2% barrels; 8.1% solid,1.2937209588844214,1.050226630437874,1.06,0.8998002813684187,1,0.8560000000000001,106,106 air · RHB,13,352,.407,1,43,10,12.2,90.2,45.2,0.217,36.2
85,641355,Cody Bellinger,NYY,HOU,True,4,LF,L,projected,preview,Peter Lambert,R,0.88,52% hard · 25% break,0.13259201771475732,0.13460550380726888,0.1398751770016591,4.22,0.656496,fair,Weather not posted; Projected order,12.6% vs FF; 102 last game; 127 air,0.940488276439905,1.056338853535351,1.27,0.9826818934386026,1,0.9568074679024742,127,127 air · LHB,12,443,.423,1,40,10,6.4,89.1,37.5,0.143,42.1
86,572233,Christian Walker,HOU,NYY,False,6,1B,R,projected,preview,Elmer Rodríguez,R,0.53,64% hard · 25% break,0.1321512961701396,0.13516717888980867,0.13923130912444331,3.96,0.44536688639999994,thin,Starter sample thin; Weather not posted; Projected order,11.8% vs SI; 103.6 last game; 12.0% K,1.1953292814455154,0.9876814403384226,1.09,1.1878967404871439,1,0.8644317841079462,109,109 air · RHB,23,522,.434,1,38,10,9.2,89.2,41,0.159,42.5
87,691783,Jordan Lawlar,AZ,CHC,True,9,CF,R,projected,preview,Matthew Boyd,L,1.38,46% hard · 28% break,0.13214209633842294,0.13525603217387183,0.13893545750584715,3.55,0.42614035200000006,thin,Short season sample; Weather not posted; Projected order,14.3% vs LHP last 7; 10.4% vs hard; 36.4% pull air; 81.8% ideal AA,0.8784349986539928,1.172136151366767,1.07,1.1699843783914243,1,1.22,107,107 air · RHB,2,67,.407,,,,4.8,86.7,23.8,0.117,47.6
88,571448,Nolan Arenado,AZ,CHC,True,6,3B,R,projected,preview,Matthew Boyd,L,1.38,46% hard · 28% break,0.1320086772462425,0.1337864931400854,0.13907276066574548,3.96,0.69588576,fair,Weather not posted; Projected order,56.3% pull air; 75% ideal AA; 18.6% K; Platoon,1.0561984330956555,1.0419435302547568,1.07,1.2867951220280691,1,0.85696,107,107 air · RHB,21,484,.435,3,42,10,6.6,85.1,32,0.126,48.2
89,680574,Matt McLain,CIN,SF,False,6,2B,R,projected,preview,Landen Roupp,R,0.67,53% hard · 26% break,0.13179658181571788,0.13355726507486498,0.13883701166930507,3.96,0.69588576,fair,Weather not posted; Projected order,18.2% vs RHP last 7; 83.3% ideal AA; 16.7% barrels last 7,1.1164769961087957,0.8649253845652415,0.87,1.2631866289463718,1,1.22,87,87 air · RHB,13,405,.351,2,38,10,10.3,88,37.1,0.163,36.7
90,676475,Alec Burleson,STL,BAL,True,3,1B,L,projected,preview,Kyle Bradish,R,0.97,52% hard · 47% break,0.13147599144819255,0.1332107780737336,0.13868512254683213,4.32,0.69588576,fair,Weather not posted; Projected order,92.2 EV; xISO 0.240; Platoon; #3,1.304101891649257,0.9800837671010322,0.87,1.225549866998376,1,0.8240000000000001,87,87 air · LHB,21,556,.487,1,40,10,11.5,92.2,49.9,0.24,48.2
91,694208,Moisés Ballesteros,LAA,CLE,True,3,C,L,projected,preview,Joey Cantillo,L,1.04,40% hard · 35% break,0.12883978272361452,0.13036162180498445,0.13575071000661953,4.32,0.69588576,fair,Weather not posted; Projected order,14.3% vs LHP last 7; 13.8% vs break; 20% pull air; 15% barrels last 7,0.9992139578290059,0.9915385225892219,0.85,1.0534237696912383,1,1.22,85,85 air · LHB,6,258,.325,0,44,10,9,90.7,47.2,0.141,36.5
92,666160,Mickey Moniak,COL,WSH,False,7,DH,L,projected,preview,Matt Waldron,R,1.7,56% hard · 15% break,0.12737603261620076,0.12906613825230429,0.133849314745663,3.82,0.6186424406400001,fair,Weather not posted; Projected order,35.3% pull air; 64.7% ideal AA; 18.3% K,1.3787872459049226,0.991316342622355,1.05,1.0515,1,0.85696,105,105 air · LHB,21,352,.523,2,42,10,10,89.7,42.3,0.188,47.3
93,701678,Hao-Yu Lee,DET,TB,True,9,3B,R,official,preview,Freddy Peralta,R,1.47,53% hard · 25% break,0.126870033621239,0.1273097000012713,0.13311109706853333,3.55,0.97,stable,,112.2 last game; 9.7% solid; Platoon,1.0747248133306826,0.963926216950753,1.02,1.1006941717394823,1,1.22,102,102 air · 75°F · cross LF 14 · RHB,7,246,.428,,,,8.5,89.5,40.3,0.164,30.1
94,596142,Gary Sánchez,MIL,NYM,False,5,DH,R,projected,preview,Robert Stock,R,0.54,79% hard · 10% break,0.12685136346713494,0.1292448813186321,0.13343002485753386,4.1,0.42015743999999994,thin,Starter sample thin; Weather not posted; Projected order,22.2% pull air; 55.6% ideal AA; Air starter; Platoon,1.1417311698774357,1.0358164670642687,0.97,1.2089778102558721,1,0.8355360000000001,97,97 air · RHB,10,232,.429,,,,8.4,88.4,36.4,0.191,43.4
95,660821,Jesús Sánchez,TOR,KC,True,5,DH,L,projected,preview,Randy Dobnak,R,0.39,48% hard · 31% break,0.12669711410779277,0.12838397102529853,0.13325912667284096,4.1,0.6013503359999999,fair,Weather not posted; Projected order,12.6% vs SI; 14.8% K,1.1467354051711185,0.9615370781169557,0.98,1.0602562152942128,1,1,98,98 air · LHB,8,281,.425,,,,11.5,90.8,46.4,0.177,31.8
96,673237,Yainer Diaz,HOU,NYY,False,8,C,R,projected,preview,Elmer Rodríguez,R,0.53,64% hard · 25% break,0.1264964135382291,0.12874238813693117,0.13278806278147948,3.68,0.44536688639999994,thin,Starter sample thin; Weather not posted; Projected order,12.5% vs RHP last 7; 105 last game; 4× 100+ last 3; 27.3% pull air,0.9617724316563044,0.8549680523113097,1.09,1.2493492527353922,1,1.22,109,109 air · RHB,10,262,.422,,,,5.7,88.2,36.4,0.136,37.3
97,694376,Shay Whitcomb,SF,CIN,True,7,3B,R,projected,preview,Nick Lodolo,L,1.56,52% hard · 24% break,0.125769844299635,0.12830206399233857,0.13207437259889784,3.82,0.3424608,thin,Short season sample; Weather not posted; Projected order,11.8% solid; 17.5% K; Platoon,1.2048040698367988,1.130914839210624,0.87,1.08,1,1,87,87 air · RHB,2,31,.300,,,,11.8,86.9,41.2,0.219,23.5
98,701785,Kaelen Culpepper,MIN,ATH,False,6,SS,R,projected,preview,J.T. Ginn,R,0.95,64% hard · 16% break,0.12565539963364825,0.1278570841170138,0.13202953812923618,3.96,0.42614035200000006,thin,Short season sample; Weather not posted; Projected order,100.1 last game; 26.3% pull air; 73.7% ideal AA; 10% solid,0.9933690301303886,0.899812321237656,1.17,1.0035079028315936,1,1.1454775044563281,117,117 air · RHB,2,59,.481,1,38,10,5.1,89.4,35,0.145,42.5
99,687093,Vaughn Grissom,LAA,CLE,True,4,1B,R,projected,preview,Joey Cantillo,L,1.04,40% hard · 35% break,0.1252007220267601,0.12642860523458332,0.1316631372693889,4.22,0.69588576,fair,Weather not posted; Projected order,16.7% vs LHP last 7; 11.1% vs break; 104.9 last game; 15% barrels last 7,0.927495604990038,0.9926988655293651,0.85,1.1167340838321749,1,1.22,85,85 air · RHB,9,350,.390,2,42,10,7.1,87.9,37.6,0.136,41.6
100,807712,Luke Keaschall,MIN,ATH,False,1,RF,R,projected,preview,J.T. Ginn,R,0.95,64% hard · 16% break,0.1250176927133621,0.12623079118792957,0.13159788991881347,4.52,0.69588576,fair,Weather not posted; Projected order,11.8% vs SI; 14.3% barrels last 7; 117 air; #1,0.7251846957226501,1.0173734255383875,1.17,0.9054419047963538,1,1.22,117,117 air · RHB,8,494,.384,1,45,10,3.7,85.2,29.5,0.117,39
101,686611,Dylan Crews,WSH,COL,True,3,RF,R,projected,preview,Tanner Gordon,R,1.88,46% hard · 32% break,0.12381024113021902,0.12492580413768228,0.13017111207028628,4.32,0.69588576,fair,Weather not posted; Projected order,76.5% ideal AA; 9% solid; Air starter; 18.9% K,1.15409179155274,1.1355973323313222,1.05,0.8877765404775981,1,0.8240000000000001,105,105 air · RHB,10,331,.357,0,37,10,10,90.6,43.7,0.184,33.3
102,695681,Christian Moore,LAA,CLE,True,6,2B,R,projected,preview,Joey Cantillo,L,1.04,40% hard · 35% break,0.12317341960060701,0.12522337630449543,0.12928841333211064,3.96,0.3630084480000001,thin,Short season sample; Weather not posted; Projected order,16.7% vs LHP last 7; 100.6 last game; 20% pull air; 60% ideal AA,0.9665404914583592,0.9498950350562738,0.85,1.2188060558881166,1,1.22,85,85 air · RHB,1,39,.278,1,39,10,20,90.7,38.1,0.132,23.8
103,672275,Patrick Bailey,CLE,LAA,False,7,C,S,projected,preview,Grayson Rodriguez,R,1.36,54% hard · 22% break,0.12124397518557777,0.12224608079414045,0.12708590899326752,3.82,0.656496,fair,Weather not posted; Projected order,12.5% vs RHP last 7; 50% pull air; 12.5% barrels last 7; Air starter,0.964868375429182,1.1023118650085904,0.85,1.0693736735003092,1,1.22,85,85 air · switch,7,283,.312,,,,7,90.6,41.7,0.155,34.2
104,694671,Wyatt Langford,TEX,CWS,False,3,LF,R,projected,preview,Sean Burke,R,1.05,60% hard · 38% break,0.12114616557483184,0.12204653001257759,0.1272256454243466,4.32,0.69588576,fair,Weather not posted; Projected order,27.3% pull air; 114 air; #3,1.1192823254960793,0.9018484300509608,1.14,0.9811888496418604,1,0.85696,114,114 air · RHB,15,348,.463,2,45,10,7.1,89.3,39.6,0.157,43.3
105,663886,Tyler Stephenson,CIN,SF,False,4,C,R,projected,preview,Landen Roupp,R,0.67,53% hard · 26% break,0.12048002343873979,0.12132657827839599,0.12644590865554797,4.22,0.69588576,fair,Weather not posted; Projected order,10.4% vs SI; 21.4% pull air; 57.1% ideal AA; 12.4% barrels,1.2673059124112847,0.9177573255110439,0.87,1.1465713123986059,1,0.85696,87,87 air · RHB,12,375,.404,1,37,10,12.4,91.1,45.5,0.205,35.5
106,662139,Daulton Varsho,HOU,NYY,False,5,CF,L,projected,preview,Elmer Rodríguez,R,0.53,64% hard · 25% break,0.1198036854670459,0.12113845004976098,0.12564485432173356,4.1,0.44536688639999994,thin,Starter sample thin; Weather not posted; Projected order,9.3% vs hard; 106.1 last game; 56.3% ideal AA; 12.0% K,0.81701080323163,0.9726759769847118,1.27,0.9924051788517749,1,1.0364638222222222,127,127 air · LHB,9,441,.362,1,39,10,6,86.9,37.8,0.119,37.1
107,573262,Mike Yastrzemski,ATL,LAD,True,7,LF,L,projected,preview,Roki Sasaki,R,1.63,42% hard · 36% off,0.11941830979416326,0.12025770519589074,0.1250790080154229,3.82,0.656496,fair,Weather not posted; Projected order,102.8 last game; 4× 100+ last 3; 10.4% solid; Air starter,1.0354065959312264,1.1716468970697136,1.09,0.8675416617052611,1,1,109,109 air · LHB,9,330,.383,,,,7.1,90.9,44.3,0.134,48.6
108,689414,Liam Hicks,TB,DET,False,4,C,L,official,preview,Troy Melton,R,1,65% hard · 24% break,0.11935758574545932,0.11960146290320062,0.12520855663788338,4.22,0.97,stable,,103.2 last game; Platoon,0.8356585444817823,0.9130260256814058,0.94,1.2085039651330072,1,1.119594,94,94 air · 75°F · cross LF 14 · LHB,17,473,.448,2,37,10,4.1,84.9,27.9,0.1,43.6
109,694203,Denzer Guzman,LAA,CLE,True,8,3B,R,projected,preview,Joey Cantillo,L,1.04,40% hard · 35% break,0.11821906771358098,0.11888298717817625,0.12368530988784962,3.68,0.69588576,fair,Weather not posted; Projected order,28.6% vs LHP last 7; 28.6% pull air; 14.3% barrels last 7,0.8533957323442607,0.9498950350562738,0.85,1.42,1,1.22,85,85 air · RHB,6,212,.357,,,,6.3,86.6,32.6,0.105,42.4
110,814430,Brett Callahan,DET,TB,True,1,LF,L,official,preview,Freddy Peralta,R,1.47,53% hard · 25% break,0.11779503847387662,0.1187478548209775,0.12360922518872762,4.52,0.5060000000000001,thin,Short season sample,101.2 last game; xSLG 0.497; #1,1.067967580068187,0.9658304613481774,0.94,0.8865000000000001,1,1,94,94 air · 75°F · cross LF 14 · LHB,1,22,.579,,,,7.1,89.5,50,0.2,35.7
111,518692,Freddie Freeman,LAD,ATL,False,2,1B,L,projected,preview,AJ Smith-Shawver,R,0,50% hard · 15% break,0.11745025651428764,0.11846460347195376,0.12319080558027197,4.42,0.44536688639999994,thin,Starter sample thin; Weather not posted; Projected order,20–30° last 5; 8.3% solid; xSLG 0.482; 17.5% K,1.05950482860974,0.8934970800570123,1.09,0.9888898950930307,1,0.8693367139959433,109,109 air · LHB,15,550,.458,0,45,10,8.5,89.6,41.8,0.185,32.8
112,686527,Dominic Canzone,SEA,PHI,True,2,RF,L,projected,preview,Jesús Luzardo,L,0.81,43% hard · 38% break,0.11683595610597167,0.11738815064628116,0.12251433565591888,4.42,0.69588576,fair,Weather not posted; Projected order,107 last game; 4× 100+ last 3; 57.9% ideal AA; 12.2% barrels,1.3391939550985847,0.8164690753967153,0.97,0.930110205545807,1,0.8854271400000001,97,97 air · LHB,19,407,.477,0,45,10,12.2,91.2,44.6,0.211,40.6
113,596146,Max Kepler,AZ,CHC,True,5,LF,L,projected,preview,Matthew Boyd,L,1.38,46% hard · 28% break,0.11609431378413988,0.11671068722310585,0.12156623793234317,4.1,0.6008359679999999,fair,Weather not posted; Projected order,18.6% K,0.8944165517081799,1.1316132064863873,1.07,0.9,1,1,107,107 air · LHB,2,131,.322,,,,7.7,88.7,40.7,0.132,41.8
114,695720,Tommy White,ATH,MIN,True,5,1B,R,projected,preview,Connor Prielipp,L,1.25,42% hard · 47% break,0.11605480311765563,0.11661181395902043,0.1215228639434415,4.1,0.6430845312,fair,Weather not posted; Projected order,18.8% vs FF; 101.5 last game; 87.0% ideal AA; 21.7% barrels last 7,0.8716134798113235,1.125255927219966,1.17,0.7355,1,1.15318182,117,117 air · RHB,2,135,.331,2,42,10,9.1,85.5,31.8,0.135,28.2
115,695731,Braden Montgomery,CWS,TEX,True,4,RF,S,projected,preview,MacKenzie Gore,L,1.11,59% hard · 29% break,0.1149363800182526,0.1153351306908309,0.12034638510620778,4.22,0.69588576,fair,Weather not posted; Projected order,103.4 last game; 61.1% ideal AA; 9.1% solid; 112 air,0.8475023277391274,1.006434270320613,1.12,0.7829650091564346,1,1.22,112,112 air · switch,5,265,.371,1,39,10,4.6,89.3,41.7,0.137,36.6
116,605141,Mookie Betts,LAD,ATL,False,3,SS,R,projected,preview,AJ Smith-Shawver,R,0,50% hard · 15% break,0.11481474874229593,0.11547027325065462,0.12025291009290819,4.32,0.44536688639999994,thin,Starter sample thin; Weather not posted; Projected order,107.1 last game; 63.2% ideal AA; 17.5% K; #3,1.0758594108214397,0.8807602675431481,1.06,0.9544730569569351,1,0.9188679770679771,106,106 air · RHB,16,400,.404,1,45,10,7.4,90,37.8,0.151,37.5
117,668904,Royce Lewis,MIN,ATH,False,4,1B,R,projected,preview,J.T. Ginn,R,0.95,64% hard · 16% break,0.1147903251076155,0.1151772777635025,0.12018607937623788,4.22,0.69588576,fair,Weather not posted; Projected order,22.7% pull air; 77.3% ideal AA; 75.2 bat; 117 air,1.1738013358583534,0.9030551977877662,1.17,0.8316644813861669,1,0.8826688,117,117 air · RHB,13,400,.406,0,39,10,11.4,89.9,40.8,0.168,47.5
118,624424,Michael Conforto,CHC,AZ,False,8,DH,L,projected,preview,Eduardo Rodriguez,L,0.81,61% hard · 13% break,0.11478628848799668,0.11517291507401428,0.1199284686904966,3.68,0.69588576,fair,Weather not posted; Projected order,54.5% pull air; 17.3% K,1.3138503350772912,0.9133990550935505,1.07,0.9,1,0.9790578407079645,107,107 air · LHB,12,240,.469,,,,11.3,90.5,41.8,0.193,46.8
119,622268,Donovan Walton,ATH,MIN,True,6,2B,L,projected,preview,Connor Prielipp,L,1.25,42% hard · 47% break,0.11438822838114297,0.1147427004866004,0.11963230928532859,3.96,0.69588576,fair,Weather not posted; Projected order,21.1% pull air; 117 air,0.8471479945077065,0.9828014743589867,1.17,0.9,1,1.1415488215488216,117,117 air · LHB,4,187,.441,,,,4.5,87.6,34.1,0.122,47
120,672640,Otto Lopez,MIA,BOS,True,1,SS,R,projected,preview,Sonny Gray,R,0.97,58% hard · 37% break,0.11380444711697951,0.1141117625669803,0.11921722802536568,4.52,0.69588576,fair,Weather not posted; Projected order,13.3% vs RHP last 7; 103.6 last game; #1,0.7980851974390611,0.8716274673113147,0.92,1.0290747411841554,1,1.22,92,92 air · RHB,9,561,.444,0,46,10,6.2,89.1,41,0.137,31.6
121,663993,Nathaniel Lowe,CLE,LAA,False,5,1B,L,projected,preview,Grayson Rodriguez,R,1.36,54% hard · 22% break,0.11357146479109606,0.11385996040575164,0.11879964338637593,4.1,0.69588576,fair,Weather not posted; Projected order,103.9 last game; 57.7% ideal AA; Air starter,1.1563562356668298,1.0516773472543133,0.85,1.0452037686879831,1,0.8652000000000001,85,85 air · LHB,14,345,.463,1,44,10,8.8,89.2,41.6,0.172,36.9
122,665862,Jazz Chisholm Jr.,NYY,HOU,True,7,2B,L,projected,preview,Peter Lambert,R,0.88,52% hard · 25% break,0.11352419830242642,0.11380887582688681,0.11862067639890159,3.82,0.69588576,fair,Weather not posted; Projected order,38.9% pull air; 72.2% ideal AA; 127 air,1.15720401668956,0.8767809987287178,1.27,0.9464823484418494,1,0.85696,127,127 air · LHB,18,478,.397,,,,8.8,90.7,41.8,0.155,53
123,661388,William Contreras,MIL,NYM,False,3,C,R,projected,preview,Robert Stock,R,0.54,79% hard · 10% break,0.11324094346447625,0.11368219553906656,0.1185256421087934,4.32,0.44536688639999994,thin,Starter sample thin; Weather not posted; Projected order,106.6 last game; 4× 100+ last 3; 9.7% solid; Air starter,1.0250759936547775,1.00702574193096,0.97,0.9718398443080554,1,0.8816800000000001,97,97 air · RHB,12,527,.397,1,46,10,8,90.2,44,0.178,36.6
124,694374,Tim Tawa,AZ,CHC,True,7,1B,R,projected,preview,Matthew Boyd,L,1.38,46% hard · 28% break,0.11309869605437306,0.11334900237828416,0.11815567069931614,3.82,0.69588576,fair,Weather not posted; Projected order,105.4 last game; 75% ideal AA; 20% barrels last 7; 18.6% K,1.114202877997589,1.0419435302547568,1.07,0.7,1,1.19377,107,107 air · RHB,8,245,.404,1,42,10,9.4,90.9,45.7,0.165,38.7
125,806367,Turner Hill,SF,CIN,True,4,LF,L,projected,preview,Nick Lodolo,L,1.56,52% hard · 24% break,0.1121674881857932,0.112515529432332,0.11731075746331493,4.22,0.3424608,thin,Short season sample; Weather not posted; Projected order,11.8% vs FF; 62.5% ideal AA; 12.5% barrels last 7; 17.5% K,0.8641975308641976,1.1824152703246755,0.78,0.9,1,1.22,78,78 air · LHB,0,22,.389,,,,7.1,85.8,28.6,0.132,42.9
126,679529,Spencer Torkelson,DET,TB,True,7,1B,R,official,preview,Freddy Peralta,R,1.47,53% hard · 25% break,0.11149344659223344,0.11153236875870454,0.11640287178377728,3.82,0.97,stable,,88.9% ideal AA; 12.4% barrels,1.2690887246575346,0.9527161756338917,1.02,0.9940190798913329,1,0.8240000000000001,102,102 air · 75°F · cross LF 14 · RHB,20,513,.410,,,,12.4,89.4,41.2,0.183,46
127,669003,Garrett Mitchell,MIL,NYM,False,7,CF,L,projected,preview,Robert Stock,R,0.54,79% hard · 10% break,0.11146282778811091,0.11167060352277702,0.11636946132488381,3.82,0.42015743999999994,thin,Starter sample thin; Weather not posted; Projected order,104.2 last game; 4× 100+ last 3; 77.5 bat; 12.6% barrels,1.1040091788518738,1.0358164670642687,0.97,0.9125512614676305,1,1,97,97 air · LHB,9,433,.420,,,,12.6,92.9,51.5,0.184,33.1
128,671976,Tristan Peters,CWS,TEX,True,7,LF,L,projected,preview,MacKenzie Gore,L,1.11,59% hard · 29% break,0.11104876469647068,0.11113348176171844,0.11591772966995899,3.82,0.69588576,fair,Weather not posted; Projected order,23.6% vs FF; 103.4 last game; 4× 100+ last 3; 41.2% pull air,0.9298949969539249,1.117469930384535,1.1,0.72,1,1.22,110,110 air · LHB,11,396,.460,,,,5.9,87.2,32.1,0.134,52.1
129,663586,Austin Riley,ATL,LAD,True,8,3B,R,projected,preview,Roki Sasaki,R,1.63,42% hard · 36% off,0.11096172174622744,0.11103940766014075,0.11575532888635927,3.68,0.69588576,fair,Weather not posted; Projected order,105.6 last game; 30% pull air; 75.7 bat; 12.1% barrels,1.2226740634936102,1.0468266304378744,1.06,0.8808098350010496,1,0.8902400000000001,106,106 air · RHB,15,523,.364,0,38,10,12.1,91.4,45.8,0.182,38.9
130,676609,José Caballero,NYY,HOU,True,9,3B,R,projected,preview,Peter Lambert,R,0.88,52% hard · 25% break,0.1099507772531239,0.10994680114039546,0.11458836082759531,3.55,0.69588576,fair,Weather not posted; Projected order,11.1% vs hard; 100.5 last game; 61.5% ideal AA,0.8318861028394369,1.0115641906933908,1.09,0.9899053415808985,1,1.22,109,109 air · RHB,12,381,.372,,,,4.2,84,26,0.109,44
131,664034,Ty France,SD,PIT,True,4,1B,R,projected,preview,Bubba Chandler,R,0.79,55% hard · 29% break,0.1096088833419965,0.10957728973902048,0.11451208938679328,4.22,0.69588576,fair,Weather not posted; Projected order,10.4% vs FF; 20% pull air; 92.1 EV,1.225752508627575,0.973382017901426,0.84,1.029412480472825,1,0.8112,84,84 air · RHB,18,387,.507,1,43,10,9.9,92.1,48.7,0.182,38.4
132,669357,Nolan Gorman,STL,BAL,True,6,DH,L,projected,preview,Kyle Bradish,R,0.97,52% hard · 47% break,0.10878003854615503,0.10867131096583305,0.11350553809740387,3.96,0.656496,fair,Weather not posted; Projected order,,1.0706846486388253,0.9438186781345942,0.87,1.0386101087834558,1,1,87,87 air · LHB,7,233,.312,,,,9.2,89.1,43.5,0.151,42.7
133,622761,Jorge Mateo,TB,DET,False,8,SS,R,official,preview,Troy Melton,R,1,65% hard · 24% break,0.1082884005016632,0.1082331679172921,0.1128461165624609,3.68,0.93744,stable,,,1.0794863548824356,0.9247384764367241,1.02,1.0007599900242483,1,1,102,102 air · 75°F · cross LF 14 · RHB,5,154,.389,,,,10,88.9,42,0.177,40
134,666176,Jo Adell,CLE,LAA,False,4,RF,R,projected,preview,Grayson Rodriguez,R,1.36,54% hard · 22% break,0.10801835294197357,0.10785827954926896,0.11277541773804141,4.22,0.69588576,fair,Weather not posted; Projected order,101.5 last game; 6× 100+ last 3; 25% pull air; 68.8% ideal AA,1.2292272910211863,1.0038766774063506,0.85,0.8347589612064175,1,0.9307029228282828,85,85 air · RHB,20,536,.408,2,39,10,9.9,90.5,45.9,0.195,38.9
135,592518,Manny Machado,SD,PIT,True,3,3B,R,projected,preview,Bubba Chandler,R,0.79,55% hard · 29% break,0.10758225228564829,0.10738695157467026,0.11233456666285475,4.32,0.69588576,fair,Weather not posted; Projected order,8.8% vs hard; 75% ideal AA; #3,1.23544064027214,0.9319959818774817,0.84,1.0029124957835736,1,0.8034,84,84 air · RHB,24,555,.404,1,45,10,9.7,90.5,44.7,0.18,42
136,699393,Pedro Ramírez,CHC,AZ,False,7,2B,S,projected,preview,Eduardo Rodriguez,L,0.81,61% hard · 13% break,0.10755891710348056,0.10736173142425665,0.1121165583654668,3.82,0.69588576,fair,Weather not posted; Projected order,11.1% vs FF; 4× 100+ last 3; 20% pull air; 17.3% K,0.7395412864633143,1.0116322816002643,1.07,0.97,1,1.22,107,107 air · switch,3,175,.437,1,43,10,3.9,89.3,42.2,0.096,38.3
137,681393,Connor Norby,COL,WSH,False,6,2B,R,projected,preview,Matt Waldron,R,1.7,56% hard · 15% break,0.10677384372909425,0.10646004684479715,0.11132083173113402,3.96,0.6186424406400001,fair,Weather not posted; Projected order,18.3% K,0.9212935344508006,1.0780233466033646,1.05,0.7386800799942702,1,1.1450287558685444,105,105 air · RHB,5,277,.353,,,,7.1,87.6,38.1,0.138,40
138,620443,Luis Torrens,NYM,MIL,True,8,C,R,projected,preview,Dustin May,R,0.65,67% hard · 26% break,0.10672609172003365,0.10643430862774417,0.11114889082598975,3.68,0.656496,fair,Weather not posted; Projected order,16.7% vs RHP last 7; 11.1% vs hard,0.9534590957319447,0.9707833368099901,0.97,1.1033887937812499,1,1,97,97 air · RHB,8,239,.406,,,,5.9,88.3,40.7,0.136,30.8
139,677649,Ezequiel Duran,TEX,CWS,False,5,CF,R,projected,preview,Sean Burke,R,1.05,60% hard · 38% break,0.10582377232155084,0.10548642519886897,0.11034045415668607,4.1,0.69588576,fair,Weather not posted; Projected order,20% pull air; 70% ideal AA; 114 air,0.9240814241878672,0.9567950363355376,1.14,0.8339206068870431,1,0.9777189981024669,114,114 air · RHB,14,477,.445,1,42,10,6.2,88.7,37,0.129,38
140,668930,Brice Turang,MIL,NYM,False,2,2B,L,projected,preview,Robert Stock,R,0.54,79% hard · 10% break,0.10560677063250695,0.10500863567773056,0.11021239986686562,4.42,0.44536688639999994,thin,Starter sample thin; Weather not posted; Projected order,70% ideal AA; 9.2% solid; Air starter; #2,1.0434901934718754,0.9511337338611956,0.97,0.9355385752095924,1,0.8034,97,97 air · LHB,16,555,.428,0,47,10,7.5,90.2,41.5,0.172,28.2
141,666182,Bo Bichette,NYM,MIL,True,2,3B,R,projected,preview,Dustin May,R,0.65,67% hard · 26% break,0.10528358440032645,0.10490260200319035,0.10986011236002614,4.42,0.69588576,fair,Weather not posted; Projected order,9.8% vs hard; 111.8 last game; 5× 100+ last 3; #2,0.8732195012149526,0.916462888625392,0.97,0.930046911150862,1,1.0005557056451613,97,97 air · RHB,14,566,.393,2,42,10,6.4,89.6,41.4,0.136,26.1
142,687401,Joey Ortiz,MIL,NYM,False,8,3B,R,projected,preview,Robert Stock,R,0.54,79% hard · 10% break,0.10525485539529365,0.10460880743919454,0.10955257760205632,3.68,0.44536688639999994,thin,Starter sample thin; Weather not posted; Projected order,12.5% vs RHP last 7; Air starter,0.7799063763894161,1.015261051933584,0.97,1.0269429021446574,1,1.22,97,97 air · RHB,7,331,.375,2,40,10,4.2,88.5,36.7,0.098,32.9
143,664728,Kyle Isbel,KC,TOR,False,9,CF,L,projected,preview,Spencer Miles,R,0.56,58% hard · 42% break,0.1052031644876091,0.10481568593455182,0.10943629474147158,3.55,0.69588576,fair,Weather not posted; Projected order,20% vs RHP last 7; 12.6% vs hard; 104.1 last game; heart vs in-zone,0.7392548183516084,0.9501080243093919,0.98,1.312643747506576,1,1.1313792,98,98 air · LHB,6,244,.368,,,,3.4,89.1,34.7,0.092,31.8
144,694249,Cole Carrigg,COL,WSH,False,2,CF,S,projected,preview,Matt Waldron,R,1.7,56% hard · 15% break,0.10408042470671325,0.10345941217861299,0.10854947922203703,4.42,0.583624944,fair,Weather not posted; Projected order,55.6% ideal AA; 9.2% solid; 18.3% K; #2,0.8605241396803931,1.0780233466033646,1.05,0.8792614432307784,1,0.8240000000000001,105,105 air · switch,5,248,.446,0,39,10,4.3,86.5,31.9,0.123,47.2
145,668952,Ryan Kreidler,MIN,ATH,False,9,2B,R,projected,preview,J.T. Ginn,R,0.95,64% hard · 16% break,0.10362800299949218,0.10306010651923814,0.1077312824773018,3.55,0.656496,fair,Weather not posted; Projected order,101.4 last game; 117 air,0.9848586483675438,0.8739562501052913,1.17,0.9867013520702781,1,1,117,117 air · RHB,6,226,.378,,,,8.1,87.9,36.6,0.158,42.9
146,669016,Brandon Marsh,PHI,SEA,False,7,LF,L,projected,preview,Bryan Woo,R,0.98,66% hard · 28% break,0.10348159552358376,0.1029550521538477,0.10768937957431843,3.82,0.69588576,fair,Weather not posted; Projected order,8.5% solid; Platoon,1.106200713137385,0.8970678450578411,0.97,1.0867192780934731,1,0.8440162271805274,97,97 air · LHB,17,497,.433,1,36,10,8.5,89.4,44,0.156,37.5
147,643289,Mauricio Dubón,ATL,LAD,True,4,SS,R,projected,preview,Roki Sasaki,R,1.63,42% hard · 36% off,0.10339306166795952,0.10285936671460438,0.10773853595709526,4.22,0.69588576,fair,Weather not posted; Projected order,Air starter,0.736376444874707,1.050226630437874,1.06,0.8630853055919486,1,1.0633122171945701,106,106 air · RHB,10,504,.393,0,36,10,3.9,86.7,30.2,0.11,31.2
148,680779,Henry Davis,PIT,SD,False,9,C,R,projected,preview,Randy Vásquez,R,1.14,70% hard · 22% break,0.10315392198294968,0.10254377360888145,0.10721854126781821,3.55,0.656496,fair,Weather not posted; Projected order,Air starter; 14.9% K,1.051279792438259,1.1121630612004665,0.84,1.0032506991091235,1,1,84,84 air · RHB,8,262,.295,,,,8.6,89.9,38.9,0.132,54.3
149,805367,Chase Meidroth,CWS,TEX,True,6,2B,R,projected,preview,MacKenzie Gore,L,1.11,59% hard · 29% break,0.10257541557957398,0.10197567284900777,0.10676066925819659,3.96,0.69588576,fair,Weather not posted; Projected order,8.8% vs FF; 100.1 last game; 20–30° last 5; 86.4% ideal AA,0.7563099003619693,1.0255908011868866,1.14,0.8278419598018956,1,1.1208212037037038,114,114 air · RHB,12,535,.398,0,42,10,4.5,87.8,34.9,0.099,40.7
150,687551,Drew Gilbert,SF,CIN,True,1,CF,L,projected,preview,Nick Lodolo,L,1.56,52% hard · 24% break,0.10244438723709881,0.10183406030525644,0.10679825214671824,4.52,0.69588576,fair,Weather not posted; Projected order,12.6% vs FF; 105.5 last game; 75% ideal AA; 16.7% barrels last 7,0.8044074165840458,1.2031152260371512,0.78,0.72,1,1.22,78,78 air · LHB,7,324,.377,2,36,10,4.8,86.7,35.8,0.123,43.7
151,677951,Bobby Witt Jr.,KC,TOR,False,2,SS,R,projected,preview,Spencer Miles,R,0.56,58% hard · 42% break,0.10204126422306799,0.10139837383938799,0.10633127542885758,4.42,0.69588576,fair,Weather not posted; Projected order,55.6% ideal AA; 92.5 EV; xSLG 0.506; #2,1.2057162527512673,0.8022838526365452,0.98,0.8479267980942857,1,0.8487200000000001,98,98 air · RHB,16,504,.458,3,46,10,11.6,92.5,51.3,0.203,28.7
152,650490,Yandy Díaz,TB,DET,False,1,DH,R,official,preview,Troy Melton,R,1,65% hard · 24% break,0.10199807172291094,0.10178952567505739,0.10631283860175102,4.52,0.97,stable,,106.6 last game; #1,1.026384804029724,0.8774418824416748,1.02,0.9247561743137334,1,0.78,102,102 air · 75°F · cross LF 14 · RHB,19,564,.463,2,44,10,6.8,90.7,47.3,0.158,23
153,683002,Gunnar Henderson,BAL,STL,False,3,SS,L,projected,preview,Michael McGreevy,R,1.18,53% hard · 27% break,0.10198964886203943,0.1013425890951577,0.10624536917045824,4.32,0.69588576,fair,Weather not posted; Projected order,73.3% ideal AA; Air starter; 17.0% K; #3,1.0425931956901018,1.0166614959445568,0.87,0.9031914893139144,1,0.8487200000000001,87,87 air · LHB,20,592,.392,0,43,10,7.1,89.8,44.8,0.153,43.6
154,671732,Lawrence Butler,ATH,MIN,True,4,RF,L,projected,preview,Connor Prielipp,L,1.25,42% hard · 47% break,0.10167122224147981,0.10099844062404251,0.10586853911676039,4.22,0.69588576,fair,Weather not posted; Projected order,104.2 last game; 117 air,0.9348069562403436,0.9314559272199661,1.17,0.918138304479158,1,0.78,117,117 air · LHB,11,414,.365,1,42,10,7.4,89.4,45.5,0.136,34.9
155,650333,Luis Arraez,PHI,SEA,False,4,2B,L,projected,preview,Bryan Woo,R,0.98,66% hard · 28% break,0.10149518369111561,0.10080818203994957,0.10567750729450824,4.22,0.69588576,fair,Weather not posted; Projected order,15.4% vs RHP last 7; 65% ideal AA,0.6013225422025614,0.9597759742642363,0.97,1.088245720478888,1,1.19377,97,97 air · LHB,6,549,.440,1,38,10,1.2,86.6,19.6,0.092,30.6
156,645277,Ozzie Albies,ATL,LAD,True,6,2B,S,projected,preview,Roki Sasaki,R,1.63,42% hard · 36% off,0.10110862988422141,0.10039040320785131,0.10517126495634625,3.96,0.69588576,fair,Weather not posted; Projected order,20% pull air; 60% ideal AA; Air starter,0.9377125927519966,1.0468266304378744,1.08,0.9022000224382363,1,0.8355360000000001,108,108 air · switch,20,563,.420,0,41,10,4.1,86.9,27.8,0.125,45.3
157,666126,Carlos Cortes,ATH,MIN,True,8,LF,L,projected,preview,Connor Prielipp,L,1.25,42% hard · 47% break,0.10055451475017765,0.09979152778761224,0.10446541324424191,3.68,0.69588576,fair,Weather not posted; Projected order,100.5 last game; 117 air,0.8922029891782237,0.9763204724465028,1.17,0.9,1,0.9692878787878787,117,117 air · LHB,8,310,.407,,,,6.6,89.3,37.4,0.134,29.8
158,607043,Brandon Nimmo,TEX,CWS,False,4,RF,L,projected,preview,Sean Burke,R,1.05,60% hard · 38% break,0.10047649220110383,0.09970720273674472,0.1045726138969326,4.22,0.69588576,fair,Weather not posted; Projected order,8.6% solid; 92.2 EV; xSLG 0.471; 110 air,1.0987435757098458,0.9385576685692226,1.1,0.7638485893699594,1,0.8240000000000001,110,110 air · LHB,13,538,.416,0,44,10,10.2,92.2,50.7,0.191,31.4
159,687529,Grant McCray,SF,CIN,True,8,RF,L,projected,preview,Nick Lodolo,L,1.56,52% hard · 24% break,0.10046579841124986,0.0990708379366706,0.10436958217529695,3.68,0.4020192,thin,Short season sample; Weather not posted; Projected order,105 last game; 12.5% barrels; 17.5% K,1.106352359985715,1.130914839210624,0.78,0.9,1,1,78,78 air · LHB,1,54,.250,,,,12.5,87.2,28.1,0.152,37.5
160,701675,Nathan Church,STL,BAL,True,8,CF,L,projected,preview,Kyle Bradish,R,0.97,52% hard · 47% break,0.10041626745945169,0.09964211316374838,0.1043160820141563,3.68,0.69588576,fair,Weather not posted; Projected order,102.8 last game,0.890071162094293,0.9110150893166056,0.87,1.0304261354669044,1,1.22,87,87 air · LHB,10,362,.374,,,,6.6,85.8,30.1,0.125,34.2
161,690022,Ryan Ritter,COL,WSH,False,9,SS,R,projected,preview,Matt Waldron,R,1.7,56% hard · 15% break,0.10011986528648452,0.09844159096652216,0.1039416660789377,3.55,0.30444765120000006,thin,Short season sample; Weather not posted; Projected order,101.6 last game; 18.3% K,0.903225806451613,1.0780233466033646,1.05,0.9,1,1,105,105 air · RHB,0,15,.143,,,,0,87.1,22.2,0.035,22.2
162,681351,Logan O'Hoppe,TEX,CWS,False,7,DH,R,projected,preview,Sean Burke,R,1.05,60% hard · 38% break,0.10006959217195405,0.0991845566559949,0.10399601640258427,3.82,0.656496,fair,Weather not posted; Projected order,114 air,0.9108670065010871,0.9720691857870871,1.14,0.8215747696863347,1,1,114,114 air · RHB,4,260,.294,,,,9.6,86.8,35.6,0.13,43.5
163,686765,Nick Sogard,BOS,MIA,False,1,3B,S,projected,preview,Ryan Gusto,R,1.25,54% hard · 31% break,0.09991790415848988,0.09903715119708856,0.10405291997838131,4.52,0.6647789491199999,fair,Weather not posted; Projected order,17.3% vs FF; 29.4% pull air; 64.7% ideal AA; #1,0.7135152602385672,1.1287130605683187,0.92,0.7,1,1.22,92,92 air · switch,2,160,.405,2,47,10,4.7,86.3,27.1,0.101,46.7
164,683953,Travis Bazzana,CLE,LAA,False,2,2B,L,projected,preview,Grayson Rodriguez,R,1.36,54% hard · 22% break,0.09983938042408519,0.09901862637461423,0.10394043308570401,4.42,0.69588576,fair,Weather not posted; Projected order,102.5 last game; Air starter; #2,0.8160690148650912,1.0746705637124088,0.85,0.8783947459781519,1,1.0010925819436456,85,85 air · LHB,9,419,.371,0,41,10,4.7,88,36.6,0.122,37.8
165,666018,Jonathan Aranda,TB,DET,False,2,1B,L,official,preview,Troy Melton,R,1,65% hard · 24% break,0.09907441395857787,0.09878967161766661,0.10311087879867831,4.42,0.97,stable,,#2,1.0935367464693901,0.8774418824416748,0.94,0.9049542529432968,1,0.8,94,94 air · 75°F · cross LF 14 · LHB,16,561,.417,1,39,10,9.7,91,45.2,0.178,29.3
166,664770,Nathan Lukes,TOR,KC,True,2,RF,L,projected,preview,Randy Dobnak,R,0.39,48% hard · 31% break,0.09865237644593805,0.09759466867123678,0.10265344098228378,4.42,0.6374313561599999,fair,Weather not posted; Projected order,100.3 last game; 21.4% pull air; 14.8% K; #2,0.712441358858185,0.801264488000182,0.98,0.9764221278326368,1,1.1712,98,98 air · LHB,8,348,.375,2,40,10,1.8,86.9,27.7,0.084,33.9
167,670623,Isaac Paredes,HOU,NYY,False,3,3B,R,projected,preview,Elmer Rodríguez,R,0.53,64% hard · 25% break,0.09832469253213705,0.09673510798734564,0.10227077324919824,4.32,0.44536688639999994,thin,Starter sample thin; Weather not posted; Projected order,102.3 last game; 26.3% pull air; 12.0% K; #3,0.910995114963361,0.8420062080464883,1.09,0.9179929032416154,1,0.8517600000000001,109,109 air · RHB,17,531,.428,2,43,10,5.1,85.9,28.1,0.124,50.1
168,664761,Alec Bohm,PHI,SEA,False,5,1B,R,projected,preview,Bryan Woo,R,0.98,66% hard · 28% break,0.09746755513026752,0.09645520988894118,0.10127874951404542,4.1,0.69588576,fair,Weather not posted; Projected order,,0.9247930264670112,0.8854363678796165,0.98,0.9115312303255256,1,0.9666666666666667,98,98 air · RHB,14,517,.385,1,44,10,5.7,90.4,42.3,0.147,29
169,801501,Nate Furman,SF,CIN,True,6,2B,L,projected,preview,Nick Lodolo,L,1.56,52% hard · 24% break,0.09693556551221855,0.09483776304471025,0.10065992423911088,3.96,0.3424608,thin,Short season sample; Weather not posted; Projected order,101.9 last game; 17.5% K,0.9150326797385622,1.130914839210624,0.78,0.9,1,1,78,78 air · LHB,0,13,.091,,,,0,82.3,28.6,0.034,42.9
170,656775,Cedric Mullins,TB,DET,False,9,CF,L,official,preview,Troy Melton,R,1,65% hard · 24% break,0.0966127264236326,0.09626382764583685,0.1001637213916064,3.55,0.97,stable,,105.1 last game; 92.3% ideal AA,0.8903609599058453,0.9182324837331606,0.94,0.9453356071862149,1,1.22,94,94 air · 75°F · cross LF 14 · LHB,13,435,.349,,,,4,87.7,31.9,0.119,44
171,682657,Angel Martínez,CLE,LAA,False,6,LF,S,projected,preview,Grayson Rodriguez,R,1.36,54% hard · 22% break,0.0965894489562868,0.09550617209580325,0.10028645116328785,3.96,0.69588576,fair,Weather not posted; Projected order,108.1 last game; 66.7% ideal AA; Air starter,1.0282539089404534,1.0038766774063506,0.85,0.9501712832001512,1,0.8816800000000001,85,85 air · switch,12,333,.424,,,,7.3,87.4,35.7,0.148,45.3
172,677950,Alek Thomas,LAD,ATL,False,8,CF,L,projected,preview,AJ Smith-Shawver,R,0,50% hard · 15% break,0.09527056813697841,0.09298843453913275,0.09876967708914818,3.68,0.36582285312,thin,Starter sample thin; Weather not posted; Projected order,10.1% solid; 17.5% K,0.9960784291869027,0.9200860964902116,1.09,0.7907703677805242,1,1,109,109 air · LHB,2,111,.337,,,,7.8,89.7,41.8,0.15,31.6
173,676572,Eric Wagaman,NYM,MIL,True,5,DH,R,projected,preview,Dustin May,R,0.65,67% hard · 26% break,0.09357427392683572,0.09117100623577212,0.09707842172029875,4.1,0.4020192,thin,Short season sample; Weather not posted; Projected order,,0.8857183656517365,0.8321232892703849,0.97,0.9,1,1,97,97 air · RHB,2,52,.319,,,,5.7,84.8,28.6,0.136,37.1
174,669224,Austin Wells,NYY,HOU,True,8,C,L,projected,preview,Peter Lambert,R,0.88,52% hard · 25% break,0.09352225014898942,0.09219121124773533,0.09689044343480811,3.68,0.69588576,fair,Weather not posted; Projected order,27.3% pull air; 8.5% solid; 127 air,0.9866945303795798,0.8767809987287178,1.27,0.8270084996313873,1,0.85696,127,127 air · LHB,8,304,.293,,,,6.4,89.1,42.6,0.145,49.5
175,665489,Vladimir Guerrero Jr.,TOR,KC,True,3,1B,R,projected,preview,Randy Dobnak,R,0.39,48% hard · 31% break,0.09313330460361238,0.09156116619337307,0.09666197749045874,4.32,0.6374313561599999,fair,Weather not posted; Projected order,12.6% vs SI; 103.6 last game; 5× 100+ last 3; 76.2 bat,0.7907445914117063,0.9558938908837817,0.98,0.7,1,1.1498300653594768,98,98 air · RHB,7,499,.354,1,43,10,6.8,90.1,43.1,0.117,35.8
176,665804,Miguel Amaya,CHC,AZ,False,9,C,R,projected,preview,Eduardo Rodriguez,L,0.81,61% hard · 13% break,0.09276284933712949,0.09122660925568049,0.09602868421447633,3.55,0.656496,fair,Weather not posted; Projected order,17.3% K,0.9255169876589047,0.9571527684421999,1.07,0.8547248848431674,1,1,107,107 air · RHB,5,215,.359,,,,7,87.7,35.7,0.118,36.4
177,669134,Luis Campusano,SD,PIT,True,7,C,R,projected,preview,Bubba Chandler,R,0.79,55% hard · 29% break,0.09272130251858368,0.09117556507326763,0.09607674155712743,3.82,0.654925824,fair,Weather not posted; Projected order,,1.0424923103671775,0.8552618365648083,0.84,0.9616911953442571,1,1,84,84 air · RHB,5,168,.469,,,,9.5,88.3,42.5,0.15,39.6
178,553993,Eugenio Suárez,CIN,SF,False,5,DH,R,projected,preview,Landen Roupp,R,0.67,53% hard · 26% break,0.09187128653263524,0.09040688617015058,0.09524541441485591,4.1,0.69588576,fair,Weather not posted; Projected order,,1.2414836126481874,0.7573204129823091,0.87,0.9695137427659037,1,0.8,87,87 air · RHB,18,405,.402,0,38,10,10.8,88.7,34.9,0.147,49.5
179,681047,Christian Franklin,BAL,STL,False,7,CF,R,projected,preview,Michael McGreevy,R,1.18,53% hard · 27% break,0.09179217980868434,0.0888684857015255,0.0950787988114417,3.82,0.3424608,thin,Short season sample; Weather not posted; Projected order,15.8% barrels; Air starter; 17.0% K,0.7909604519774012,1.114230708492224,0.87,0.9,1,1,87,87 air · RHB,0,37,.241,,,,15.8,88.6,47.4,0.193,10.5
180,701807,Carson Benge,NYM,MIL,True,3,RF,L,projected,preview,Dustin May,R,0.65,67% hard · 26% break,0.09156436762334402,0.09007517497966255,0.0949717481949625,4.32,0.69588576,fair,Weather not posted; Projected order,20–30° last 3; #3,1.0050687598035575,0.8102322483070507,0.97,0.8393507174515635,1,0.8749641216216214,97,97 air · LHB,16,521,.431,3,41,10,7.4,89.1,40.6,0.161,31.9
181,514888,Jose Altuve,HOU,NYY,False,4,2B,R,projected,preview,Elmer Rodríguez,R,0.53,64% hard · 25% break,0.09127348022091968,0.0887238782939046,0.09463386706811358,4.22,0.44536688639999994,thin,Starter sample thin; Weather not posted; Projected order,103.1 last game; 25% pull air; 56.3% ideal AA; 12.0% K,0.8520036491333969,0.8351776366179167,1.09,0.841321021095828,1,0.8998080000000002,109,109 air · RHB,14,450,.399,1,41,10,4.7,85.2,32,0.105,42.9
182,681198,TJ Rumfield,COL,WSH,False,4,1B,L,projected,preview,Matt Waldron,R,1.7,56% hard · 15% break,0.090544964854023,0.08865264194711553,0.09385039634451725,4.22,0.6186424406400001,fair,Weather not posted; Projected order,18.3% K,0.8182562878403253,0.991316342622355,1.05,0.8605861840870832,1,0.8,105,105 air · LHB,13,515,.437,0,41,10,4.5,83.8,26.9,0.12,41.2
183,678391,Jorbit Vivas,WSH,COL,True,6,2B,L,projected,preview,Tanner Gordon,R,1.88,46% hard · 32% break,0.09039579451057339,0.08881220692303604,0.0936212705948328,3.96,0.69588576,fair,Weather not posted; Projected order,Air starter; 18.9% K,0.5722350016597741,1.1206942965357127,1.05,0.792335655378831,1,1.22,105,105 air · LHB,3,291,.317,,,,3.3,82.5,21.9,0.077,39.5
184,691011,Drew Romo,CWS,TEX,True,9,C,S,projected,preview,MacKenzie Gore,L,1.11,59% hard · 29% break,0.09038512631594002,0.08863697456305664,0.09348113586647822,3.55,0.656496,fair,Weather not posted; Projected order,62.5% ideal AA; 112 air,0.9388125392193,0.927069930384535,1.12,0.9613150671867401,1,0.8240000000000001,112,112 air · switch,7,189,.299,,,,6.4,84.2,26.4,0.109,37.6
185,607208,Trea Turner,PHI,SEA,False,2,SS,R,projected,preview,Bryan Woo,R,0.98,66% hard · 28% break,0.09036364755637961,0.08877746320369073,0.09370286896590374,4.42,0.69588576,fair,Weather not posted; Projected order,#2,0.9070394189683912,0.8896684140707803,0.98,0.8849819582655027,1,0.78,98,98 air · RHB,17,569,.384,0,45,10,5.9,88.5,39.8,0.121,33.6
186,643376,Danny Jansen,TEX,CWS,False,9,C,R,projected,preview,Sean Burke,R,1.05,60% hard · 38% break,0.08982470764016437,0.08794396699325902,0.09288138684435325,3.55,0.6373831679999999,fair,Weather not posted; Projected order,106.6 last game; 114 air,0.8811705823693353,0.9720691857870871,1.14,0.7804672920849715,1,1,114,114 air · RHB,4,156,.324,,,,6.5,87.2,32.6,0.116,58.7
187,687462,Spencer Horwitz,PIT,SD,False,1,1B,L,projected,preview,Randy Vásquez,R,1.14,70% hard · 22% break,0.08918339852132387,0.08750187606767879,0.09245505405888066,4.52,0.69588576,fair,Weather not posted; Projected order,Air starter; 14.9% K; #1,0.91281938487634,1.0152141428403265,0.83,0.8569852169882193,1,0.78,83,83 air · LHB,10,366,.394,0,45,10,6.9,86.8,30.9,0.134,41.3
188,676724,Jared Young,NYM,MIL,True,6,1B,L,projected,preview,Dustin May,R,0.65,67% hard · 26% break,0.08905143079055775,0.08735924825377339,0.09217904307060992,3.96,0.69588576,fair,Weather not posted; Projected order,23.5% pull air; 64.7% ideal AA,1.0323389696478762,0.8102322483070507,0.97,0.9107353927956561,1,0.85696,97,97 air · LHB,8,268,.442,1,36,10,7.7,90.1,46.4,0.158,39.2
189,694378,Jacob Gonzalez,PIT,SD,False,7,SS,L,projected,preview,Randy Vásquez,R,1.14,70% hard · 22% break,0.08866292429731637,0.08676128338482025,0.09172329343387572,3.82,0.656496,fair,Weather not posted; Projected order,100% ideal AA; 9.4% solid; Air starter; 14.9% K,0.9400993723855136,1.1121630612004665,0.83,0.927147898103275,1,0.8240000000000001,83,83 air · LHB,6,186,.360,,,,3.6,88.1,35.8,0.139,44.2
190,678011,Anthony Seigler,BOS,MIA,False,8,2B,S,projected,preview,Ryan Gusto,R,1.25,54% hard · 31% break,0.08844027053177438,0.08642267280898797,0.09144286599213441,3.68,0.6357019968,fair,Weather not posted; Projected order,9.9% solid,0.9064578704463622,1.0478469019957184,0.92,0.7999635327506155,1,1,92,92 air · switch,3,166,.410,,,,5.8,87,34.7,0.133,34.7
191,679845,Nick Loftin,KC,TOR,False,6,3B,R,projected,preview,Spencer Miles,R,0.56,58% hard · 42% break,0.08808264536381065,0.0863122063234607,0.09114072031840012,3.96,0.69588576,fair,Weather not posted; Projected order,8.4% vs hard; 18.8% pull air; 81.3% ideal AA,0.7694625046805166,0.8657814392034328,0.98,0.779173155371495,1,1.22,98,98 air · RHB,6,337,.383,1,40,10,4.1,87,28.5,0.106,45.9
192,806146,George Lombard Jr.,NYY,HOU,True,5,SS,R,projected,preview,Peter Lambert,R,0.88,52% hard · 25% break,0.08796369404225575,0.0848646359515518,0.09104928725377007,4.1,0.42614035200000006,thin,Short season sample; Weather not posted; Projected order,103.3 last game; 56.3% ideal AA,0.8696966110048537,0.8767809987287178,1.09,0.8355379042675051,1,0.8219400000000001,109,109 air · RHB,2,70,.397,0,38,10,6.5,85.5,34,0.095,31.9
193,675961,Alika Williams,ATH,MIN,True,7,SS,R,projected,preview,Connor Prielipp,L,1.25,42% hard · 47% break,0.08768166383182942,0.08560816544503402,0.09067283829771564,3.82,0.638845056,fair,Weather not posted; Projected order,102.3 last game; 8% solid; 117 air,0.7020039102008838,1.0108862543126238,1.17,0.7808660998674655,1,1,117,117 air · RHB,2,157,.393,,,,0.9,85,33.3,0.074,38.4
194,665923,Esteury Ruiz,MIA,BOS,True,8,CF,R,projected,preview,Sonny Gray,R,0.97,58% hard · 37% break,0.08765753811641314,0.08566629338373544,0.09060579076254824,3.68,0.656496,fair,Weather not posted; Projected order,,0.9997805946748399,0.917767085278381,0.92,0.8160444099513386,1,1,92,92 air · RHB,6,192,.430,,,,8.1,85.7,28.3,0.126,57.6
195,670231,John Rave,KC,TOR,False,8,RF,L,projected,preview,Spencer Miles,R,0.56,58% hard · 42% break,0.08743666467271098,0.08426348823227736,0.09036967734228162,3.68,0.42614035200000006,thin,Short season sample; Weather not posted; Projected order,27.3% pull air; 63.6% ideal AA; 13% barrels,1.210413123010978,0.7388785129574212,0.98,0.894196292850876,1,0.8551142400000002,98,98 air · LHB,3,78,.464,,,,13,87,31.5,0.19,44.4
196,676439,Hunter Feduccia,LAD,ATL,False,9,C,L,projected,preview,AJ Smith-Shawver,R,0,50% hard · 15% break,0.08661538463734367,0.0832939029999632,0.08945193202597268,3.55,0.42015743999999994,thin,Starter sample thin; Weather not posted; Projected order,101.8 last game; 17.5% K,0.9196059311647047,0.9200860964902116,1.09,0.7548350995468481,1,1,109,109 air · LHB,3,201,.354,,,,8.4,90.4,40,0.143,32.8
197,678882,Ceddanne Rafaela,BOS,MIA,False,2,CF,R,projected,preview,Ryan Gusto,R,1.25,54% hard · 31% break,0.08641511105399295,0.08442340954582317,0.08946122369535985,4.42,0.6784886159999999,fair,Weather not posted; Projected order,60% ideal AA; #2,0.881775052705477,0.9668941851876165,0.92,0.7964519168056183,1,0.8034,92,92 air · RHB,16,537,.458,0,48,10,5.6,86.4,32.3,0.114,34.3
198,702616,Jackson Holliday,BAL,STL,False,1,2B,L,projected,preview,Michael McGreevy,R,1.18,53% hard · 27% break,0.08636765924425509,0.08445868713592686,0.08943048220816316,4.52,0.69588576,fair,Weather not posted; Projected order,100.5 last game; Air starter; 17.0% K; #1,0.8599803210114175,1.0166614959445568,0.87,0.7983894393872926,1,0.798,87,87 air · LHB,6,281,.360,0,46,10,6.5,87.1,34.8,0.123,33.2
199,699302,Héctor Rodríguez,CIN,SF,False,7,RF,L,projected,preview,Landen Roupp,R,0.67,53% hard · 26% break,0.08625760781977682,0.08291861567109826,0.0891498459394704,3.82,0.42614035200000006,thin,Short season sample; Weather not posted; Projected order,20% pull air; 60% ideal AA; 75 bat,0.809848071596373,0.7567742667311841,0.78,1.0580864719005905,1,1.2153835200000003,78,78 air · LHB,1,49,.295,,,,6.1,86.5,24.2,0.086,39.4
200,672569,Gustavo Campero,LAA,CLE,True,7,LF,S,projected,preview,Joey Cantillo,L,1.04,40% hard · 35% break,0.08523553778960213,0.0812590204761221,0.08805784730449903,3.82,0.3424608,thin,Short season sample; Weather not posted; Projected order,75% ideal AA; 12.5% solid,0.9210526315789475,0.9498950350562738,0.85,0.97,1,0.8240000000000001,85,85 air · switch,0,12,.455,,,,0,88.2,25,0.046,25
201,676356,Jonny DeLuca,TB,DET,False,6,RF,R,official,preview,Troy Melton,R,1,65% hard · 24% break,0.08502750342415527,0.0843766708641035,0.08787167761448193,3.96,0.97,stable,,100 last game; 19.0% pull air; 66.7% ideal AA,0.8351310132688019,0.8774418824416748,1.02,0.8885095999901602,1,0.8998080000000002,102,102 air · 75°F · cross LF 14 · RHB,8,275,.435,,,,3.8,85.6,30.5,0.109,46.2
202,545121,Ildemaro Vargas,AZ,CHC,True,8,2B,S,projected,preview,Matthew Boyd,L,1.38,46% hard · 28% break,0.08495400890532315,0.08293084501650894,0.08771858024880987,3.68,0.69588576,fair,Weather not posted; Projected order,23.8% pull air; 18.6% K,0.7334632766663273,1.0288292445404712,1.07,0.9431765610148426,1,0.85696,107,107 air · switch,9,411,.403,2,40,10,3.5,87.5,35.2,0.1,40.6
203,593428,Xander Bogaerts,SD,PIT,True,8,SS,R,projected,preview,Bubba Chandler,R,0.79,55% hard · 29% break,0.08469658223531533,0.08265262394707773,0.0874439877523478,3.68,0.69588576,fair,Weather not posted; Projected order,66.7% ideal AA,0.8369208311542756,0.8431893967894158,0.84,0.9846547039482074,1,1.1118759751271905,84,84 air · RHB,11,501,.326,0,38,10,6.1,89,40.9,0.129,44.1
204,650402,Gleyber Torres,DET,TB,True,3,2B,R,official,preview,Freddy Peralta,R,1.47,53% hard · 25% break,0.08441468736079988,0.08374788360435037,0.08729762075745229,4.32,0.97,stable,,58.8% ideal AA; #3,0.827073824288449,0.9527161756338917,1.02,0.7755806657462133,1,0.8240000000000001,102,102 air · 75°F · cross LF 14 · RHB,8,330,.382,0,46,10,6.3,86.1,32.1,0.124,24.4
205,605170,Victor Caratini,MIN,ATH,False,8,C,S,projected,preview,J.T. Ginn,R,0.95,64% hard · 16% break,0.08420499106097659,0.08190604227248444,0.0869197723141304,3.68,0.656496,fair,Weather not posted; Projected order,101.7 last game; 117 air,0.8937053963129535,0.8422164112665693,1.17,0.8641441229081002,1,0.84,117,117 air · switch,7,341,.324,0,37,10,6.5,89.5,39.6,0.143,37
206,663656,Kyle Tucker,LAD,ATL,False,6,RF,L,projected,preview,AJ Smith-Shawver,R,0,50% hard · 15% break,0.08410768777735704,0.08058246846717465,0.08688906077526166,3.96,0.44536688639999994,thin,Starter sample thin; Weather not posted; Projected order,64.7% ideal AA; 17.5% K,0.845937288864125,0.8807602675431481,1.09,0.8029831288385612,1,0.8487200000000001,109,109 air · LHB,11,510,.362,0,42,10,5.7,88.9,37.8,0.125,42.6
207,686668,Brenton Doyle,CWS,TEX,True,8,CF,R,projected,preview,MacKenzie Gore,L,1.11,59% hard · 29% break,0.08391754365807674,0.08159297646952068,0.08661334351292127,3.68,0.656496,fair,Weather not posted; Projected order,100.4 last game; 114 air,0.7210081980839287,0.9367842160988207,1.14,0.8249295795404694,1,1,114,114 air · RHB,2,172,.289,,,,5.8,87.7,32.7,0.08,36.4
208,640459,Brian Navarreto,MIA,BOS,True,9,C,R,projected,preview,Sonny Gray,R,0.97,58% hard · 37% break,0.0837240468441883,0.07987958060933298,0.08636967726249314,3.55,0.4020192,thin,Short season sample; Weather not posted; Projected order,106.4 last game,0.8544945110536142,0.917767085278381,0.92,0.9,1,1,92,92 air · RHB,1,42,.235,,,,8,85.6,20,0.069,52
209,669221,Sean Murphy,ATL,LAD,True,9,C,R,projected,preview,Roki Sasaki,R,1.63,42% hard · 36% off,0.0837016103590545,0.07985386141513762,0.08634578661646994,3.55,0.4020192,thin,Short season sample; Weather not posted; Projected order,100 last game; Air starter,0.6498550181089748,1.0468266304378744,1.06,0.9,1,1,106,106 air · RHB,0,45,.159,,,,0,83.2,29.6,0.029,48.1
210,608070,José Ramírez,CLE,LAA,False,3,3B,S,projected,preview,Grayson Rodriguez,R,1.36,54% hard · 22% break,0.08357241716952996,0.08143765112856394,0.0863966034435507,4.32,0.69588576,fair,Weather not posted; Projected order,102.4 last game; 21.1% pull air; 68.4% ideal AA; 8.2% solid,0.8937572969286036,1.011938057528017,0.85,0.7086952548427846,1,0.8998080000000002,85,85 air · switch,10,429,.384,0,44,10,4.7,89.4,41.9,0.14,50
211,664774,LaMonte Wade Jr.,HOU,NYY,False,7,RF,L,projected,preview,Elmer Rodríguez,R,0.53,64% hard · 25% break,0.08349108587426285,0.07940172924955069,0.08619612118033743,3.82,0.36862967807999997,thin,Starter sample thin; Weather not posted; Projected order,88.9% ideal AA; 11.4% solid; 12.0% K; 127 air,0.8200777651756677,0.8549680523113097,1.27,0.7795302245116007,1,0.8240000000000001,127,127 air · LHB,2,114,.320,,,,2.9,86.7,35.7,0.095,35.7
212,686681,Michael Massey,KC,TOR,False,5,2B,L,projected,preview,Spencer Miles,R,0.56,58% hard · 42% break,0.0833420891530822,0.08118871768645353,0.08610393497788701,4.1,0.69588576,fair,Weather not posted; Projected order,61.5% ideal AA; 9.5% solid,1.0271604400206573,0.7388785129574212,0.98,0.839903688086882,1,0.8487200000000001,98,98 air · LHB,11,366,.444,,,,6,89.5,39.6,0.154,50.9
213,803011,Sam Antonacci,CWS,TEX,True,1,DH,L,projected,preview,MacKenzie Gore,L,1.11,59% hard · 29% break,0.08280410525255405,0.08060727654775113,0.0856130227189315,4.52,0.69588576,fair,Weather not posted; Projected order,110 air; #1,0.7828002546515265,0.927069930384535,1.1,0.72,1,0.78,110,110 air · LHB,8,448,.395,0,42,10,5.4,87.3,33.2,0.12,33.8
214,543760,Marcus Semien,NYM,MIL,True,7,2B,R,projected,preview,Dustin May,R,0.65,67% hard · 26% break,0.08176880460739509,0.07948834643584701,0.08436062066415026,3.82,0.69588576,fair,Weather not posted; Projected order,103.3 last game; 68.8% ideal AA,0.973712653230505,0.8102322483070507,0.97,0.8654218352837955,1,0.8652000000000001,97,97 air · RHB,14,437,.347,0,37,10,6.5,86.6,34.1,0.142,47.7
215,678218,Brandon Valenzuela,TOR,KC,True,8,C,S,projected,preview,Randy Dobnak,R,0.39,48% hard · 31% break,0.08122996082807929,0.07832341426675371,0.08375167047298365,3.68,0.6013503359999999,fair,Weather not posted; Projected order,100.1 last game; 22.2% pull air; 14.8% K,1.0131940300780373,0.7677370781169557,0.98,0.8910871876013022,1,0.8736000000000002,98,98 air · switch,8,237,.384,,,,7.3,88.3,38,0.143,43.3
216,666139,Josh Lowe,LAA,CLE,True,5,RF,L,projected,preview,Joey Cantillo,L,1.04,40% hard · 35% break,0.08102425058495354,0.07868364886365409,0.08363082503809659,4.1,0.69588576,fair,Weather not posted; Projected order,,1.1058376507931116,0.9498950350562738,0.85,0.72,1,0.7828,85,85 air · LHB,10,273,.361,,,,8,89,38.5,0.166,35.1
217,808982,Jung Hoo Lee,SF,CIN,True,3,DH,L,projected,preview,Nick Lodolo,L,1.56,52% hard · 24% break,0.0801807564447414,0.07777201899351804,0.08277480766311365,4.32,0.69588576,fair,Weather not posted; Projected order,102.7 last game; 17.5% K; #3,0.6698646420543531,1.0710848593628706,0.78,0.7,1,1.159,78,78 air · LHB,9,492,.423,0,41,10,2.7,87.1,29.8,0.094,36.8
218,602104,Ramón Urías,STL,BAL,True,7,3B,R,projected,preview,Kyle Bradish,R,0.97,52% hard · 47% break,0.07993153980294995,0.07553218731224565,0.08240537738111502,3.82,0.4020192,thin,Short season sample; Weather not posted; Projected order,75% ideal AA,1.0490624566432136,0.9438186781345942,0.87,0.72,1,0.8487200000000001,87,87 air · RHB,2,76,.292,,,,9.3,88.7,35.2,0.175,29.6
219,686555,Isaac Collins,KC,TOR,False,7,LF,S,projected,preview,Spencer Miles,R,0.56,58% hard · 42% break,0.079173337731839,0.07668322305928088,0.08159932809311693,3.82,0.69588576,fair,Weather not posted; Projected order,11.1% vs hard; 103.7 last game; 4× 100+ last 3,0.7313025787001255,0.9186807115259823,0.98,0.7,1,1.1712,98,98 air · switch,6,435,.349,0,36,10,5.7,88.8,40.4,0.093,39.4
220,665877,José Fermín,STL,BAL,True,9,2B,R,projected,preview,Kyle Bradish,R,0.97,52% hard · 47% break,0.07857210669421513,0.07603342580922179,0.08089482240154143,3.55,0.69588576,fair,Weather not posted; Projected order,17.3% vs SI; 33.3% pull air; 55.6% ideal AA,0.7432072966401861,1.0833961672137358,0.87,0.7,1,1.22,87,87 air · RHB,6,287,.370,,,,2.7,86.6,33.2,0.097,51.1
221,683734,Andrew Vaughn,MIL,NYM,False,4,1B,R,projected,preview,Robert Stock,R,0.54,79% hard · 10% break,0.07836736592760758,0.07406060600964193,0.08082454676410034,4.22,0.44536688639999994,thin,Starter sample thin; Weather not posted; Projected order,Air starter,0.7998359087579652,0.9521774414032882,0.97,0.7541270111558782,1,0.78,97,97 air · RHB,5,278,.454,,,,5.5,90,43.5,0.121,35
222,669242,Tommy Edman,LAD,ATL,False,5,2B,S,projected,preview,AJ Smith-Shawver,R,0,50% hard · 15% break,0.07809892380911304,0.07375561569368838,0.08051625485106267,4.1,0.44536688639999994,thin,Starter sample thin; Weather not posted; Projected order,30% pull air; 90% ideal AA; 17.5% K,0.7902369854756066,0.8827436008198146,1.08,0.7,1,0.85696,108,108 air · switch,4,208,.397,1,42,10,5.6,87.9,35.4,0.107,42.4
223,671056,Iván Herrera,STL,BAL,True,2,C,R,projected,preview,Kyle Bradish,R,0.97,52% hard · 47% break,0.07764365140349672,0.0750299718007661,0.08008915251506095,4.42,0.69588576,fair,Weather not posted; Projected order,108.5 last game; #2,0.8626933227248874,0.8895961672137357,0.87,0.7399865612131622,1,0.8346000000000001,87,87 air · RHB,14,590,.378,1,46,10,5.7,89.2,40.3,0.126,38.6
224,682663,Agustín Ramírez,MIA,BOS,True,3,DH,R,projected,preview,Sonny Gray,R,0.97,58% hard · 37% break,0.0775484259070021,0.07465621884779472,0.07997093238500633,4.32,0.656496,fair,Weather not posted; Projected order,75.7 bat; #3,0.6977505505847655,0.917767085278381,0.92,0.72,1,1,92,92 air · RHB,2,179,.335,,,,3.5,89.4,39.8,0.075,41.6
225,624428,Adam Frazier,LAA,CLE,True,9,DH,L,projected,preview,Joey Cantillo,L,1.04,40% hard · 35% break,0.07703206803054596,0.07360280495824933,0.07926252662383078,3.55,0.587678976,fair,Weather not posted; Projected order,22.2% pull air; 66.7% ideal AA,0.6487998872901806,0.9498950350562738,0.85,0.9,1,1.20231488,85,85 air · LHB,1,122,.364,,,,2.6,85.3,19.2,0.074,44.9
226,701852,Drew Cavanaugh,SF,CIN,True,5,C,L,projected,preview,Nick Lodolo,L,1.56,52% hard · 24% break,0.07692311486878936,0.07332269117925783,0.07926648639762343,4.1,0.565750656,fair,Weather not posted; Projected order,104.2 last game; 62.5% ideal AA; 10.4% solid; 17.5% K,0.716536424656486,1.0283403874474368,0.78,0.9,1,0.8652000000000001,78,78 air · LHB,0,107,.264,0,36,10,3.1,86,29.9,0.1,25.4
227,663538,Nico Hoerner,CHC,AZ,False,6,SS,R,projected,preview,Eduardo Rodriguez,L,0.81,61% hard · 13% break,0.07685498670691476,0.07417760038447496,0.07916690037430747,3.96,0.69588576,fair,Weather not posted; Projected order,100.3 last game; 17.3% K,0.5709264213382375,0.9151862974850344,1.07,0.7752927897088897,1,1.11264,107,107 air · RHB,7,570,.357,0,41,10,1.3,85.9,28.1,0.076,30.8
228,801126,Brock Rodden,SEA,PHI,True,9,SS,S,projected,preview,Jesús Luzardo,L,0.81,43% hard · 38% break,0.07658632456783128,0.0712209724865237,0.07879044568286421,3.55,0.3424608,thin,Short season sample; Weather not posted; Projected order,44.4% pull air; 66.7% ideal AA; 17.6% solid,0.8,0.8236436986668071,0.98,0.97,1,0.85696,98,98 air · switch,0,35,.345,,,,5.9,89.3,41.2,0.088,70.6
229,655316,Andruw Monasterio,BOS,MIA,False,6,SS,R,projected,preview,Ryan Gusto,R,1.25,54% hard · 31% break,0.07463102562324364,0.07164417926709277,0.07680807180513298,3.96,0.6784886159999999,fair,Weather not posted; Projected order,,0.9138885328376207,0.9668941851876165,0.92,0.7,1,0.8,92,92 air · RHB,6,303,.410,0,42,10,7.2,87.9,31.7,0.135,37.1
230,643446,Jeff McNeil,ATH,MIN,True,2,DH,L,projected,preview,Connor Prielipp,L,1.25,42% hard · 47% break,0.07451164622434064,0.07164496965478628,0.0767593957981466,4.42,0.69588576,fair,Weather not posted; Projected order,117 air; #2,0.6083988748938733,0.9314559272199661,1.17,0.72,1,0.8,117,117 air · LHB,6,406,.358,1,41,10,1.8,86.8,31.1,0.092,41.4
231,690984,Petey Halpin,CLE,LAA,False,8,CF,L,projected,preview,Grayson Rodriguez,R,1.36,54% hard · 22% break,0.07320373793287192,0.07006196358264216,0.07524167176381533,3.68,0.6740765568,fair,Weather not posted; Projected order,76.5% ideal AA; Air starter,0.866286307824875,1.0038766774063506,0.85,0.8097625123536356,1,0.8240000000000001,85,85 air · LHB,3,155,.324,,,,6,85.9,25.6,0.127,33.3
232,677870,Leo Jiménez,MIA,BOS,True,6,1B,R,projected,preview,Sonny Gray,R,0.97,58% hard · 37% break,0.0731423258740186,0.06985743051000204,0.07523145955967364,3.96,0.656496,fair,Weather not posted; Projected order,,0.7181393948555743,0.917767085278381,0.92,0.72,1,1,92,92 air · RHB,2,180,.271,,,,4.2,90.3,42.1,0.1,35.5
233,672695,Geraldo Perdomo,AZ,CHC,True,4,SS,S,projected,preview,Matthew Boyd,L,1.38,46% hard · 28% break,0.07241905409402775,0.06938334221594589,0.07450958662002437,4.22,0.69588576,fair,Weather not posted; Projected order,18.6% K,0.6440611219258434,1.0363426757614629,1.07,0.7,1,0.78,107,107 air · switch,9,555,.372,0,43,10,3,87.5,30.2,0.091,44.2
234,702284,Cole Young,SEA,PHI,True,6,2B,L,projected,preview,Jesús Luzardo,L,0.81,43% hard · 38% break,0.07223851104235104,0.0691882152661456,0.07427519478086334,3.96,0.69588576,fair,Weather not posted; Projected order,20% pull air; 60% ideal AA,0.9076118732370078,0.7979505890667649,0.97,0.7137151842748783,1,0.85696,97,97 air · LHB,16,534,.390,2,42,10,4.5,88.6,38.2,0.13,42.4
235,621493,Taylor Ward,SEA,PHI,True,7,DH,R,projected,preview,Jesús Luzardo,L,0.81,43% hard · 38% break,0.07189360877131162,0.06849742301475348,0.07388502938465646,3.82,0.656496,fair,Weather not posted; Projected order,75% ideal AA,0.7416919769362187,0.8236436986668071,0.98,0.9306270214760015,1,0.8034,98,98 air · RHB,7,562,.327,0,42,10,5.6,88.9,37.8,0.124,31.7
236,681082,Bryson Stott,PHI,SEA,False,6,3B,L,projected,preview,Bryan Woo,R,0.98,66% hard · 28% break,0.0717732089016204,0.06868532697100982,0.07378316184496335,3.96,0.69588576,fair,Weather not posted; Projected order,78.6% ideal AA,0.8209377378725021,0.8853415860594327,0.97,0.7307421099043769,1,0.8240000000000001,97,97 air · LHB,9,498,.404,1,40,10,5.8,89.2,38.2,0.13,36.8
237,703601,Max Clark,DET,TB,True,8,CF,L,official,preview,Freddy Peralta,R,1.47,53% hard · 25% break,0.07169050616388449,0.06981430080873419,0.07364324966848253,3.68,0.8517312,stable,,20–30° last 3; 37.5% pull air; 62.5% ideal AA,0.7957155238594595,0.9561161756338916,0.94,0.7693217299115304,1,0.8912384000000001,94,94 air · 75°F · cross LF 14 · LHB,2,92,.400,,,,1.5,86,37.9,0.091,37.9
238,687597,Jordan Beck,COL,WSH,False,8,RF,R,projected,preview,Matt Waldron,R,1.7,56% hard · 15% break,0.0710726842458962,0.06659539340989717,0.07299119175967742,3.68,0.538042030848,fair,Weather not posted; Projected order,62.5% ideal AA; 18.3% K,0.6926018888119304,1.0780233466033646,1.05,0.72,1,0.8034,105,105 air · RHB,1,134,.317,,,,4.7,87.1,31,0.087,37.9
239,664702,Myles Straw,TOR,KC,True,9,LF,R,projected,preview,Randy Dobnak,R,0.39,48% hard · 31% break,0.07052321509495507,0.06684359864351497,0.07238528443718087,3.55,0.6374313561599999,fair,Weather not posted; Projected order,10.4% vs SI; 14.8% K,0.6299937623909883,0.9165798545827324,0.98,0.7,1,1.22,98,98 air · RHB,3,260,.332,,,,3.4,85.7,25.9,0.101,37.6
240,596117,Garrett Stubbs,PHI,SEA,False,9,C,L,projected,preview,Bryan Woo,R,0.98,66% hard · 28% break,0.06949623315582892,0.06357007842821527,0.07130333963735337,3.55,0.4020192,thin,Short season sample; Weather not posted; Projected order,,0.6604144087995723,0.9440142320471239,0.97,0.7355,1,1,97,97 air · LHB,0,52,.149,,,,0,85.4,27,0.042,29.7
241,669743,Alex Call,LAD,ATL,False,7,LF,R,projected,preview,AJ Smith-Shawver,R,0,50% hard · 15% break,0.06918921297443587,0.0633020901031941,0.0710305713556932,3.82,0.41073205248,thin,Starter sample thin; Weather not posted; Projected order,17.5% K,0.5594488242592062,0.9200860964902116,1.06,0.72,1,1,106,106 air · RHB,1,159,.336,,,,1.9,83.8,17.6,0.058,37
242,683227,Cody Freeman,TEX,CWS,False,8,3B,R,projected,preview,Sean Burke,R,1.05,60% hard · 38% break,0.06905813790634319,0.0633003121975727,0.07086720282430733,3.68,0.42614035200000006,thin,Short season sample; Weather not posted; Projected order,18.8% pull air; 75% ideal AA; 114 air,0.616424056724715,0.9018484300509608,1.14,0.7875000000000001,1,0.8355360000000001,114,114 air · RHB,0,50,.333,,,,0,83.6,19.4,0.031,44.4
243,657136,Connor Wong,BOS,MIA,False,9,C,R,projected,preview,Ryan Gusto,R,1.25,54% hard · 31% break,0.06890169704015828,0.0650943758522623,0.07067737661784715,3.55,0.6400836,fair,Weather not posted; Projected order,77.8% ideal AA,0.8076130309783927,1.0478469019957184,0.92,0.7,1,0.8487200000000001,92,92 air · RHB,4,202,.381,2,36,10,5.3,86.6,36.8,0.121,42.1
244,663647,Ke'Bryan Hayes,CIN,SF,False,8,3B,R,projected,preview,Landen Roupp,R,0.67,53% hard · 26% break,0.06824992894787116,0.06487744367512638,0.07001602774587695,3.68,0.69588576,fair,Weather not posted; Projected order,105.1 last game; 60% ideal AA; 8.5% solid,1.0119877824981611,0.7567742667311841,0.87,0.778216680367272,1,0.837596,87,87 air · RHB,5,207,.250,,,,8.1,90.6,39.9,0.151,31.4
245,641487,J.P. Crawford,SEA,PHI,True,8,3B,L,projected,preview,Jesús Luzardo,L,0.81,43% hard · 38% break,0.06820516744770055,0.0644802538456749,0.06996890234507186,3.68,0.656496,fair,Weather not posted; Projected order,,0.889743314279279,0.8236436986668071,0.97,0.72,1,0.84,97,97 air · LHB,10,367,.345,0,37,10,6.4,87.7,35.4,0.124,36.7
246,663968,Jake Mangum,PIT,SD,False,6,RF,S,projected,preview,Randy Vásquez,R,1.14,70% hard · 22% break,0.06787320772216171,0.06411870861347235,0.06966634402054449,3.96,0.656496,fair,Weather not posted; Projected order,Air starter; 14.9% K,0.5631829194118995,1.1121630612004665,0.84,0.72,1,1,84,84 air · switch,4,395,.379,,,,2.1,85.3,27.6,0.08,28.7
247,800325,Luis Lara,MIL,NYM,False,6,RF,S,projected,preview,Robert Stock,R,0.54,79% hard · 10% break,0.06728258452754711,0.06102888484269353,0.06904400884096404,3.96,0.401656651776,thin,Starter sample thin; Weather not posted; Projected order,Air starter,0.6796886353659206,0.9511337338611956,0.97,0.71378076986061,1,0.78,97,97 air · switch,1,125,.375,1,40,10,4.5,89.3,41.6,0.087,31.5
248,703520,Brett Bateman,TOR,KC,True,1,CF,L,projected,preview,Randy Dobnak,R,0.39,48% hard · 31% break,0.06661522588486651,0.060147457827209316,0.06841471081608323,4.52,0.390344562432,thin,Short season sample; Weather not posted; Projected order,14.8% K; #1,0.671345672643153,0.7677370781169557,0.98,0.7,1,0.78,98,98 air · LHB,0,70,.406,0,46,10,0,82.3,17.6,0.052,31.4
249,647304,Josh Naylor,SEA,PHI,True,4,1B,L,projected,preview,Jesús Luzardo,L,0.81,43% hard · 38% break,0.06547427897862633,0.06187758238341734,0.06717572042735268,4.22,0.69588576,fair,Weather not posted; Projected order,,0.7521305136648186,0.7979505890667649,0.97,0.7104901208842096,1,0.78,97,97 air · LHB,10,531,.371,0,44,10,4.6,87.4,36.6,0.116,41.6
250,665750,Leody Taveras,BAL,STL,False,9,RF,S,projected,preview,Michael McGreevy,R,1.18,53% hard · 27% break,0.06520062557585468,0.061581823818967485,0.06678711111994803,3.55,0.69588576,fair,Weather not posted; Projected order,105.1 last game; Air starter; 17.0% K,0.7287437024975936,1.0166614959445568,0.87,0.7649281951451343,1,0.8560000000000001,87,87 air · switch,7,406,.357,0,36,10,4.1,88,32.6,0.108,34.4
251,677587,Brayan Rocchio,CLE,LAA,False,9,SS,S,projected,preview,Grayson Rodriguez,R,1.36,54% hard · 22% break,0.06451781143389268,0.06084385334841114,0.06607060177425801,3.55,0.69588576,fair,Weather not posted; Projected order,33.3% pull air; 72.2% ideal AA; Air starter,0.7314468491385955,1.0038766774063506,0.85,0.7510088340904411,1,0.8826688,85,85 air · switch,10,495,.363,1,39,10,3.2,86.7,31.3,0.105,43.5
252,805999,A.J. Ewing,NYM,MIL,True,9,LF,L,projected,preview,Dustin May,R,0.65,67% hard · 26% break,0.06359986491233637,0.05985175698597789,0.0651079485856071,3.55,0.69588576,fair,Weather not posted; Projected order,60% ideal AA,0.8615060203695828,0.8102322483070507,0.97,0.7402451585312355,1,0.8034,97,97 air · LHB,7,375,.361,0,42,10,7.5,89.3,42.7,0.142,32.2
253,687957,Dustin Harris,SD,PIT,True,9,LF,L,projected,preview,Bubba Chandler,R,0.79,55% hard · 29% break,0.06344654429551994,0.056635252331706964,0.06494722688114789,3.55,0.4020192,thin,Short season sample; Weather not posted; Projected order,104.3 last game; 9.1% solid,0.735074732930411,0.8552618365648083,0.83,0.7045250000000001,1,1,83,83 air · LHB,0,59,.327,,,,0,84.3,15.9,0.072,56.8
254,665926,Andrés Giménez,TOR,KC,True,7,SS,L,projected,preview,Randy Dobnak,R,0.39,48% hard · 31% break,0.06275427321444627,0.057981186048826294,0.06426310018440518,3.82,0.6013503359999999,fair,Weather not posted; Projected order,100.1 last game; 77.8% ideal AA; 14.8% K,0.6945069923255487,0.7677370781169557,0.98,0.7517070955497063,1,0.8652000000000001,98,98 air · LHB,8,425,.361,0,38,10,3.2,85.6,24,0.091,40.1
255,806198,Cooper Pratt,MIL,NYM,False,9,SS,R,projected,preview,Robert Stock,R,0.54,79% hard · 10% break,0.06243768264716611,0.05596210803924806,0.06389013655755885,3.55,0.44536688639999994,thin,Starter sample thin; Weather not posted; Projected order,Air starter,0.6745830253493177,0.9511337338611956,0.97,0.7425215889258705,1,0.78,97,97 air · RHB,2,172,.347,,,,3.4,87.1,29.7,0.093,32.2
256,693304,Nick Gonzales,PIT,SD,False,4,2B,R,projected,preview,Randy Vásquez,R,1.14,70% hard · 22% break,0.06220415654591366,0.05834330615487937,0.06373677826407056,4.22,0.69588576,fair,Weather not posted; Projected order,Air starter; 14.9% K,0.628745176106034,1.0152141428403265,0.84,0.7,1,0.78,84,84 air · RHB,6,517,.396,0,43,10,2.6,86,33.9,0.101,36.7
257,691594,Javier Sanoja,MIA,BOS,True,4,3B,R,projected,preview,Sonny Gray,R,0.97,58% hard · 37% break,0.06156897778678419,0.05765681895586605,0.06306987005613426,4.22,0.69588576,fair,Weather not posted; Projected order,106.7 last game; 25% pull air,0.6137920666261992,0.8716274673113147,0.92,0.7,1,0.8332646400000001,92,92 air · RHB,6,368,.416,2,38,10,2.2,86.8,30.9,0.075,38.5
258,683083,Nasim Nuñez,WSH,COL,True,8,SS,S,projected,preview,Tanner Gordon,R,1.88,46% hard · 32% break,0.06103275193742662,0.057077277880108857,0.06243890757249208,3.68,0.69588576,fair,Weather not posted; Projected order,63.2% ideal AA; Air starter; 18.9% K,0.510522611622658,1.1369710458889442,1.05,0.7,1,0.8240000000000001,105,105 air · switch,1,437,.251,0,37,10,0.3,85,21.9,0.048,32.2
259,683766,Christian Koss,SF,CIN,True,9,SS,R,projected,preview,Nick Lodolo,L,1.56,52% hard · 24% break,0.05978602225899585,0.054779746714073596,0.061115604060389336,3.55,0.6074437017600001,fair,Weather not posted; Projected order,105.3 last game; 17.5% K,0.6277868681364743,1.0283403874474368,0.87,0.7238375000000001,1,0.8560000000000001,87,87 air · RHB,0,112,.257,0,36,10,5.2,85.2,29.1,0.071,41.8
260,680757,Steven Kwan,CLE,LAA,False,1,DH,L,projected,preview,Grayson Rodriguez,R,1.36,54% hard · 22% break,0.05871274754907502,0.05456986828656252,0.060103736521848715,4.52,0.69588576,fair,Weather not posted; Projected order,Air starter; #1,0.49150428181818206,1.0038766774063506,0.85,0.7,1,0.8,85,85 air · LHB,2,513,.332,0,49,10,0.3,83.7,9.3,0.061,27.3
261,656716,Zach McKinstry,DET,TB,True,6,RF,L,official,preview,Freddy Peralta,R,1.47,53% hard · 25% break,0.058276066358804016,0.0569280385376606,0.05959020448163276,3.96,0.97,stable,,103.5 last game,0.6229453118259078,0.9658304613481774,0.94,0.7,1,0.78624,94,94 air · 75°F · cross LF 14 · LHB,4,365,.321,,,,2.2,85.7,22.8,0.084,39.6
262,630105,Jake Cronenworth,SD,PIT,True,2,2B,L,projected,preview,Bubba Chandler,R,0.79,55% hard · 29% break,0.05776157831135296,0.0535418655449621,0.05909828606278638,4.42,0.69588576,fair,Weather not posted; Projected order,102.9 last game; #2,0.6246137389348643,0.8334751110751302,0.83,0.7,1,0.78,83,83 air · LHB,4,314,.302,1,43,10,3.4,87.1,29.8,0.088,30.3
263,669364,Xavier Edwards,MIA,BOS,True,5,2B,S,projected,preview,Sonny Gray,R,0.97,58% hard · 37% break,0.0577442608002945,0.053523149160811134,0.059049207927381615,4.1,0.69588576,fair,Weather not posted; Projected order,106.4 last game,0.5975979107181641,0.8716274673113147,0.92,0.7,1,0.7928700000000001,92,92 air · switch,6,559,.383,0,45,10,3.3,86.9,29,0.101,28.6
264,680700,Richie Palacios,TB,DET,False,7,2B,L,official,preview,Troy Melton,R,1,65% hard · 24% break,0.05766866978059446,0.056304812005535054,0.05893891859651557,3.82,0.97,stable,,62.5% ideal AA,0.6480025725801541,0.8774418824416748,0.94,0.7352334686514783,1,0.8240000000000001,94,94 air · 75°F · cross LF 14 · LHB,5,326,.340,0,37,10,3.6,86,27.6,0.088,36.9
265,676391,Ernie Clement,TOR,KC,True,6,2B,R,projected,preview,Randy Dobnak,R,0.39,48% hard · 31% break,0.0572248425089671,0.05230568969045757,0.058491184610566044,3.96,0.6374313561599999,fair,Weather not posted; Projected order,14.8% K,0.6590485403077875,0.7677370781169557,0.98,0.7,1,0.78,98,98 air · RHB,9,519,.401,0,39,10,2.2,84.4,20.3,0.08,41.9
266,650859,Luis Rengifo,SD,PIT,True,6,DH,S,projected,preview,Bubba Chandler,R,0.79,55% hard · 29% break,0.055475806844002745,0.0510714541376972,0.0566646536363801,3.96,0.69588576,fair,Weather not posted; Projected order,57.1% ideal AA,0.6472362063200805,0.8300751110751301,0.84,0.7,1,0.8240000000000001,84,84 air · switch,4,344,.323,,,,4.2,87.7,34.2,0.093,38.8
267,702222,Justin Crawford,PHI,SEA,False,8,CF,L,projected,preview,Bryan Woo,R,0.98,66% hard · 28% break,0.05243039031908605,0.04778003510019002,0.053462724354567615,3.68,0.69588576,fair,Weather not posted; Projected order,102 last game,0.5469884424857913,0.8853415860594327,0.97,0.7,1,0.798,97,97 air · LHB,2,390,.354,,,,1.4,87.1,35.1,0.063,26.4
268,669707,Jared Triolo,PIT,SD,False,8,3B,R,projected,preview,Randy Vásquez,R,1.14,70% hard · 22% break,0.052177768443148656,0.04750700694625831,0.053200023186611975,3.68,0.69588576,fair,Weather not posted; Projected order,88.2% ideal AA; Air starter; 14.9% K,0.5420112678431966,1.0152141428403265,0.84,0.7,1,0.8034,84,84 air · RHB,2,308,.305,,,,2.3,87,36.1,0.073,38.4
269,670770,TJ Friedl,CIN,SF,False,9,CF,L,projected,preview,Landen Roupp,R,0.67,53% hard · 26% break,0.05217110053426948,0.04701717022624574,0.0531789458959078,3.55,0.656496,fair,Weather not posted; Projected order,,0.6146917424215577,0.7567742667311841,0.78,0.7460917593512509,1,1,78,78 air · LHB,3,253,.234,,,,2.5,87.3,27.2,0.065,37.3
270,802415,Chandler Simpson,TB,DET,False,5,LF,L,official,preview,Troy Melton,R,1,65% hard · 24% break,0.04963067035581178,0.04805732644758032,0.050589896102610325,4.1,0.97,stable,,,0.49468148181818217,0.8774418824416748,0.94,0.7,1,0.78,94,94 air · 75°F · cross LF 14 · LHB,0,501,.361,0,41,10,0,83.8,13.4,0.037,29.4
