rank,playerId,name,team,opponent,isHome,battingOrder,position,bats,lineupSource,gameStatus,pitcher,pitcherThrows,pitcherHr9,pitcherMixLabel,pHr,pHrRaw,xHr,expectedPa,confidence,confidenceBand,confidenceNotes,reasons,factor_batter,factor_pitcher,factor_park,factor_platoon,factor_weather,factor_form,parkHrFactor,parkAirLabel,season_hr,season_pa,season_slg,recent_hr,recent_pa,recent_games,barrelPct,evAvg,hardHitPct,xIso,pullPct
1,691023,Jordan Walker,STL,COL,False,3,RF,R,projected,preview,Ryan Feltner,R,1.68,42% hard · 40% break,0.1675272761816875,0.1816266234688152,0.17786408557054,3,0.69588576,fair,Weather not posted; Projected order,17.6% vs RHP last 10; 4S-FB 28%; 106.8 last game; 5× 100+ last 3,1.4154110465678285,1.2519783496037478,1.11,1.42,1,1.22,111,111 air · 44° dew · RHB,28,586,.506,1,42,10,13.5,92.6,48.9,0.21,38.9
2,681715,Heriberto Hernández,MIA,CHC,True,1,LF,R,projected,preview,Shota Imanaga,L,1.98,48% hard · 33% off,0.16474145619753358,0.17615234561499082,0.17471955450070142,3,0.69588576,fair,Weather not posted; Projected order,27.3% vs LHP last 10; 4S-FB 41%; trending +8.9 brl; 105.4 last game,1.5258924462200547,1.3291220489609006,0.92,1.42,1,1.22,92,92 air · 78° dew · RHB,23,408,.472,4,45,10,13.8,91.3,47.4,0.239,47.4
3,808959,Munetaka Murakami,CWS,MIN,True,2,1B,L,projected,preview,Zebby Matthews,R,1.53,53% hard · 34% break,0.1641987724379425,0.17508594444633752,0.17410780704121032,3,0.69588576,fair,Weather not posted; Projected order,16.7% vs RHP last 10; 4S-FB 36%; 107.2 last game; 46.7% pull air,1.7724173468117073,1.2587299825412532,1.13,1.42,1,0.8935459310344829,113,113 air · 74° dew · LHB,29,460,.481,0,45,10,19.5,93.9,56.8,0.264,45
4,695600,Carter Jensen,KC,TOR,True,1,C,L,projected,preview,Jameson Taillon,R,2.79,56% hard · 28% break,0.16307678958854385,0.17288119112423828,0.17284387618291186,3,0.69588576,fair,Weather not posted; Projected order,33.3% vs RHP last 10; 4S-FB 28%; 3 tanks last 10; trending +11.3 brl,1.2761561519572904,1.4594360498202918,0.97,1.42,1,1.22,97,97 air · 68° dew · LHB,22,525,.442,5,44,10,11.4,91.4,45.1,0.182,40.1
5,665019,Kody Clemens,MIN,CWS,False,3,2B,L,projected,preview,Erick Fedde,R,1.61,51% hard · 37% break,0.1626530330409659,0.1720484879714811,0.17236680183767716,3,0.69588576,fair,Weather not posted; Projected order,28.6% vs RHP last 10; trending +7.8 brl; 40% pull air; 90% ideal AA,1.4040926651050971,1.1292218203409958,1.13,1.42,1,1.22,113,113 air · 74° dew · LHB,24,498,.468,3,42,10,12.2,92.5,47,0.214,47.5
6,682829,Elly De La Cruz,CIN,MIL,True,2,DH,S,projected,preview,Shane Drohan,L,0.82,61% hard · 34% break,0.1605737014610212,0.16791723563379024,0.17002817474672127,3,0.6983999999999999,fair,Projected order,28.6% vs LHP last 10; 4S-FB 28%; trending +3.3 brl; 113.3 last game,1.3541035896349811,1.0233888673828058,1.24,1.42,1,1.22,124,124 air · 95°F · 4 mph · 73° dew · switch,21,541,.476,0,44,10,14.1,94,51.1,0.198,33.3
7,680777,Ryan Jeffers,MIN,CWS,False,4,C,R,projected,preview,Erick Fedde,R,1.61,51% hard · 37% break,0.1586319533336203,0.16535658853415824,0.16784777253481487,3,0.69588576,fair,Weather not posted; Projected order,17.6% vs RHP last 10; 103.6 last game; 4× 100+ last 3; 26.1% pull air,1.267314816320579,1.1287333107607112,1.17,1.42,1,1.22,117,117 air · 74° dew · RHB,13,306,.506,3,43,10,11.3,88.8,40.4,0.194,38.5
8,701398,Sal Stewart,CIN,MIL,True,3,1B,R,projected,preview,Shane Drohan,L,0.82,61% hard · 34% break,0.15818749301202584,0.16483247433279458,0.16734915693451613,3,0.6983999999999999,fair,Projected order,14.3% vs LHP last 10; 4S-FB 28%; trending +7.4 brl; 105 last game,1.4127438411543614,1.01426941840585,1.23,1.3517428551681239,1,1.21040160364,123,123 air · 95°F · 4 mph · 73° dew · RHB,31,607,.485,4,44,10,13.3,90.1,38.7,0.226,31.7
9,691718,Pete Crow-Armstrong,CHC,MIA,False,1,CF,L,projected,preview,Janson Junk,R,1.05,39% hard · 43% break,0.15519051724898036,0.16163716028758768,0.1639915877035898,3,0.69588576,fair,Weather not posted; Projected order,18.8% vs RHP last 10; 4S-FB 35%; 4 tanks last 10; trending +7.7 brl,1.5756618400451847,1.1103959819105715,0.92,1.42,1,1.22,92,92 air · 78° dew · LHB,39,631,.571,6,47,10,13.1,90.3,48.6,0.239,50.1
10,694192,Jackson Chourio,MIL,CIN,False,1,LF,R,projected,preview,Rhett Lowder,R,1.29,50% hard · 30% break,0.15189069646624542,0.15803036250343472,0.16030390760209257,3,0.6983999999999999,fair,Projected order,14.3% vs RHP last 10; 4S-FB 21%; 109.5 last game; 83.9% ideal AA,1.3383000388283186,1.1334486320280155,1.23,1.3045162876197207,1,1.1022898535745047,123,123 air · 95°F · 4 mph · 73° dew · RHB,21,480,.483,4,48,10,12.9,92,47.7,0.211,29.4
11,669065,Kyle Stowers,MIA,CHC,True,2,1B,L,projected,preview,Shota Imanaga,L,1.98,48% hard · 33% off,0.15116034846381554,0.15728144271814237,0.1594890081885234,3,0.69588576,fair,Weather not posted; Projected order,37.5% vs LHP last 10; 4S-FB 41%; trending +20.7 brl; 109.2 last game,1.3594618002299446,1.2926857012111137,0.92,1.3491833111512501,1,1.22,92,92 air · 78° dew · LHB,18,437,.471,2,38,10,12.6,92.4,55.9,0.208,46.2
12,695657,Colson Montgomery,CWS,MIN,True,6,SS,L,projected,preview,Zebby Matthews,R,1.53,53% hard · 34% break,0.15043446767561885,0.1564969267658305,0.15867955617175056,3,0.69588576,fair,Weather not posted; Projected order,33.3% pull air; 73.3% ideal AA; 13.3% barrels last 10; 76.5 bat,1.399548478473693,1.1611382572503468,1.13,1.2480600321764936,1,1.1512802332492291,113,113 air · 74° dew · LHB,29,558,.432,2,43,10,12.3,88.7,41.6,0.198,48.6
13,608369,Corey Seager,TEX,TB,True,2,SS,L,projected,preview,Nick Martinez,R,1.05,64% hard · 9% break,0.14382761651372544,0.14935638769200799,0.15133316259807594,3,0.69588576,fair,Weather not posted; Projected order,Changeup 27%; 103.8 last game; 4× 100+ last 3; 22.7% pull air,1.4155715717218658,1.0867843875781407,1.11,1.198833899473179,1,1.1901480839894043,111,111 air · 66° dew · LHB,14,344,.412,1,45,10,15.1,92,50,0.232,44.5
14,663728,Cal Raleigh,SEA,ATH,True,4,C,S,projected,preview,Kade Morris,R,2.45,55% hard · 33% break,0.14314190147644063,0.15307476675024256,0.150572859157033,3,0.40083019776,thin,Starter sample thin; Weather not posted; Starter outing length thin; Projected order,50% vs RHP last 10; Sinker 36%; trending +21.2 brl; 57.1% pull air,1.3623541358944433,1.1213983878946558,0.96,1.42,1,1.22,96,96 air · 56° dew · spray vs wall · switch,20,442,.358,6,42,10,14.5,89.8,39,0.206,54.4
15,646240,Rafael Devers,SF,NYM,False,2,DH,L,projected,preview,Nolan McLean,R,0.87,64% hard · 30% break,0.14275429865527361,0.1481963694141465,0.1501432744105904,3,0.69588576,fair,Weather not posted; Projected order,31.3% vs RHP last 10; 4S-FB 20%; trending +10.6 brl; 103.8 last game,1.4458993157442386,0.9998440714384136,0.96,1.42,1,1.22,96,96 air · 68° dew · LHB,32,602,.497,5,47,10,11.6,93,50.9,0.227,33.3
16,641343,Jake Bauers,MIL,CIN,False,4,RF,L,projected,preview,Rhett Lowder,R,1.29,50% hard · 30% break,0.1423144966018146,0.14768567661362142,0.14965599343802638,3,0.6983999999999999,fair,Projected order,Slider 27%; 40% pull air; 90% ideal AA; 20.6% blast,1.4272671511209303,1.1836801015337668,1.24,1.3314193639876626,1,0.85696,124,124 air · 95°F · 4 mph · 73° dew · LHB,23,507,.487,1,42,10,13.5,92.3,52.7,0.214,43.8
17,621566,Matt Olson,ATL,PHI,False,3,1B,L,projected,preview,Cristopher Sánchez,L,0.72,43% hard · 38% off,0.14178722315288034,0.14715117553237655,0.1490720175960143,3,0.69588576,fair,Weather not posted; Projected order,Sinker 43%; 23.1% pull air; 19.3% blast; 15.1% barrels,1.664794874594385,0.9809577540889131,1.23,1.38,1,0.85696,123,123 air · 71° dew · LHB,37,609,.518,1,44,10,15.1,92.6,50.4,0.266,39.1
18,691723,Coby Mayo,BAL,BOS,True,2,DH,R,projected,preview,Ranger Suarez,L,0.58,65% hard · 21% break,0.14142533014000086,0.14676004954275024,0.14867134542472604,3,0.69588576,fair,Weather not posted; Projected order,30% vs LHP last 10; 4S-FB 23%; trending +3.2 brl; 105.2 last game,1.4362330403027452,0.9163225819108167,1.06,1.42,1,1.19377,106,106 air · 72° dew · spray vs wall · RHB,19,372,.444,2,38,10,12.6,91.5,48.2,0.217,50
19,695506,Jac Caglianone,KC,TOR,True,3,RF,L,projected,preview,Jameson Taillon,R,2.79,56% hard · 28% break,0.13985151603211576,0.14505910595299543,0.14693019531908091,3,0.69588576,fair,Weather not posted; Projected order,12.5% vs RHP last 10; Cutter 19%; 112.2 last game; 36.4% pull air,1.44252747133496,1.3963522138347446,0.97,1.3328327557561745,1,0.8902400000000001,97,97 air · 68° dew · LHB,23,505,.497,1,44,10,13.9,93.2,54.6,0.226,45.4
20,681508,Mickey Gasper,BOS,BAL,False,2,1B,S,projected,preview,Shane Baz,R,0.63,58% hard · 33% break,0.13973978705587237,0.14493835173877223,0.1468066675123001,3,0.69588576,fair,Weather not posted; Projected order,26.7% vs RHP last 10; 4S-FB 34%; trending +15.2 brl; 25% pull air,1.1619917634058654,1.0177209547148711,1.13,1.42,1,1.22,113,113 air · 72° dew · switch,7,173,.493,,,,9.8,88.7,37.4,0.193,43.1
21,686527,Dominic Canzone,SEA,ATH,True,2,DH,L,projected,preview,Kade Morris,R,2.45,55% hard · 33% break,0.13927662421151638,0.14864286883554712,0.14629470767074004,3,0.40083019776,thin,Starter sample thin; Weather not posted; Starter outing length thin; Projected order,30.8% vs RHP last 10; Sinker 36%; 3 tanks last 10; trending +7.6 brl,1.3754780684219,1.0564330868490772,0.96,1.42,1,1.22,96,96 air · 56° dew · LHB,21,439,.485,2,45,10,12.4,91.1,45,0.22,40.6
22,670541,Yordan Alvarez,HOU,AZ,True,2,DH,L,projected,preview,Merrill Kelly,R,1.65,50% hard · 22% break,0.13877751977169872,0.14389835447324673,0.1457432251195676,3,0.69588576,fair,Weather not posted; Projected order,Changeup 28%; 106.7 last game; 22.1% blast; 41.4% sweet,1.8022177970852087,1.2157823240313201,1.05,1.161218366006941,1,0.8560000000000001,105,105 air · 76° dew · LHB,37,609,.602,1,43,10,16.5,94.5,53.5,0.331,41.7
23,663457,Lars Nootbaar,AZ,HOU,False,1,LF,L,projected,preview,Cristian Javier,R,1.61,56% hard · 28% break,0.1360761363755647,0.14166066418056722,0.14276203875786686,3,0.6429984422399998,fair,Weather not posted; Projected order,17.6% vs RHP last 10; 4S-FB 49%; trending +7.3 brl; 105.9 last game,1.093201148817398,1.2343942874115852,1.05,1.2881605180209994,1,1.22,105,105 air · 76° dew · LHB,6,261,.373,,,,10.3,91.9,49.7,0.197,40
24,643217,Andrew Benintendi,CWS,MIN,True,4,DH,L,projected,preview,Zebby Matthews,R,1.53,53% hard · 34% break,0.13517943074980845,0.14000961918583998,0.14177382844121555,3,0.69588576,fair,Weather not posted; Projected order,4S-FB 36%; 20–30° last 5; 21.1% pull air; 68.4% ideal AA,1.1013606560122842,1.187583656453058,1.13,1.2105857259990265,1,1.22,113,113 air · 74° dew · LHB,14,420,.420,1,39,10,8.8,89,44.4,0.161,51.2
25,694374,Tim Tawa,AZ,HOU,False,6,1B,R,projected,preview,Cristian Javier,R,1.61,56% hard · 28% break,0.13247998889146295,0.1377336231151649,0.1388030382292692,3,0.6429984422399998,fair,Weather not posted; Projected order,33.3% vs RHP last 10; trending +14.7 brl; 104.3 last game; 62.5% ideal AA,1.1217513763969975,1.081643919147812,1.01,1.42,1,1.22,101,101 air · 76° dew · RHB,9,276,.394,1,38,10,10.3,91,45.2,0.162,38.3
26,665161,Jeremy Peña,HOU,AZ,True,1,SS,R,projected,preview,Merrill Kelly,R,1.65,50% hard · 22% break,0.13236730252283452,0.13697033299741734,0.1386791586905488,3,0.69588576,fair,Weather not posted; Projected order,4S-FB 27%; trending +9.5 brl; 105.3 last game; 88% ideal AA,1.0892714622160202,1.2145971660926993,1.01,1.2900554666310464,1,1.22,101,101 air · 76° dew · RHB,17,392,.469,3,43,10,6.5,88.4,39.1,0.15,47.8
27,696100,Hunter Goodman,COL,STL,True,3,C,R,projected,preview,Andre Pallante,R,0.66,50% hard · 47% break,0.13181706911489594,0.13637565286117193,0.1380744244429083,3,0.69588576,fair,Weather not posted; Projected order,Slider 30%; 106.4 last game; 82.6% ideal AA; 17.3% blast,1.7094048232276173,0.9969019432237738,1.11,1.1921582403151674,1,0.9257640000000001,111,111 air · 44° dew · RHB,36,497,.537,2,41,10,16.1,90.4,45.8,0.235,47.9
28,680664,Eduardo Valencia,DET,CLE,False,5,C,R,projected,preview,Foster Griffin,L,1.34,59% hard · 24% break,0.13150639478188855,0.1376171898112769,0.1377330905479316,3,0.5656044672,fair,Weather not posted; Projected order,4S-FB 17%; 106.1 last game; 70% ideal AA; 43.9% sweet,1.604002365718018,1.131517493131184,0.96,1.38,1,0.8816800000000001,96,96 air · 72° dew · RHB,6,85,.627,,,,19.3,89.5,47.4,0.255,36.8
29,679822,Justin Foscue,TEX,TB,True,5,2B,R,projected,preview,Nick Martinez,R,1.05,64% hard · 9% break,0.1289896422005839,0.13331983218876609,0.13497096293302024,3,0.69588576,fair,Weather not posted; Projected order,Changeup 27%; trending +15.0 brl; 107.3 last game; 20% pull air,1.3509305772687288,1.0446207717556069,1.08,1.0804551669135238,1,1.22,108,108 air · 66° dew · RHB,11,207,.500,,,,11.7,89.4,40.9,0.212,46.7
30,669394,Jake Burger,TEX,TB,True,6,1B,R,projected,preview,Nick Martinez,R,1.05,64% hard · 9% break,0.12846665214103686,0.13275459606282525,0.13391157172314175,2.5874999999999986,0.69588576,fair,Weather not posted; Projected order,18.2% vs RHP last 10; Changeup 27%; trending +11.1 brl; heart vs in-zone,1.3061313838954316,1.0969313754006513,1.08,1.3331980615480123,1,1.22,108,108 air · 66° dew · RHB,23,532,.421,2,39,10,11.6,90.2,47.1,0.184,44.2
31,656941,Kyle Schwarber,PHI,ATL,True,1,1B,L,projected,preview,Chris Sale,L,0.5,50% hard · 39% break,0.12720590279025534,0.13139200596037592,0.13301653512229372,3,0.69588576,fair,Weather not posted; Projected order,Slider 39%; 101.3 last game; 22.7% pull air; 72.7% ideal AA,1.7624547439023175,0.9403500420435749,1.25,1.0515,1,0.8998080000000002,125,125 air · 71° dew · pull × porch · LHB,40,601,.517,2,46,10,16.9,92.4,49.5,0.254,54.4
32,545361,Mike Trout,LAA,PIT,False,2,CF,R,projected,preview,Jared Jones,R,1.49,46% hard · 41% break,0.1265314804207664,0.13066310513249413,0.132278270136737,3,0.69588576,fair,Weather not posted; Projected order,22.2% vs RHP last 10; 18.2% barrels last 10; 16.0% blast; 15.9% barrels,1.399893082067218,1.0163631527890638,0.86,1.42,1,1.1175311058700208,86,86 air · 75° dew · RHB,20,540,.423,0,45,10,15.9,89.9,45.5,0.237,35.6
33,701350,Roman Anthony,BOS,BAL,False,1,DH,L,projected,preview,Shane Baz,R,0.63,58% hard · 33% break,0.1264415787941511,0.13081784719779643,0.132179886891165,3,0.67252695552,fair,Weather not posted; Projected order,15.4% vs RHP last 10; 13.2% vs hard; 102.6 last game; 6× 100+ last 3,1.0712599289589828,1.0227997686805714,1.19,1.2231149169580595,1,1.22,119,119 air · 72° dew · LHB,3,154,.420,2,44,10,10.9,92.8,50.5,0.162,38.7
34,664040,Brandon Lowe,PIT,LAA,True,2,DH,L,projected,preview,Ryan Johnson,R,1.99,57% hard · 20% break,0.12415373568004134,0.12809329103911027,0.12967846938827354,3,0.69588576,fair,Weather not posted; Projected order,102.2 last game; 5× 100+ last 3; 18.8% pull air; 68.8% ideal AA,1.3765720144333882,1.1851981918667243,0.92,1.0515,1,1.1896558164705884,92,92 air · 75° dew · LHB,29,578,.482,2,42,10,11.9,91,45.8,0.191,46.9
35,606192,Teoscar Hernández,LAD,WSH,True,3,LF,R,projected,preview,Jackson Kent,L,0.47,47% hard · 32% break,0.1239446285883225,0.13106331767445234,0.1294500591248361,3,0.40083019776,thin,Starter sample thin; Weather not posted; Starter outing length thin; Projected order,37.5% vs LHP last 10; 4S-FB 35%; trending +11.4 brl; 110.6 last game,1.075180468766147,1.0273226845522296,1.02,1.42,1,1.22,102,102 air · 60° dew · RHB,12,406,.403,1,44,10,9.7,90.2,45,0.169,34.5
36,665742,Juan Soto,NYM,SF,True,2,DH,L,projected,preview,Matt Wilkinson,L,0.77,60% hard · 15% break,0.12305715585984169,0.1300457481017867,0.1284810659501079,3,0.40083019776,thin,Starter sample thin; Weather not posted; Starter outing length thin; Projected order,15.4% vs break; tank last game; trending +6.7 brl; 28.6% pull air,1.6012018708950775,1.0319501286914454,0.96,0.9953510381055617,1,1.22,96,96 air · 68° dew · LHB,23,377,.542,2,39,10,14.7,92.7,49,0.296,39.8
37,673548,Seiya Suzuki,CHC,MIA,False,2,RF,R,projected,preview,Janson Junk,R,1.05,39% hard · 43% break,0.12302977994221595,0.12687854445764057,0.12845118576337633,3,0.69588576,fair,Weather not posted; Projected order,4S-FB 35%; 100.6 last game; 4× 100+ last 3; 20–30° last 5,1.2440996492922034,1.1157962073876553,0.92,1.1858531434095172,1,1.22,92,92 air · 78° dew · RHB,24,545,.486,2,47,10,10.4,88.4,38.5,0.182,42
38,660670,Ronald Acuña Jr.,ATL,PHI,False,2,RF,R,projected,preview,Cristopher Sánchez,L,0.72,43% hard · 38% off,0.12246303222679836,0.12626601602196452,0.1278327332637954,3,0.69588576,fair,Weather not posted; Projected order,Sinker 43%; 108.6 last game; 69.6% ideal AA; 13.0% barrels last 10,1.2655159230572928,0.944190982401703,1.2,1.0699479308005428,1,1.1945341935483873,120,120 air · 71° dew · RHB,14,383,.416,1,44,10,12.4,90.3,45.2,0.212,37.3
39,668904,Royce Lewis,MIN,CWS,False,7,1B,R,projected,preview,Erick Fedde,R,1.61,51% hard · 37% break,0.12143507332160439,0.12515502070075046,0.1267116721110274,3,0.69588576,fair,Weather not posted; Projected order,Sinker 31%; 101.5 last game; 29.2% pull air; 75% ideal AA,1.1650231260299346,1.1574558245465336,1.17,1.1169161280428612,1,1.024580398099674,117,117 air · 74° dew · RHB,14,430,.403,1,42,10,11.3,89.8,41.1,0.167,47.4
40,668709,JJ Bleday,CIN,MIL,True,4,LF,L,projected,preview,Shane Drohan,L,0.82,61% hard · 34% break,0.12045467045439118,0.12407160858012567,0.12564328856766893,3,0.6983999999999999,fair,Projected order,tank last game; 30.8% pull air; 40.3% sweet; 8.3% solid,1.3099053594273133,0.9717440394333677,1.24,0.9239481082957308,1,1.22,124,124 air · 95°F · 4 mph · 73° dew · LHB,22,467,.437,1,42,10,10.4,88.5,39.8,0.191,46
41,661388,William Contreras,MIL,CIN,False,3,C,R,projected,preview,Rhett Lowder,R,1.29,50% hard · 30% break,0.12005266631428331,0.1236373437762689,0.12520543836650533,3,0.6983999999999999,fair,Projected order,18.2% vs RHP last 10; 103 last game; 20–30° last 5; 66.7% ideal AA,1.003290277074817,1.1006851861437337,1.23,1.218999248545837,1,1.0682041278172274,123,123 air · 95°F · 4 mph · 73° dew · RHB,13,563,.402,1,46,10,7.9,90.1,43.5,0.177,36.4
42,665833,Oneil Cruz,PIT,LAA,True,5,CF,L,projected,preview,Ryan Johnson,R,1.99,57% hard · 20% break,0.11903492646577425,0.12256099489526284,0.12374328931941822,2.6400000000000006,0.69588576,fair,Weather not posted; Projected order,16.7% vs RHP last 10; 100.6 last game; 15% barrels last 10; 78.1 bat,1.511158778805912,1.1511878382247824,0.92,1.42,1,0.937984678522572,92,92 air · 75° dew · LHB,17,343,.483,1,44,10,17.2,95.3,56,0.235,41.2
43,521692,Salvador Perez,KC,TOR,True,4,1B,R,projected,preview,Jameson Taillon,R,2.79,56% hard · 28% break,0.11867922806166008,0.12217656390221687,0.12340968664529242,2.6869565217391305,0.69588576,fair,Weather not posted; Projected order,4S-FB 28%; tank last game; 61.5% ideal AA; Air starter,1.1217736496371575,1.4074168740970188,0.97,1.1038898127203571,1,1.22,97,97 air · 68° dew · RHB,18,548,.375,1,44,10,10.1,88.8,42.2,0.18,39.3
44,691406,Junior Caminero,TB,TEX,False,3,3B,R,projected,preview,Trevor Williams,R,1.47,57% hard · 33% break,0.11800978916051565,0.12381331966625408,0.12298245941676322,3,0.44536688639999994,thin,Starter sample thin; Weather not posted; Projected order,4S-FB 39%; 57.7% ideal AA; 25.0% blast; 79.7 bat,1.525431750985387,1.0760127495379463,1.08,1.1222940080062693,1,0.8911560000000001,108,108 air · 66° dew · RHB,37,610,.527,2,43,10,12.9,93,50.2,0.22,46.4
45,699302,Héctor Rodríguez,CIN,MIL,True,1,RF,L,projected,preview,Shane Drohan,L,0.82,61% hard · 34% break,0.11723637518975258,0.12150658141231963,0.1221417564067322,3,0.596761344,fair,Projected order,12.5% vs LHP last 10; trending +3.4 brl; 102 last game; 62.5% ideal AA,1.1319206176503698,0.9479779510683312,1.24,1.0581057124097177,1,1.22,124,124 air · 95°F · 4 mph · 73° dew · LHB,5,82,.480,5,45,10,9.1,88.6,34.5,0.152,41.8
46,671739,Michael Harris II,ATL,PHI,False,5,CF,L,projected,preview,Cristopher Sánchez,L,0.72,43% hard · 38% off,0.11630850272464328,0.11961433622560336,0.12113380429096743,3,0.69588576,fair,Weather not posted; Projected order,106.9 last game; 5× 100+ last 3; 12% barrels last 10; 21.2% blast,1.286623501216619,0.7882787695649,1.23,1.1496010909308878,1,1.1664299851851854,123,123 air · 71° dew · LHB,24,536,.503,4,41,10,10.8,90.5,48.6,0.193,36.4
47,663616,Trevor Larnach,MIN,CWS,False,6,LF,L,projected,preview,Erick Fedde,R,1.61,51% hard · 37% break,0.11628440720749186,0.11958829432190254,0.12110763862133511,3,0.69588576,fair,Weather not posted; Projected order,Sinker 31%; 107.9 last game; 33.3% pull air; 16.2% blast,0.9711905553821596,1.154678172002999,1.13,1.0833649458418413,1,1.218048,113,113 air · 74° dew · LHB,11,411,.424,,,,7.5,87.8,37.7,0.138,44.2
48,695578,James Wood,WSH,LAD,False,1,RF,L,projected,preview,Blake Snell,L,0,49% hard · 33% break,0.11510391787497953,0.12074568080050774,0.11982631025279356,3,0.42015743999999994,thin,Starter sample thin; Weather not posted; Projected order,101.6 last game; 24.7% blast; 39.2% sweet; 77 bat,1.7901326351320688,0.7198516853192996,1.09,1.2908463004128294,1,0.9373436539859018,109,109 air · 60° dew · LHB,30,539,.533,2,46,10,20.6,95.2,58.1,0.307,32.6
49,572233,Christian Walker,HOU,AZ,True,6,1B,R,projected,preview,Merrill Kelly,R,1.65,50% hard · 22% break,0.11482717878873627,0.11801335397458179,0.11952609663594371,3,0.69588576,fair,Weather not posted; Projected order,16.1% blast; Air starter; 15.4% K; Platoon,1.1715627505972837,1.1700226946069925,1.01,1.2306512518859576,1,0.9597871082199881,101,101 air · 76° dew · RHB,24,556,.426,1,39,10,8.9,89.2,41,0.157,41.5
50,678246,Miguel Vargas,CWS,MIN,True,3,3B,R,projected,preview,Zebby Matthews,R,1.53,53% hard · 34% break,0.11477355482029904,0.11795539837174818,0.11946793122501731,3,0.69588576,fair,Weather not posted; Projected order,4S-FB 36%; 30.4% pull air; 65.2% ideal AA; 17.5% blast,1.4612713201202672,1.1881664840947614,1.19,0.9228188483050586,1,0.85696,119,119 air · 74° dew · pull × porch · RHB,29,609,.484,0,45,10,13.7,90.6,45.6,0.244,46.2
51,624413,Pete Alonso,BAL,BOS,True,4,1B,R,projected,preview,Ranger Suarez,L,0.58,65% hard · 21% break,0.11459898191124698,0.11776672382047226,0.11906985230033477,2.759999999999998,0.69588576,fair,Weather not posted; Projected order,12.5% vs LHP last 10; 4S-FB 23%; 107.5 last game; 27.3% pull air,1.5674006944405119,0.9617906462257299,1.07,1.294358966884233,1,0.8902400000000001,107,107 air · 72° dew · RHB,33,611,.502,3,44,10,14.2,94.3,57.3,0.262,35
52,805811,Bryce Eldridge,SF,NYM,False,3,1B,L,projected,preview,Nolan McLean,R,0.87,64% hard · 30% break,0.11381190285926196,0.1169160661339026,0.11842523499028601,3,0.69588576,fair,Weather not posted; Projected order,13.3% vs RHP last 10; Sinker 33%; 100.3 last game; 4× 100+ last 3,1.2767072559862591,0.9376691519271734,0.96,1.2589211661805313,1,1.11264,96,96 air · 68° dew · LHB,15,394,.446,1,47,10,11.7,92.5,52.5,0.21,37.9
53,650490,Yandy Díaz,TB,TEX,False,1,DH,R,projected,preview,Trevor Williams,R,1.47,57% hard · 33% break,0.11279506893273192,0.11788861910584847,0.11732352643909727,3,0.44536688639999994,thin,Starter sample thin; Weather not posted; Projected order,4S-FB 39%; trending +8.7 brl; 16% barrels last 10; xSLG 0.450,1.0511509012702505,1.083547400005239,1.08,1.1009427894472177,1,1.20536,108,108 air · 66° dew · RHB,21,600,.468,2,45,10,7.3,91,47.9,0.164,22.7
54,695491,Joshua Báez,STL,COL,False,4,LF,R,projected,preview,Ryan Feltner,R,1.68,42% hard · 40% break,0.11276310912258644,0.11801995252955144,0.1172889126073744,3,0.42614035200000006,thin,Short season sample; Weather not posted; Projected order,4S-FB 28%; 28.6% pull air; 92.9% ideal AA; 77.8 bat,1.641303691690499,1.2780897236073272,1.11,0.8195928643300352,1,0.85696,111,111 air · 44° dew · RHB,6,69,.565,,,,15.4,92.5,48.7,0.266,43.6
55,701538,Jackson Merrill,SD,NYY,True,3,CF,L,projected,preview,Max Fried,L,0.3,63% hard · 25% break,0.11236844963735604,0.11535601371563375,0.11686154811628502,3,0.69588576,fair,Weather not posted; Projected order,33.3% vs LHP last 10; 4S-FB 19%; trending +5.0 brl; 107 last game,1.2617364060604463,0.8807760960327244,0.84,1.381916173739597,1,1.22,84,84 air · 64° dew · LHB,22,576,.418,2,45,10,11.7,90.9,47.1,0.212,37.5
56,650402,Gleyber Torres,DET,CLE,False,1,DH,R,official,preview,Logan Allen,L,1.88,70% hard · 19% break,0.1116106772522541,0.11534271159409482,0.11604133493836732,3,0.5922432000000001,fair,Starter sample thin; Starter outing length thin,33.3% vs LHP last 10; trending +4.3 brl; 101.3 last game; 4× 100+ last 3,0.8506470445213329,1.1441874441127258,0.96,1.380362451891486,1,1.22,96,96 air · 79°F · cross RF 6 · 72° dew · RHB,8,354,.382,0,37,10,6.8,86.5,33.3,0.123,25.3
57,686948,Drake Baldwin,ATL,PHI,False,1,DH,L,projected,preview,Cristopher Sánchez,L,0.72,43% hard · 38% off,0.11110461957993277,0.11399009405336669,0.11549383759623699,3,0.69588576,fair,Weather not posted; Projected order,69.2% ideal AA; 19.2% blast; 75.4 bat; 12.9% barrels,1.3478240528114422,0.8363519780666798,1.23,1.0723474092949885,1,1.037523191860465,123,123 air · 71° dew · LHB,22,518,.452,1,44,10,12.9,91.9,51.7,0.219,30.9
58,677951,Bobby Witt Jr.,KC,TOR,True,2,SS,R,projected,preview,Jameson Taillon,R,2.79,56% hard · 28% break,0.11035097206521695,0.11317556843520893,0.11467886099384117,3,0.69588576,fair,Weather not posted; Projected order,4S-FB 28%; 21.1% blast; 8.5% solid; 92.2 EV,1.198905019744436,1.3362098580963218,0.97,1.0521140754084017,1,0.9322548028311426,97,97 air · 68° dew · RHB,16,540,.447,0,46,10,11.5,92.2,50.9,0.205,29
59,502671,Paul Goldschmidt,NYY,SD,False,1,1B,R,projected,preview,Walker Buehler,R,1.16,64% hard · 26% break,0.10901991475173586,0.11173699103676105,0.11324061065553359,3,0.69588576,fair,Weather not posted; Projected order,trending +7.9 brl; 107.2 last game; 25% pull air; 68.8% ideal AA,1.2752290621401678,1.036763229204616,0.85,1.0880600111475816,1,1.22,85,85 air · 64° dew · RHB,18,352,.461,,,,10.8,86.8,37.1,0.185,32.1
60,687952,Christian Encarnacion-Strand,BAL,BOS,True,6,3B,R,projected,preview,Ranger Suarez,L,0.58,65% hard · 21% break,0.108395358472475,0.11136651521860697,0.11150362295552707,2,0.65238213888,fair,Weather not posted; Projected order,25% vs LHP last 10; 4S-FB 23%; 30.4% pull air; 56.5% ideal AA,1.5745601293050262,0.9622093686549112,1.07,1.42,1,1.22,107,107 air · 72° dew · RHB,8,141,.508,2,37,10,16.8,91.9,41.1,0.264,44.2
61,673357,Luis Robert Jr.,BAL,BOS,True,3,CF,R,projected,preview,Ranger Suarez,L,0.58,65% hard · 21% break,0.10832213775930477,0.11098284904730527,0.11248721234530612,3,0.69588576,fair,Weather not posted; Projected order,4S-FB 23%; 102.9 last game; 77.2 bat; #3,1.2120879175453685,0.9628372350506942,1.07,1.059,1,1.115311004784689,107,107 air · 72° dew · RHB,11,226,.413,,,,9.5,89.5,39.9,0.179,44.6
62,607043,Brandon Nimmo,TEX,TB,True,4,RF,L,projected,preview,Nick Martinez,R,1.05,64% hard · 9% break,0.10789612019105745,0.1105224186519983,0.11202742921313014,3,0.69588576,fair,Weather not posted; Projected order,18.2% vs RHP last 10; 21.7% pull air; 65.2% ideal AA; 16.6% blast,1.0842398895684937,0.9804158070081943,1.11,1.2314762187302744,1,1.007971395236821,111,111 air · 66° dew · LHB,14,571,.426,1,44,10,10.1,92.3,50.8,0.193,32.3
63,665487,Fernando Tatis Jr.,SD,NYY,True,1,2B,R,projected,preview,Max Fried,L,0.3,63% hard · 25% break,0.10766061582936218,0.11026789073006782,0.11177332192345846,3,0.69588576,fair,Weather not posted; Projected order,4S-FB 19%; 105.6 last game; 7× 100+ last 3; 14.8% barrels last 10,1.241310119697967,0.9091718521097514,0.85,1.2486571412258414,1,1.218048,85,85 air · 64° dew · RHB,19,609,.449,4,45,10,12.6,92.8,53.9,0.189,34.9
64,680869,Zack Gelof,ATH,SEA,False,2,LF,R,projected,preview,Logan Gilbert,R,1.23,46% hard · 32% break,0.10733471774716337,0.10991566726793711,0.11142175427774292,3,0.69588576,fair,Weather not posted; Projected order,4S-FB 40%; tank last game; 66.7% ideal AA; Air starter,1.1943766589384184,1.176742887940744,0.97,0.9584709347996858,1,1.1105756425974027,97,97 air · 56° dew · RHB,16,348,.462,2,45,10,8.8,89.1,42.4,0.177,38
65,682998,Corbin Carroll,AZ,HOU,False,2,RF,L,projected,preview,Cristian Javier,R,1.61,56% hard · 28% break,0.10707505279342283,0.1099910937105778,0.11114169789851713,3,0.6429984422399998,fair,Weather not posted; Projected order,4S-FB 49%; 83.3% ideal AA; 17.9% blast; 75.4 bat,1.183997283944172,1.1546663153402128,1.05,1.2064869130382776,1,0.8388849241748438,105,105 air · 76° dew · LHB,19,593,.470,1,41,10,11.8,91.7,47.4,0.19,43.3
66,596019,Francisco Lindor,NYM,SF,True,1,SS,S,projected,preview,Matt Wilkinson,L,0.77,60% hard · 15% break,0.10684231603695614,0.11145393440441276,0.11089073051793485,3,0.40083019776,thin,Starter sample thin; Weather not posted; Starter outing length thin; Projected order,14.3% vs LHP last 10; 107.6 last game; 20–30° last 5; 23.1% pull air,1.1842227977340034,0.9853682970771553,0.96,1.2571046710885219,1,1.0548132015652176,96,96 air · 68° dew · switch,15,361,.424,3,43,10,9.2,91.1,48,0.199,46.8
67,693307,Dillon Dingler,DET,CLE,False,4,C,R,official,preview,Logan Allen,L,1.88,70% hard · 19% break,0.10547552048620679,0.10857552516882307,0.10941775092795814,3,0.5922432000000001,fair,Starter sample thin; Starter outing length thin,106.8 last game; 66.7% ideal AA; 39.3% sweet; 8.9% solid,1.3295897864195347,1.165915098245414,0.96,0.798091376451078,1,1.1969555000000003,96,96 air · 79°F · cross RF 6 · 72° dew · RHB,26,539,.466,0,39,10,10.3,88.5,42.5,0.206,41.5
68,668227,Randy Arozarena,SEA,ATH,True,1,LF,R,projected,preview,Kade Morris,R,2.45,55% hard · 33% break,0.10515491896196578,0.10951917757706275,0.10907245969440826,3,0.40083019776,thin,Starter sample thin; Weather not posted; Starter outing length thin; Projected order,Sinker 36%; trending +4.5 brl; 103.6 last game; 6× 100+ last 3,1.1116981028189823,1.0924887950450797,0.97,1.003583841227178,1,1.22,97,97 air · 56° dew · RHB,22,576,.467,2,45,10,8,90.7,41.7,0.163,35.6
69,687263,Zach Neto,LAA,PIT,False,1,SS,R,projected,preview,Jared Jones,R,1.49,46% hard · 41% break,0.10491916630997775,0.10730499253054693,0.10881860421142275,3,0.69588576,fair,Weather not posted; Projected order,4S-FB 46%; 35.3% pull air; 58.8% ideal AA; 8.2% solid,1.2477130226842772,1.087123128408222,0.83,1.1134464345551134,1,1.1119270478309236,83,83 air · 75° dew · spray vs wall · RHB,23,603,.431,2,45,10,11.6,89.6,41.1,0.194,48
70,677800,Wilyer Abreu,BOS,BAL,False,4,RF,L,projected,preview,Shane Baz,R,0.63,58% hard · 33% break,0.10483708824662213,0.10721628436925601,0.10873023404873627,3,0.69588576,fair,Weather not posted; Projected order,4S-FB 34%; 100 last game; 21.4% pull air; 64.3% ideal AA,1.293908211444202,0.9725146756972884,1.19,1.0330439112099166,1,0.8998080000000002,119,119 air · 72° dew · LHB,23,603,.468,1,44,10,12.4,89.9,44.1,0.219,36.3
71,662139,Daulton Varsho,HOU,AZ,True,5,CF,L,projected,preview,Merrill Kelly,R,1.65,50% hard · 22% break,0.10456348276950421,0.10692057760179607,0.10843569300269351,3,0.69588576,fair,Weather not posted; Projected order,58.3% ideal AA; Air starter; 15.4% K; Platoon,0.8356806892180626,1.1756661135389532,1.05,1.1067723843306103,1,1.2134817813765182,105,105 air · 76° dew · LHB,10,474,.363,1,43,10,6.5,86.7,37.2,0.122,37.5
72,672640,Otto Lopez,MIA,CHC,True,3,SS,R,projected,preview,Shota Imanaga,L,1.98,48% hard · 33% off,0.10438997990425172,0.10673305953026735,0.10824894524231954,3,0.69588576,fair,Weather not posted; Projected order,18.2% vs LHP last 10; 103.7 last game; 18.6% blast; Air starter,0.8268225484758258,1.2231019741443392,0.92,1.2227799324624982,1,1.2142741935483872,92,92 air · 78° dew · RHB,10,595,.441,1,44,10,6.2,89.1,41.1,0.14,32.6
73,608324,Alex Bregman,CHC,MIA,False,4,3B,R,projected,preview,Janson Junk,R,1.05,39% hard · 43% break,0.10319246348604182,0.10543881018723822,0.1069557089650159,2.9923076923076906,0.69588576,fair,Weather not posted; Projected order,4S-FB 35%; trending +7.0 brl; 105.5 last game; 4× 100+ last 3,1.0189564369571187,1.0694769354777631,0.92,1.1110735173785966,1,1.22,92,92 air · 78° dew · RHB,24,631,.445,5,45,10,5.9,88.2,37.9,0.133,47.7
74,663886,Tyler Stephenson,CIN,MIL,True,5,C,R,projected,preview,Shane Drohan,L,0.82,61% hard · 34% break,0.10277082558046009,0.10496864256701244,0.10650734925825855,3,0.6983999999999999,fair,Projected order,4S-FB 28%; 31.3% pull air; 75% ideal AA; 12.5% barrels last 10,1.2725929919156338,1.0705515927214349,1.23,0.726594548092869,1,1.103336,123,123 air · 95°F · 4 mph · 73° dew · RHB,14,398,.423,2,42,10,12.5,91.2,45.7,0.206,35.9
75,699024,Leo Bernal,STL,COL,False,5,1B,S,projected,preview,Ryan Feltner,R,1.68,42% hard · 40% break,0.10255567390784344,0.10691879717846164,0.10611175129294882,2.7615384615384606,0.3424608,thin,Short season sample; Weather not posted; Projected order,tank last game; 50% sweet; 20% solid; 97.6 EV,1.1313042629987318,1.2210611132420421,1.11,1.03,1,1,111,111 air · 44° dew · switch,1,13,.538,,,,10,97.6,70,0.234,30
76,543510,James McCann,AZ,HOU,False,7,C,R,projected,preview,Cristian Javier,R,1.61,56% hard · 28% break,0.10173788528603231,0.10458948026707104,0.10487364366775866,2.342857142857145,0.568680279552,fair,Weather not posted; Projected order,16.7% vs RHP last 10; tank last game; trending +15.8 brl; 25% barrels last 10,1.0720124417968995,1.1064618744265635,1.01,1.35004241677365,1,1.22,101,101 air · 76° dew · RHB,5,141,.455,,,,9.2,89.8,42.9,0.166,28.6
77,666176,Jo Adell,CLE,DET,True,4,LF,R,projected,preview,Andrew Sears,L,1.35,54% hard · 34% break,0.1016879532898573,0.10544037738248724,0.10534375827498488,3,0.4175314559999999,thin,No established starter; Weather not posted; Projected order,109.5 last game; 56.5% ideal AA; 77.2 bat; 8.5% solid,1.158782244614324,1,0.96,1.38,1,0.8816800000000001,96,96 air · 72° dew · RHB,20,566,.405,0,45,10,9.4,90,44.2,0.188,39.2
78,669221,Sean Murphy,ATL,PHI,False,6,C,R,projected,preview,Cristopher Sánchez,L,0.72,43% hard · 38% off,0.10147568449292632,0.10514513005340853,0.10511577632101698,3,0.42614035200000006,thin,Short season sample; Weather not posted; Projected order,trending +15.4 brl; 106.1 last game; 69.2% ideal AA; 23.1% barrels last 10,1.0409149876606005,0.8185471954952028,1.2,1.08,1,1.22,120,120 air · 71° dew · RHB,3,66,.435,3,38,10,7.7,86.2,38.5,0.136,48.7
79,677649,Ezequiel Duran,TEX,TB,True,1,CF,R,projected,preview,Nick Martinez,R,1.05,64% hard · 9% break,0.10127361828923505,0.10336496460351408,0.10489878556153831,3,0.69588576,fair,Weather not posted; Projected order,tank last game; 14.7% K; #1,0.9604850065374968,0.9701570471246084,1.08,1.0663356969910927,1,1.22,108,108 air · 66° dew · RHB,16,511,.454,2,44,10,6.4,88.8,37.6,0.133,37.9
80,680574,Matt McLain,CIN,MIL,True,8,SS,R,projected,preview,Shane Drohan,L,0.82,61% hard · 34% break,0.100746648741277,0.10278202638489198,0.10433304715615743,3,0.6983999999999999,fair,Projected order,4S-FB 28%; 61.9% ideal AA; 123 air; Platoon,1.071758127904644,1.0132924149395046,1.23,1.1439297850370789,1,0.8487200000000001,123,123 air · 95°F · 4 mph · 73° dew · RHB,13,435,.336,0,41,10,9.6,88.4,37.1,0.156,37.9
81,683737,Michael Busch,CHC,MIA,False,3,1B,L,projected,preview,Janson Junk,R,1.05,39% hard · 43% break,0.09967996237188487,0.1016425764235439,0.10318856138959676,3,0.69588576,fair,Weather not posted; Projected order,18.2% vs RHP last 10; heart vs in-zone; 63.6% ideal AA; 16.1% K,1.047221699138659,1.014315971597038,0.92,1.2568771294046168,1,1.0363580246913582,92,92 air · 78° dew · LHB,17,624,.387,1,45,10,9,88.4,39.8,0.166,38
82,668930,Brice Turang,MIL,CIN,False,2,2B,L,projected,preview,Rhett Lowder,R,1.29,50% hard · 30% break,0.0991406058075108,0.1010470991788428,0.10261021061649733,3,0.6983999999999999,fair,Projected order,16.7% vs RHP last 10; 9.2% solid; Air starter; 17.6% K,1.0140168025972487,1.0070351638906938,1.24,1.276231358716478,1,0.78,124,124 air · 95°F · 4 mph · 73° dew · LHB,17,592,.419,1,47,10,7.4,90.1,41,0.168,28
83,671732,Lawrence Butler,ATH,SEA,False,3,RF,L,projected,preview,Logan Gilbert,R,1.23,46% hard · 32% break,0.0989720957355661,0.10087752976942177,0.10242956499237965,3,0.69588576,fair,Weather not posted; Projected order,4S-FB 40%; trending +3.5 brl; 4× 100+ last 3; Air starter,0.9491977431612797,1.1034925669726772,0.96,1.0246106024167942,1,1.22,96,96 air · 56° dew · LHB,12,450,.371,1,45,10,7.6,89.8,46.7,0.136,34.7
84,680776,Jarren Duran,BOS,BAL,False,7,LF,L,projected,preview,Shane Baz,R,0.63,58% hard · 33% break,0.09850580378830677,0.10037357171321215,0.10150954271638207,2.418181818181818,0.69588576,fair,Weather not posted; Projected order,4S-FB 34%; 106.9 last game; 12.5% barrels last 10; 17.0% blast,1.0979456470680686,0.9236181983858305,1.19,1.190606464057509,1,1.22,119,119 air · 72° dew · LHB,19,549,.362,2,37,10,9.6,90,40.3,0.152,40.1
85,686797,Brooks Lee,MIN,CWS,False,2,3B,S,projected,preview,Erick Fedde,R,1.61,51% hard · 37% break,0.09816859005873832,0.10000911854888161,0.10156850303140752,3,0.69588576,fair,Weather not posted; Projected order,106.2 last game; 61.3% ideal AA; 16.5% K; 115 air,0.9521679507008372,1.0602529651171135,1.15,1.0807746928055528,1,0.987378479532164,115,115 air · 74° dew · switch,22,540,.435,3,44,10,3.8,88.1,33.3,0.116,42.2
86,666018,Jonathan Aranda,TB,TEX,False,4,1B,L,projected,preview,Trevor Williams,R,1.47,57% hard · 33% break,0.09778961951302026,0.10084018875815026,0.10116256376553712,3,0.44536688639999994,thin,Starter sample thin; Weather not posted; Projected order,101.1 last game; 72.7% ideal AA; 39% sweet; 8.1% solid,1.0966408453191294,0.9720881302584172,1.11,1.0207542490915182,1,1.0399991408934708,111,111 air · 66° dew · LHB,17,591,.415,2,42,10,9.7,91.2,46.2,0.184,29.1
87,665052,Griffin Conine,MIA,CHC,True,4,RF,L,projected,preview,Shota Imanaga,L,1.98,48% hard · 33% off,0.09761347351234823,0.09940916082425688,0.10097392136576311,3,0.69588576,fair,Weather not posted; Projected order,4S-FB 41%; 111.7 last game; 23.1% pull air; 40.6% sweet,1.504690903594177,1.3291220489609006,0.92,0.72,1,0.9258496000000002,92,92 air · 78° dew · LHB,14,242,.478,0,36,10,15,91.4,50.4,0.232,45.1
88,682987,Spencer Jones,NYY,SD,False,6,CF,L,projected,preview,Walker Buehler,R,1.16,64% hard · 26% break,0.0974994508594602,0.09928592765488509,0.09999942195741451,2,0.69588576,fair,Weather not posted; Projected order,27.3% vs RHP last 10; 4S-FB 20%; 102.6 last game; 38.9% pull air,1.448038681017506,1.141167454328784,0.84,1.42,1,1.1776988207547172,84,84 air · 64° dew · LHB,9,210,.441,,,,15.9,94.4,57.1,0.214,32.7
89,661531,Brian Serven,ATH,SEA,False,7,C,R,projected,preview,Logan Gilbert,R,1.23,46% hard · 32% break,0.09590017455247,0.09890198577987774,0.09831671885402549,2,0.4020192,thin,Short season sample; Weather not posted; Projected order,4S-FB 40%; 108.6 last game; 77.8% ideal AA; 38.6% sweet,1.341897397266121,1.176742887940744,0.97,1.38,1,1.0911714721586574,97,97 air · 56° dew · RHB,5,63,.500,3,39,10,11.4,88.6,34.1,0.196,36.4
90,694249,Cole Carrigg,COL,STL,True,5,CF,S,projected,preview,Andre Pallante,R,0.66,50% hard · 47% break,0.09417793347671781,0.09569610489746494,0.09729955083898323,3,0.69588576,fair,Weather not posted; Projected order,14.3% vs RHP last 10; trending +6.2 brl; 23.1% pull air; 61.5% ideal AA,0.9208016328497566,0.8254115048706199,1.11,1.118278532066555,1,1.22,111,111 air · 44° dew · switch,6,280,.439,1,40,10,5.3,87.3,34,0.136,45.7
91,666211,Taylor Trammell,HOU,AZ,True,7,RF,L,projected,preview,Merrill Kelly,R,1.65,50% hard · 22% break,0.09400793207481253,0.09551237113032474,0.09662136085210117,2.283870967741933,0.69588576,fair,Weather not posted; Projected order,12.5% vs RHP last 10; 4S-FB 27%; 76.4 bat; 12.1% barrels,1.1331577320884412,1.2662481136078518,1.05,1.2166466607753903,1,0.9636307651292988,105,105 air · 76° dew · LHB,7,238,.365,,,,12.1,88.3,37.1,0.185,45.7
92,695336,Thomas Saggese,STL,COL,False,7,SS,R,projected,preview,Ryan Feltner,R,1.68,42% hard · 40% break,0.09375434825334146,0.0956605315103064,0.09606129116858542,2,0.5888484864000001,fair,Weather not posted; Projected order,12.5% vs RHP last 10; 23.5% vs hard; trending +14.6 brl; 104.7 last game,1.2750419199342375,1.2600239466243268,1.11,1.003237194828134,1,1.22,111,111 air · 44° dew · RHB,4,100,.418,,,,12.7,88.6,38.1,0.206,36.5
93,663993,Nathaniel Lowe,CLE,DET,True,5,1B,L,official,preview,Keider Montero,R,0.91,53% hard · 33% break,0.0937035379451574,0.09418099286746073,0.09679290689209663,3,0.97,stable,,39% sweet; 16.5% K; Platoon,1.1372304680282375,0.9838263870119717,1,1.1650818035539874,1,0.8597749437359339,100,100 air · 79°F · cross RF 6 · 72° dew · LHB,15,373,.451,1,43,10,8.6,89.1,40.6,0.168,36.1
94,605137,Josh Bell,MIN,CWS,False,5,DH,S,projected,preview,Erick Fedde,R,1.61,51% hard · 37% break,0.09366302245894007,0.09513960042174885,0.09674964544320341,3,0.69588576,fair,Weather not posted; Projected order,111.7 last game; 4× 100+ last 3; 21.7% pull air; 78.3% ideal AA,1.0907016697266507,1.1113806693827089,1.15,0.8657556939779063,1,0.9444556160000002,115,115 air · 74° dew · switch,17,547,.417,0,44,10,9.3,89.8,41.6,0.181,41.9
95,701785,Kaelen Culpepper,MIN,CWS,False,8,SS,R,projected,preview,Erick Fedde,R,1.61,51% hard · 37% break,0.09337271841982916,0.0953129310974341,0.09643970357302067,3,0.57025327104,fair,Weather not posted; Projected order,75% ideal AA; 8.1% solid; 16.5% K; 117 air,0.9697706257638514,1.097882376150249,1.17,0.9554308567313543,1,0.960621589688507,117,117 air · 74° dew · RHB,3,88,.463,1,41,10,4.9,87.4,32.3,0.15,38.7
96,677594,Julio Rodríguez,SEA,ATH,True,3,CF,R,projected,preview,Kade Morris,R,2.45,55% hard · 33% break,0.09310105912164161,0.09569831231206849,0.09614972760054474,3,0.40083019776,thin,Starter sample thin; Weather not posted; Starter outing length thin; Projected order,Sinker 36%; 107.3 last game; 4× 100+ last 3; 17.4% blast,1.1491864845255253,1.056662298705102,0.97,0.9463492172051828,1,1.032609764038232,97,97 air · 56° dew · RHB,20,566,.402,1,45,10,9.3,90,43.3,0.182,39
97,690993,Colt Keith,DET,CLE,False,3,1B,L,projected,preview,Foster Griffin,L,1.34,59% hard · 24% break,0.09236680242503226,0.09388041369096589,0.09536625318955805,3,0.656496,fair,Weather not posted; Projected order,trending +3.7 brl; 106.6 last game; 77.8% ideal AA; 18.0% blast,0.9700833835458155,1.090211115880698,0.96,0.9,1,1.22,96,96 air · 72° dew · LHB,9,391,.402,,,,7.4,89,42,0.152,38.5
98,592885,Christian Yelich,MIL,CIN,False,6,DH,L,projected,preview,Rhett Lowder,R,1.29,50% hard · 30% break,0.09210261604262499,0.09344431368520567,0.09481490333049546,2.5481481481481474,0.6983999999999999,fair,Projected order,102.5 last game; 18.2% pull air; 72.7% ideal AA; Air starter,0.9902290673849343,1.0975452478767729,1.24,0.947488855336575,1,1.1220143737373738,124,124 air · 95°F · 4 mph · 73° dew · LHB,10,431,.391,1,38,10,9.9,89.2,43.4,0.159,35
99,668804,Bryan Reynolds,PIT,LAA,True,3,RF,S,projected,preview,Ryan Johnson,R,1.99,57% hard · 20% break,0.0917182267348749,0.09303770808029788,0.0946745544232016,3,0.69588576,fair,Weather not posted; Projected order,tank last game; 7× 100+ last 3; 20–30° last 5; 64% ideal AA,1.098445023220038,1.1853028655689386,0.89,1.0409104922539587,1,0.910445090909091,89,89 air · 75° dew · switch,15,616,.418,0,47,10,11,90.8,47.4,0.191,38.2
100,664983,Jake McCarthy,COL,STL,True,1,LF,L,projected,preview,Andre Pallante,R,0.66,50% hard · 47% break,0.09114458036111991,0.09241772372678625,0.09406304130307608,3,0.69588576,fair,Weather not posted; Projected order,103.9 last game; 25.7% pull air; 62.9% ideal AA; 39.1% sweet,0.8724814812100459,0.8791140281655181,1.11,1.0592440855330008,1,1.2042171428571433,111,111 air · 44° dew · LHB,14,500,.481,1,48,10,5.2,85.3,28,0.132,38.1
101,671218,Heliot Ramos,NYY,SD,False,3,RF,R,projected,preview,Walker Buehler,R,1.16,64% hard · 26% break,0.090917234069316,0.09230165431914694,0.09382075894126662,3,0.656496,fair,Weather not posted; Projected order,trending +11.2 brl; 112.2 last game; 5× 100+ last 3; 75% ideal AA,1.1790873265747401,1.0308950658743223,0.85,0.8597586628262197,1,1.22,85,85 air · 64° dew · RHB,10,383,.395,,,,13.8,92.3,50,0.186,33.6
102,700250,Ben Rice,NYY,SD,False,4,DH,L,projected,preview,Walker Buehler,R,1.16,64% hard · 26% break,0.09013845364061926,0.09133032414945219,0.09235477765337129,2.0848484848484823,0.69588576,fair,Weather not posted; Projected order,13.3% vs RHP last 10; 4S-FB 20%; 104.1 last game; 24.1% pull air,1.6022841877206713,1.0555559358874422,0.84,1.3932306850514333,1,0.9566999302325581,84,84 air · 64° dew · LHB,35,577,.518,1,46,10,14.4,91.9,48.6,0.243,45.8
103,665953,Andrés Chaparro,WSH,LAD,False,5,3B,R,projected,preview,Blake Snell,L,0,49% hard · 33% break,0.09006966611356536,0.09206916936800846,0.09251326556755973,2.3454545454545475,0.44536688639999994,thin,Starter sample thin; Weather not posted; Projected order,4S-FB 49%; 29.4% pull air; 66.7% ideal AA; 13.6% barrels,1.3960081878133228,0.9121897466743533,1.02,1.215959326176137,1,1.0089758823529411,102,102 air · 60° dew · RHB,9,176,.500,1,36,10,13.6,89.5,45.5,0.221,50.9
104,665489,Vladimir Guerrero Jr.,TOR,KC,False,3,1B,R,projected,preview,Daniel Lynch IV,L,0.73,47% hard · 29% break,0.08992359357620075,0.0911621903603761,0.09276231262499302,3,0.6750091871999999,fair,Weather not posted; Projected order,33.3% vs LHP last 10; tank last game; 5× 100+ last 3; 76.3 bat,0.7977994063664466,0.9110540329904786,0.97,1.3997044697149175,1,1.0756772278074866,97,97 air · 68° dew · RHB,8,533,.357,1,42,10,6.8,90.2,43.2,0.119,35.2
105,641680,Jonah Heim,ATH,SEA,False,4,DH,S,projected,preview,Logan Gilbert,R,1.23,46% hard · 32% break,0.08982181319833438,0.09098810614043629,0.09265393757790885,3,0.69588576,fair,Weather not posted; Projected order,105 last game; Air starter,1.0420187081862746,0.9842387810210396,0.97,0.9177281611263389,1,1.159,97,97 air · 56° dew · switch,13,337,.396,2,39,10,6.8,87.9,33.2,0.147,40.4
106,669242,Tommy Edman,LAD,WSH,True,1,CF,S,projected,preview,Jackson Kent,L,0.47,47% hard · 32% break,0.08927614702223294,0.0913126967933342,0.09207305370812702,3,0.40083019776,thin,Starter sample thin; Weather not posted; Starter outing length thin; Projected order,59.3% ideal AA; Platoon; #1,0.8343940573276967,0.9068345946699992,1.06,1.087818110937848,1,1.22,106,106 air · 60° dew · switch,5,247,.411,1,48,10,5.8,88.3,35.7,0.11,41.5
107,687551,Drew Gilbert,SF,NYM,False,1,RF,L,projected,preview,Nolan McLean,R,0.87,64% hard · 30% break,0.08910881545333316,0.09021751389717625,0.09189496892476545,3,0.69588576,fair,Weather not posted; Projected order,4S-FB 20%; trending +5.8 brl; 107 last game; 61.1% ideal AA,0.8479060907534013,0.9575765334624784,0.96,1.0970881719863599,1,1.22,96,96 air · 68° dew · LHB,8,350,.376,,,,5.3,86.6,35.4,0.132,43.9
108,800050,Chase DeLauter,CLE,DET,True,2,RF,L,official,preview,Keider Montero,R,0.91,53% hard · 33% break,0.08887341323157988,0.08922498556848935,0.09164447598853898,3,0.97,stable,,107.6 last game; 5× 100+ last 3; 18.3% blast; 16.5% K,0.9335332561828098,0.9637399477296145,1,1.0356822126962992,1,1.0992068342602894,100,100 air · 79°F · cross RF 6 · 72° dew · LHB,13,493,.455,0,36,10,6.2,91.3,45.5,0.148,37.3
109,624424,Michael Conforto,CHC,MIA,False,8,DH,L,projected,preview,Janson Junk,R,1.05,39% hard · 43% break,0.08882693791526852,0.09002506306350455,0.09089229001113552,2,0.656496,fair,Weather not posted; Projected order,12.5% vs RHP last 10; 4S-FB 35%; tank last game; 37.5% pull air,1.3549341664368253,1.0790995621997037,0.92,1.2770434292310167,1,1.149274814229249,92,92 air · 78° dew · LHB,13,249,.472,,,,11.5,90.5,41.9,0.2,46.6
110,668939,Adley Rutschman,BOS,BAL,False,3,C,S,projected,preview,Shane Baz,R,0.63,58% hard · 33% break,0.08806081041503133,0.08919065538190885,0.09078011177578016,3,0.656496,fair,Weather not posted; Projected order,4S-FB 34%; 66.7% ideal AA; 40.2% sweet; 113 air,1.043239922046514,0.967006633838477,1.13,1.0896777952343546,1,0.8240000000000001,113,113 air · 72° dew · switch,11,347,.421,3,36,10,7.1,88.7,40.6,0.163,37.8
111,701678,Hao-Yu Lee,DET,CLE,False,3,2B,R,official,preview,Logan Allen,L,1.88,70% hard · 19% break,0.08760031951302649,0.08885886233729712,0.09029051631561724,3,0.5922432000000001,fair,Starter sample thin; Starter outing length thin,103.6 last game; 57.9% ideal AA; 9.9% solid; Air starter,1.081253715425879,1.1582002507880822,0.96,0.7451544059364197,1,1.1355197650663942,96,96 air · 79°F · cross RF 6 · 72° dew · RHB,8,274,.423,1,41,10,8.9,89.7,41.1,0.167,28.1
112,547180,Bryce Harper,PHI,ATL,True,3,DH,L,projected,preview,Chris Sale,L,0.5,50% hard · 39% break,0.08732293716301656,0.08828737601445114,0.08999568197369023,3,0.69588576,fair,Weather not posted; Projected order,4S-FB 41%; 25% pull air; 16.6% blast; 38.1% sweet,1.3152097104091625,0.9403500420435749,1.23,0.7015970412024386,1,0.9429378947368423,123,123 air · 71° dew · LHB,27,599,.509,1,44,10,11.2,90.4,44.5,0.226,38.4
113,671976,Tristan Peters,CWS,MIN,True,8,CF,L,projected,preview,Zebby Matthews,R,1.53,53% hard · 34% break,0.08547496863532884,0.08629013237208538,0.08738395764892615,2,0.69588576,fair,Weather not posted; Projected order,4S-FB 36%; tank last game; trending +3.6 brl; 33.3% pull air,0.9464851292477481,1.2472218751091626,1.13,1.1311480028500653,1,1.22,113,113 air · 74° dew · LHB,12,423,.466,3,36,10,5.9,87.5,33.2,0.143,51
114,813841,Jonah Cox,SF,NYM,False,4,CF,R,projected,preview,Nolan McLean,R,0.87,64% hard · 30% break,0.0847100952419502,0.08574161091206844,0.08722137571822619,3,0.5578564608,fair,Weather not posted; Projected order,Sinker 33%; 13.3% barrels last 10; 41.5% sweet; 12.2% barrels,1.266127676774334,1.018490868083056,0.96,0.8362442932396841,1,0.925951950254381,96,96 air · 68° dew · RHB,4,80,.528,,,,12.2,90.6,43.9,0.186,22
115,701678,Hao-Yu Lee,DET,CLE,False,2,2B,R,projected,preview,Foster Griffin,L,1.34,59% hard · 24% break,0.08445607074032266,0.08518892999091321,0.08695193514926824,3,0.69588576,fair,Weather not posted; Projected order,103.6 last game; 57.9% ideal AA; 9.9% solid; #2,1.081253715425879,1.0797409456258626,0.96,0.7451544059364197,1,1.1355197650663942,96,96 air · 72° dew · RHB,8,274,.423,1,41,10,8.9,89.7,41.1,0.167,28.1
116,681198,TJ Rumfield,COL,STL,True,4,1B,L,projected,preview,Andre Pallante,R,0.66,50% hard · 47% break,0.08426837352605313,0.08498607097991118,0.08675287910954854,3,0.69588576,fair,Weather not posted; Projected order,trending +3.2 brl; 20% pull air; 17.2% K; 111 air,0.829295134195559,0.8394753836481996,1.11,1.0019331116229677,1,1.22,111,111 air · 44° dew · LHB,14,552,.442,1,45,10,4.8,84.3,28.1,0.123,41.8
117,805805,Walker Jenkins,MIN,CWS,False,9,CF,L,projected,preview,Erick Fedde,R,1.61,51% hard · 37% break,0.08395032336248642,0.08528342477470041,0.08607431147858606,2.3578947368421055,0.3630084480000001,thin,Short season sample; Weather not posted; Projected order,25% pull air; 87.5% ideal AA; 16.5% K; 113 air,1.0554240990171098,1.065307372820524,1.13,1.0271582403151673,1,1.0666658201058201,113,113 air · 74° dew · LHB,1,24,.350,,,,6.3,83.2,25,0.1,50
118,686611,Dylan Crews,WSH,LAD,False,3,CF,R,projected,preview,Blake Snell,L,0,49% hard · 33% break,0.08340054070919876,0.08449204743342309,0.08583288131913469,3,0.44536688639999994,thin,Starter sample thin; Weather not posted; Projected order,107.8 last game; 63.6% ideal AA; 16.8% blast; 8.7% solid,1.0729734525011054,0.784335930066547,1.02,1.2360302082402361,1,0.8816800000000001,102,102 air · 60° dew · RHB,10,362,.356,0,44,10,9.2,90.3,43.2,0.171,33.6
119,607208,Trea Turner,PHI,ATL,True,2,SS,R,projected,preview,Chris Sale,L,0.5,50% hard · 39% break,0.08337037597711686,0.08401553502726855,0.08580091384588218,3,0.69588576,fair,Weather not posted; Projected order,trending +5.2 brl; 120 air; #2,0.8998067050844107,0.8019417783020157,1.2,0.8772379222139621,1,1.22,120,120 air · 71° dew · RHB,17,602,.376,0,45,10,6.3,88.3,39.3,0.122,33.9
120,571448,Nolan Arenado,AZ,HOU,False,5,3B,R,projected,preview,Cristian Javier,R,1.61,56% hard · 28% break,0.08303574313962098,0.08373984661580469,0.08544632931225715,3,0.6429984422399998,fair,Weather not posted; Projected order,4S-FB 49%; 18.5% pull air; 70.4% ideal AA; Air starter,1.004555754371828,1.148387314054269,1.01,0.92307070505939,1,0.85696,101,101 air · 76° dew · RHB,21,511,.422,0,38,10,6.2,84.8,30.7,0.12,48
121,681393,Connor Norby,COL,STL,True,2,3B,R,projected,preview,Andre Pallante,R,0.66,50% hard · 47% break,0.08276269819958296,0.08335877028284666,0.08515706861666894,3,0.69588576,fair,Weather not posted; Projected order,103.9 last game; 20–30° last 3; 64% ideal AA; 17.2% K,0.89354585420963,0.8196667004675104,1.11,0.9222575798780227,1,1.22,111,111 air · 44° dew · RHB,6,312,.348,1,43,10,6.7,87,36.5,0.132,39.9
122,682985,Riley Greene,DET,CLE,False,5,LF,L,official,preview,Logan Allen,L,1.88,70% hard · 19% break,0.08185988958238186,0.08257493097385149,0.08420105196401928,3,0.55872,fair,Starter sample thin; Starter outing length thin,107.8 last game; 16.4% blast; 39.1% sweet; 75.6 bat,1.3009120874388738,1.0862604996517382,1,0.72,1,0.8850364099978706,100,100 air · 79°F · cross RF 6 · 72° dew · LHB,16,502,.444,1,43,10,14.4,90.4,47.8,0.217,37.8
123,682928,CJ Abrams,WSH,LAD,False,4,2B,L,projected,preview,Blake Snell,L,0,49% hard · 33% break,0.08123132474903666,0.08202749431198453,0.08353581195828397,3,0.44536688639999994,thin,Starter sample thin; Weather not posted; Projected order,101.1 last game; 68.4% ideal AA,1.2960683951983007,0.7042329353192995,1.09,1.0346473962067393,1,0.8652000000000001,109,109 air · 60° dew · LHB,29,574,.502,0,45,10,9.7,89.5,40.9,0.181,43.9
124,645277,Ozzie Albies,ATL,PHI,False,4,2B,S,projected,preview,Cristopher Sánchez,L,0.72,43% hard · 38% off,0.08079252573724355,0.08122945132215253,0.08307158994768649,3,0.69588576,fair,Weather not posted; Projected order,100 last game; 20–30° last 5; 29.6% pull air; 66.7% ideal AA,0.918780944003659,0.7817677442868022,1.22,0.8863705223880598,1,1.1281515428245097,122,122 air · 71° dew · switch,21,597,.415,1,43,10,4.1,87,27.9,0.124,45.2
125,672515,Gabriel Moreno,AZ,HOU,False,3,DH,R,projected,preview,Cristian Javier,R,1.61,56% hard · 28% break,0.08057304205874811,0.08105054415555979,0.08283944532092313,3,0.6429984422399998,fair,Weather not posted; Projected order,4S-FB 49%; 104.4 last game; 28.6% pull air; xSLG 0.450,0.9585102971547467,1.1802585202330194,1.01,0.8746519693141515,1,0.8736000000000002,101,101 air · 76° dew · RHB,11,460,.460,1,42,10,7.8,89.3,42.7,0.162,36.1
126,807712,Luke Keaschall,MIN,CWS,False,1,RF,R,projected,preview,Erick Fedde,R,1.61,51% hard · 37% break,0.07981195764029318,0.08016967494165794,0.08203474369241803,3,0.69588576,fair,Weather not posted; Projected order,103.2 last game; 4× 100+ last 3; 66.7% ideal AA; 16.5% K,0.726824978570572,1.101888592426769,1.17,0.7892824859810139,1,1.1592664801582069,117,117 air · 74° dew · RHB,9,527,.396,1,47,10,3.7,85.6,29.9,0.116,38.5
127,514888,Jose Altuve,HOU,AZ,True,4,2B,R,projected,preview,Merrill Kelly,R,1.65,50% hard · 22% break,0.07929050450603461,0.07960609989068412,0.08148366256127149,3,0.69588576,fair,Weather not posted; Projected order,chase vs expand; 20% pull air; 72% ideal AA; Air starter,0.8474317738525788,1.1673790755966837,1.01,0.875299231874912,1,0.9689304964539007,101,101 air · 76° dew · RHB,15,483,.397,2,43,10,4.7,85.4,32.5,0.104,42.7
128,683002,Gunnar Henderson,BAL,BOS,True,5,SS,L,projected,preview,Ranger Suarez,L,0.58,65% hard · 21% break,0.07909840271694006,0.07939848051231935,0.08072764071061567,2,0.69588576,fair,Weather not posted; Projected order,22.2% vs LHP last 10; 105.6 last game; 119 air,1.0430105086730252,0.8475613014825576,1.19,1.42,1,1.0743058350100605,119,119 air · 72° dew · LHB,22,627,.400,2,40,10,7.1,89.5,43.6,0.152,42.7
129,703607,Henry Bolte,ATH,SEA,False,1,CF,R,projected,preview,Logan Gilbert,R,1.23,46% hard · 32% break,0.07887056227820949,0.0791522355893618,0.08104001123598414,3,0.69588576,fair,Weather not posted; Projected order,4S-FB 40%; 108.1 last game; 4× 100+ last 3; 56.5% ideal AA,0.8611085721916814,1.176742887940744,0.97,0.7,1,1.22,97,97 air · 56° dew · RHB,8,381,.390,2,49,10,7.2,91,48.1,0.121,32.6
130,694673,Abimelec Ortiz,WSH,LAD,False,2,DH,L,projected,preview,Blake Snell,L,0,49% hard · 33% break,0.07883126171413242,0.07935713832367242,0.08099849874131171,3,0.3758712864768,thin,Starter sample thin; Weather not posted; Projected order,4S-FB 49%; 39.4% sweet; 75.5 bat; #2,1.2040929395214386,0.8920970265423169,1.09,0.9,1,0.8,109,109 air · 60° dew · LHB,5,99,.394,0,39,10,8.5,89.1,36.6,0.195,43.7
131,518692,Freddie Freeman,LAD,WSH,True,4,1B,L,projected,preview,Jackson Kent,L,0.47,47% hard · 32% break,0.07848992694221713,0.07894529776769021,0.08063800247518582,3,0.40083019776,thin,Starter sample thin; Weather not posted; Starter outing length thin; Projected order,105.2 last game; 59.1% ideal AA; 39.4% sweet; 8.3% solid,1.036326385141185,0.8626635610779062,1.09,0.9845809152130482,1,0.8710998400000001,109,109 air · 60° dew · LHB,16,584,.464,1,43,10,8.3,89.7,41.8,0.185,32.8
132,694671,Wyatt Langford,TEX,TB,True,3,LF,R,projected,preview,Nick Martinez,R,1.05,64% hard · 9% break,0.07827826609143032,0.07851209492910804,0.08041450434285391,3,0.69588576,fair,Weather not posted; Projected order,14.7% K; #3,1.0617685704216928,0.9497883576428314,1.08,0.9504981041394969,1,0.8,108,108 air · 66° dew · RHB,15,383,.449,1,46,10,6.5,89.1,37.9,0.152,42.5
133,682985,Riley Greene,DET,CLE,False,4,DH,L,projected,preview,Foster Griffin,L,1.34,59% hard · 24% break,0.07801763393183513,0.0782523930135619,0.08013934314777216,3,0.656496,fair,Weather not posted; Projected order,107.8 last game; 16.4% blast; 39.1% sweet; 75.6 bat,1.3009120874388738,1.0349596500133598,0.96,0.72,1,0.8850364099978706,96,96 air · 72° dew · LHB,16,502,.444,1,43,10,14.4,90.4,47.8,0.217,37.8
134,670623,Isaac Paredes,HOU,AZ,True,3,3B,R,projected,preview,Merrill Kelly,R,1.65,50% hard · 22% break,0.07801340870472265,0.07822584290489343,0.0801348828109949,3,0.69588576,fair,Weather not posted; Projected order,101.4 last game; 18.5% pull air; 63.0% ideal AA; Air starter,0.8890359985470584,1.113022327769028,1.01,0.915371698027176,1,0.8998080000000002,101,101 air · 76° dew · RHB,18,569,.422,1,43,10,4.8,86,28.1,0.12,49.9
135,682877,Juan Brito,CIN,MIL,True,7,2B,S,projected,preview,Shane Drohan,L,0.82,61% hard · 34% break,0.07771855631284558,0.07804609567940368,0.07982365722384044,3,0.42768000000000006,thin,Short season sample; Projected order,124 air,0.7396990586646395,0.921695221689039,1.24,0.97,1,1,124,124 air · 95°F · 4 mph · 73° dew · switch,1,64,.298,,,,2.6,84.9,30.8,0.076,51.3
136,805808,Kevin McGonigle,DET,CLE,False,2,3B,L,official,preview,Logan Allen,L,1.88,70% hard · 19% break,0.07762967521892734,0.0778610653304389,0.07972985356178652,3,0.5922432000000001,fair,Starter sample thin; Starter outing length thin,67.9% ideal AA; Air starter; #2,0.9522325570611914,1.1521950423562788,1,0.8771900572610883,1,0.8487200000000001,100,100 air · 79°F · cross RF 6 · 72° dew · LHB,14,608,.410,1,44,10,7.1,88.1,36.7,0.171,37
137,608070,José Ramírez,CLE,DET,True,3,DH,S,projected,preview,Andrew Sears,L,1.35,54% hard · 34% break,0.07757654477718369,0.07788938324806371,0.07967378343473452,3,0.4175314559999999,thin,No established starter; Weather not posted; Projected order,29.2% pull air; 62.5% ideal AA; 14.3% K; Platoon,0.8782777035524365,1,0.96,1.1311632308072894,1,0.85696,96,96 air · 72° dew · switch,11,459,.386,1,44,10,4.4,89.3,41,0.136,50.9
138,668800,Andrew Knizner,SF,NYM,False,6,C,R,projected,preview,Nolan McLean,R,0.87,64% hard · 30% break,0.07735695961874854,0.07766404723823195,0.07930684972651557,2.66060606060606,0.3630084480000001,thin,Short season sample; Weather not posted; Projected order,4S-FB 20%; 104.7 last game; 20% pull air; 100% ideal AA,1.0063346060395697,0.9280836460732851,0.96,0.9,1,1.22,96,96 air · 68° dew · RHB,1,32,.379,,,,8.3,87.9,33.3,0.143,25
139,702284,Cole Young,SEA,ATH,True,6,2B,L,projected,preview,Kade Morris,R,2.45,55% hard · 33% break,0.07709946371103475,0.07735100305805609,0.07883408917651075,2.2727272727272734,0.40083019776,thin,Starter sample thin; Weather not posted; Starter outing length thin; Projected order,14.3% vs RHP last 10; trending +5.2 brl; 65% ideal AA; 13.3% K,0.8863131082066691,0.9574375647056443,0.96,1.2634262187729257,1,1.22,96,96 air · 56° dew · LHB,16,565,.382,1,43,10,4.8,88.3,37.2,0.128,42.5
140,695731,Braden Montgomery,CWS,MIN,True,5,RF,S,projected,preview,Zebby Matthews,R,1.53,53% hard · 34% break,0.0768451764223278,0.07696324321022274,0.07890216748746381,3,0.69588576,fair,Weather not posted; Projected order,106.8 last game; 55.2% ideal AA; 8.5% solid; Air starter,0.7834100471213459,1.1283575135103892,1.15,0.7885495525417973,1,0.9995790697674419,115,115 air · 74° dew · switch,5,295,.351,0,43,10,4,88.9,40.8,0.13,38.3
141,664023,Ian Happ,CHC,MIA,False,5,LF,S,projected,preview,Janson Junk,R,1.05,39% hard · 43% break,0.07679281947262112,0.07690665697329901,0.07832658286858862,2,0.69588576,fair,Weather not posted; Projected order,103.9 last game; 25% pull air; 62.5% ideal AA; 12.5% barrels last 10,1.2674474020605417,0.9532221889665475,0.92,1.1527251030867216,1,1.1884632212389383,92,92 air · 78° dew · switch,23,567,.417,2,37,10,11.3,89.1,41.3,0.191,45.9
142,642708,Amed Rosario,NYY,SD,False,5,3B,R,projected,preview,Walker Buehler,R,1.16,64% hard · 26% break,0.07664876550026922,0.07675096661595437,0.0781766631662204,2,0.69588576,fair,Weather not posted; Projected order,103.2 last game; 6× 100+ last 3; Platoon,1.2414535611222852,0.9582070761597579,0.85,1.38,1,1.0876448863636363,85,85 air · 64° dew · RHB,10,223,.422,,,,11,90.8,41.6,0.185,36.4
143,656775,Cedric Mullins,TB,TEX,False,6,CF,L,projected,preview,Trevor Williams,R,1.47,57% hard · 33% break,0.07647306643557647,0.0766214026206008,0.0779938256452728,2,0.44536688639999994,thin,Starter sample thin; Weather not posted; Projected order,12.5% vs RHP last 10; trending +7.4 brl; 103.8 last game; 23.5% pull air,0.886467479291706,1.0129651894009832,1.11,1.2445928098181382,1,1.22,111,111 air · 66° dew · LHB,14,457,.353,,,,4.4,87.9,32.3,0.125,45
144,666182,Bo Bichette,NYM,SF,True,3,3B,R,projected,preview,Matt Wilkinson,L,0.77,60% hard · 15% break,0.07614777370050561,0.07625980243155117,0.07816676581845228,3,0.40083019776,thin,Starter sample thin; Weather not posted; Starter outing length thin; Projected order,12.5% vs LHP last 10; 102.6 last game; 12.8% K; #3,0.8777805843434046,0.9934645868903931,0.96,1.1358671690155773,1,0.8299200000000001,96,96 air · 68° dew · RHB,14,593,.393,1,41,10,6.3,89.6,41.3,0.136,25.8
145,686681,Michael Massey,KC,TOR,True,6,2B,L,projected,preview,Jameson Taillon,R,2.79,56% hard · 28% break,0.07592149150670391,0.07596943444503823,0.07741995381903943,2,0.656496,fair,Weather not posted; Projected order,16.7% vs RHP last 10; tank last game; 9.9% solid; Air starter,1.0070526361105923,1.3572877442561408,0.97,1.1668051403278903,1,0.9646422864618273,97,97 air · 68° dew · LHB,11,374,.445,1,37,10,6.1,89.7,40.3,0.159,50.5
146,804668,Rafael Flores Jr.,PIT,LAA,True,7,C,R,projected,preview,Ryan Johnson,R,1.99,57% hard · 20% break,0.07572484971668578,0.07576014706954326,0.07721540438528152,2,0.59039808768,fair,Weather not posted; Projected order,Cutter 37%; 105 last game; 57.1% ideal AA; 15.3% barrels,1.5258635092561836,1.3356846458445055,0.83,0.9960485074626866,1,0.8816800000000001,83,83 air · 75° dew · spray vs wall · RHB,7,101,.478,1,37,10,15.3,89.7,44.1,0.243,44.1
147,687093,Vaughn Grissom,LAA,PIT,False,4,1B,R,projected,preview,Jared Jones,R,1.49,46% hard · 41% break,0.07570885246525355,0.07573512933007231,0.07719876478638965,2,0.69588576,fair,Weather not posted; Projected order,20% vs RHP last 10; trending +10.4 brl; 105.6 last game; 4× 100+ last 3,0.9539075714789246,1.04472087197992,0.86,1.42,1,1.22,86,86 air · 75° dew · RHB,10,380,.395,3,43,10,7.5,88,38.4,0.145,40.1
148,669701,Josh Smith,TOR,KC,False,6,3B,L,projected,preview,Daniel Lynch IV,L,0.73,47% hard · 29% break,0.07567355921840062,0.0757006297280386,0.07766692446953927,3,0.63680112,fair,Weather not posted; Projected order,4S-FB 15%; tank last game; 18.4% K,0.8958669723740645,0.9968312640442059,0.97,0.9,1,1,97,97 air · 68° dew · LHB,4,194,.321,,,,7.8,85.8,29.5,0.124,35.7
149,605141,Mookie Betts,LAD,WSH,True,2,SS,R,projected,preview,Jackson Kent,L,0.47,47% hard · 32% break,0.07531391817776383,0.07530370994475022,0.07728796216668765,3,0.40083019776,thin,Starter sample thin; Weather not posted; Starter outing length thin; Projected order,101.6 last game; 20–30° last 5; 26.7% pull air; 70% ideal AA,1.0694935485586428,0.870991367463753,1.02,0.8438900497512438,1,0.9638743296000003,102,102 air · 60° dew · RHB,17,439,.416,1,48,10,7.1,90.1,37.8,0.149,38.1
150,814430,Brett Callahan,DET,CLE,False,6,LF,L,projected,preview,Foster Griffin,L,1.34,59% hard · 24% break,0.07465579638454646,0.07454254761088908,0.07625896634285205,2.2363636363636346,0.3630084480000001,thin,Short season sample; Weather not posted; Projected order,11.0% vs hard; tank last game; 30% pull air; 70% ideal AA,0.9724132148247527,1.1824113300144008,0.96,0.9,1,1.22,96,96 air · 72° dew · LHB,1,38,.441,,,,8.3,91.7,50,0.21,41.7
151,602104,Ramón Urías,STL,COL,False,6,3B,R,projected,preview,Ryan Feltner,R,1.68,42% hard · 40% break,0.07452089341302308,0.07442962012267951,0.07596350701242982,2,0.57955087872,fair,Weather not posted; Projected order,4S-FB 28%; trending +7.3 brl; 81.8% ideal AA; 18.2% barrels last 10,1.1909367470439414,1.2780897236073272,1.11,0.7,1,1.22,111,111 air · 44° dew · RHB,4,94,.350,,,,10.9,89.5,37.5,0.203,31.3
152,694378,Jacob Gonzalez,PIT,LAA,True,8,3B,L,projected,preview,Ryan Johnson,R,1.99,57% hard · 20% break,0.07431670867207496,0.07423053101114752,0.07575127249315816,2,0.69588576,fair,Weather not posted; Projected order,trending +5.0 brl; 90.9% ideal AA; 8.8% solid; Air starter,0.9268709160962261,1.200076280249865,0.92,1.1506467132061404,1,1.22,92,92 air · 75° dew · LHB,6,200,.370,,,,4.1,87.9,36.3,0.14,42.9
153,805808,Kevin McGonigle,DET,CLE,False,1,3B,L,projected,preview,Foster Griffin,L,1.34,59% hard · 24% break,0.0737282519269994,0.07359453993483844,0.07561827866457393,3,0.69588576,fair,Weather not posted; Projected order,67.9% ideal AA; #1,0.9522325570611914,1.093252326143388,0.96,0.8771900572610883,1,0.8487200000000001,96,96 air · 72° dew · LHB,14,608,.410,1,44,10,7.1,88.1,36.7,0.171,37
154,672275,Patrick Bailey,CLE,DET,True,8,C,S,official,preview,Keider Montero,R,0.91,53% hard · 33% break,0.07344712382403448,0.07339665660527839,0.07484766714323055,2,0.97,stable,,16.7% vs RHP last 10; 4S-FB 31%; trending +5.2 brl; 102.4 last game,0.9933058945197575,1.0177444445880237,0.98,1.1666540488307555,1,1.22,98,98 air · 79°F · cross RF 6 · 72° dew · switch,8,292,.332,,,,7.3,90.6,42.1,0.161,34.4
155,815873,Sean Keys,TOR,KC,False,5,DH,L,projected,preview,Daniel Lynch IV,L,0.73,47% hard · 29% break,0.0731304588480348,0.0727943623626266,0.0749893058621468,3,0.389958624,thin,Short season sample; Weather not posted; Projected order,105.9 last game; 19.2% solid; 18.4% K,0.9113185564255305,0.9184432850077766,0.97,0.9,1,1,97,97 air · 68° dew · LHB,1,43,.293,,,,3.8,89.6,57.7,0.099,26.9
156,691182,Adael Amador,COL,STL,True,7,DH,S,projected,preview,Andre Pallante,R,0.66,50% hard · 47% break,0.07306696138365774,0.0726949777535727,0.07445276493528485,2,0.3424608,thin,Short season sample; Weather not posted; Projected order,4S-FB 32%; 108 last game; 12.5% barrels last 10; 46.2% sweet,1.2727105214667405,0.9969019432237738,1.11,1.03,1,0.9568604486422669,111,111 air · 44° dew · switch,2,22,.833,,,,15.4,83.6,30.8,0.183,38.5
157,800050,Chase DeLauter,CLE,DET,True,2,RF,L,projected,preview,Andrew Sears,L,1.35,54% hard · 34% break,0.07198167805773638,0.07149638716534412,0.07378136570400229,3,0.4175314559999999,thin,No established starter; Weather not posted; Projected order,107.6 last game; 5× 100+ last 3; 18.3% blast; 14.3% K,0.9335332561828098,1,0.96,0.72,1,1.0992068342602894,96,96 air · 72° dew · LHB,13,493,.455,0,36,10,6.2,91.3,45.5,0.148,37.3
158,666176,Jo Adell,CLE,DET,True,4,LF,R,official,preview,Keider Montero,R,0.91,53% hard · 33% break,0.0719492294932618,0.0718597241911878,0.07374726059884662,3,0.97,stable,,4S-FB 31%; 109.5 last game; 56.5% ideal AA; 77.2 bat,1.158782244614324,1.0256141484424028,0.96,0.7110260073025432,1,0.8816800000000001,96,96 air · 79°F · cross RF 6 · 72° dew · RHB,20,566,.405,0,45,10,9.4,90,44.2,0.188,39.2
159,667472,Dane Myers,CIN,MIL,True,6,CF,R,projected,preview,Shane Drohan,L,0.82,61% hard · 34% break,0.07171793758718023,0.07142377332768113,0.0735041839710242,3,0.6983999999999999,fair,Projected order,102.7 last game; 123 air,0.8300467953319409,0.9059171157176104,1.23,0.9113973475993526,1,0.8400000000000001,123,123 air · 95°F · 4 mph · 73° dew · RHB,6,281,.373,1,41,10,4.6,89.2,35.4,0.121,24.2
160,641355,Cody Bellinger,NYY,SD,False,2,LF,L,projected,preview,Walker Buehler,R,1.16,64% hard · 26% break,0.0715235147886312,0.0712117086437648,0.07329988622890404,3,0.69588576,fair,Weather not posted; Projected order,104.7 last game; 23.7% pull air; 81.6% ideal AA; 39.8% sweet,0.9101351157041377,0.9976433333120212,0.84,0.9128654414256117,1,1.0120003278688525,84,84 air · 64° dew · LHB,12,481,.420,1,43,10,6.1,88.9,36.2,0.139,42.7
161,673237,Yainer Diaz,HOU,AZ,True,8,C,R,projected,preview,Merrill Kelly,R,1.65,50% hard · 22% break,0.07134637376765203,0.0710202585337375,0.07266647802478365,2,0.69588576,fair,Weather not posted; Projected order,75% ideal AA; Air starter; 15.4% K; Platoon,0.9472669102134653,1.1719575385499663,1.01,1.1107157835507788,1,1.0726206896551724,101,101 air · 76° dew · RHB,10,282,.414,,,,5.8,88.4,36.9,0.136,36.9
162,669257,Will Smith,LAD,WSH,True,5,C,R,projected,preview,Jackson Kent,L,0.47,47% hard · 32% break,0.06958372923091762,0.06870223229870087,0.07112112816627587,2.571428571428573,0.378141696,thin,Starter sample thin; Weather not posted; Starter outing length thin; Projected order,42% sweet; 12.7% barrels; 8.7% solid; xSLG 0.493,1.2429558996568644,0.9274953972150424,1.02,0.7355,1,0.9814031749046298,102,102 air · 60° dew · RHB,6,211,.374,1,36,10,12.7,90.2,40.7,0.221,29.3
163,669016,Brandon Marsh,PHI,ATL,True,6,LF,L,projected,preview,Chris Sale,L,0.5,50% hard · 39% break,0.0695130387126289,0.0690388304260019,0.07111498234275793,2.759999999999998,0.69588576,fair,Weather not posted; Projected order,66.7% ideal AA; 42.2% sweet; 8.5% solid; 123 air,1.0828923257299832,0.7959146772162513,1.23,0.8751934461769366,1,0.8240000000000001,123,123 air · 71° dew · LHB,17,516,.421,,,,8.2,89.2,43.3,0.153,37.4
164,592663,J.T. Realmuto,PHI,ATL,True,8,C,R,projected,preview,Chris Sale,L,0.5,50% hard · 39% break,0.06943842347149819,0.068958187918438,0.07068760795095508,2,0.69588576,fair,Weather not posted; Projected order,14.3% vs LHP last 10; Slider 39%; trending +10.7 brl; 102.2 last game,0.9079071351288037,0.8819838064598406,1.2,1.0856529199756653,1,1.22,120,120 air · 71° dew · RHB,10,396,.356,2,39,10,5.1,89.7,40.8,0.137,43.7
165,803011,Sam Antonacci,CWS,MIN,True,1,LF,L,projected,preview,Zebby Matthews,R,1.53,53% hard · 34% break,0.06893640497454545,0.0684156173949868,0.07058408495800794,3,0.69588576,fair,Weather not posted; Projected order,Air starter; 113 air; #1,0.7583342671349096,1.0823721426624335,1.13,0.8101319414008326,1,0.8776624171341152,113,113 air · 74° dew · LHB,8,481,.386,0,42,10,5.3,87.3,32.7,0.118,32.9
166,694197,Angel Genao,CLE,DET,True,6,3B,S,official,preview,Keider Montero,R,0.91,53% hard · 33% break,0.06876297529448801,0.06843572914006968,0.07040220832927369,3,0.8494416000000001,stable,,16.5% K,0.8180442440577637,0.9658967540247987,0.98,0.7489062698801077,1,1.1377551020408163,98,98 air · 79°F · cross RF 6 · 72° dew · switch,2,91,.361,1,36,10,5.6,91.4,52.1,0.115,38
167,703155,Lazaro Montes,SEA,ATH,True,7,RF,L,projected,preview,Kade Morris,R,2.45,55% hard · 33% break,0.06823320508123276,0.0670107799226386,0.06943863612806411,2,0.3,thin,Short season sample; Starter sample thin; Weather not posted; Starter outing length thin; Projected order,106 last game; 40% sweet; 76.5 bat; 20% barrels,1.1539303482587067,1.014924355360285,0.96,1.08,1,1,96,96 air · 56° dew · LHB,1,10,.667,,,,20,92.7,40,0.315,20
168,642350,Jose Siri,LAA,PIT,False,7,LF,R,projected,preview,Jared Jones,R,1.49,46% hard · 41% break,0.06762713178290157,0.06700058379514373,0.068810865588667,2,0.69588576,fair,Weather not posted; Projected order,14.3% vs RHP last 10; 4S-FB 46%; 113.2 last game; 58.3% ideal AA,1.311172921447512,1.1556379716711067,0.85,1.0491401090945702,1,0.898391422246818,85,85 air · 75° dew · spray vs wall · RHB,7,194,.389,,,,13.9,89.3,41.7,0.21,41.4
169,676356,Jonny DeLuca,TB,TEX,False,5,RF,R,projected,preview,Trevor Williams,R,1.47,57% hard · 33% break,0.06761380178636384,0.06655595559003602,0.06914021884411412,2.8000000000000007,0.44536688639999994,thin,Starter sample thin; Weather not posted; Projected order,25% pull air; 60% ideal AA,0.8228942991091127,0.9963521378753047,1.08,0.8999411206678474,1,0.8826688,108,108 air · 66° dew · RHB,9,306,.422,1,39,10,3.5,85.4,29.1,0.101,44.3
170,643446,Jeff McNeil,ATH,SEA,False,5,1B,L,projected,preview,Logan Gilbert,R,1.23,46% hard · 32% break,0.06746258208288759,0.0668227421072134,0.06903919795340485,3,0.69588576,fair,Weather not posted; Projected order,20–30° last 5; 38.2% sweet; Air starter,0.6419897995054004,1.0466834962942495,0.96,0.8059909875287263,1,1.22,96,96 air · 56° dew · LHB,7,442,.371,1,45,10,1.9,86.6,29.9,0.092,41.6
171,687462,Spencer Horwitz,PIT,LAA,True,1,1B,L,projected,preview,Ryan Johnson,R,1.99,57% hard · 20% break,0.06728706965499479,0.06663305214468807,0.06885533123771104,3,0.69588576,fair,Weather not posted; Projected order,81.0% ideal AA; Air starter; 16.5% K; #1,0.8755485383968485,1.1355690882247824,0.92,0.8376410008779633,1,0.8240000000000001,92,92 air · 75° dew · LHB,10,397,.376,0,44,10,6.4,87,31.6,0.127,40.4
172,807726,John Peck,DET,CLE,False,8,SS,R,projected,preview,Foster Griffin,L,1.34,59% hard · 24% break,0.06719725097758233,0.06588274718063203,0.06836571885626586,2,0.3424608,thin,Short season sample; Weather not posted; Projected order,109.9 last game; 62.5% ideal AA; 25% barrels last 10; 25% barrels,0.9333333333333333,1.1100504889443106,0.96,1.08,1,1.0993447500000002,96,96 air · 72° dew · RHB,0,10,.333,,,,25,90.9,50,0.312,12.5
173,693304,Nick Gonzales,PIT,LAA,True,4,2B,R,projected,preview,Ryan Johnson,R,1.99,57% hard · 20% break,0.0671862152118165,0.06652405088604962,0.06874968661782421,3,0.69588576,fair,Weather not posted; Projected order,63.2% ideal AA; Air starter; 16.5% K; pull × porch,0.6300326180999102,1.1355690882247824,0.87,0.8291582403151674,1,1.22,87,87 air · 75° dew · pull × porch · RHB,6,545,.397,0,46,10,3,86.1,34.2,0.103,36.9
174,571771,Enrique Hernández,LAD,WSH,True,9,3B,R,projected,preview,Jackson Kent,L,0.47,47% hard · 32% break,0.06682264158553167,0.06535906622743826,0.0679778899666097,2,0.3,thin,Short season sample; Starter sample thin; Weather not posted; Starter outing length thin; Projected order,Platoon,1.040688965775827,0.8829420506668171,1.02,1.2435650319829425,1,1,102,102 air · 60° dew · RHB,2,52,.388,,,,9.4,88.5,37.5,0.137,21.9
175,671056,Iván Herrera,STL,COL,False,2,DH,R,projected,preview,Ryan Feltner,R,1.68,42% hard · 40% break,0.06662269469889885,0.06591501033968505,0.06815954126311441,3,0.69588576,fair,Weather not posted; Projected order,105 last game; Air starter; 16.7% K; 111 air,0.8398787508795617,1.0957045407954191,1.11,0.7274266272372578,1,0.8346000000000001,111,111 air · 44° dew · RHB,14,627,.374,0,45,10,5.3,89.3,40.5,0.124,38.3
176,663993,Nathaniel Lowe,CLE,DET,True,5,1B,L,projected,preview,Andrew Sears,L,1.35,54% hard · 34% break,0.06626327812085818,0.06496223537423629,0.06772818323597189,2.8000000000000007,0.4175314559999999,thin,No established starter; Weather not posted; Projected order,39% sweet; 14.3% K,1.1372304680282375,1,0.96,0.72,1,0.8597749437359339,96,96 air · 72° dew · LHB,15,373,.451,1,43,10,8.6,89.1,40.6,0.168,36.1
177,664770,Nathan Lukes,TOR,KC,False,2,RF,L,projected,preview,Daniel Lynch IV,L,0.73,47% hard · 29% break,0.06615822405070874,0.06537236195347873,0.06767330416384287,3,0.6750091871999999,fair,Weather not posted; Projected order,trending +6.7 brl; 18.4% K; #2,0.7573632560701475,0.9354528779135665,0.97,0.7767597496389023,1,1.1460192,97,97 air · 68° dew · LHB,10,378,.391,3,38,10,2.4,86.8,27.6,0.088,33
178,668670,Jake Rogers,CWS,MIN,True,9,C,R,projected,preview,Zebby Matthews,R,1.53,53% hard · 34% break,0.06607170083190028,0.06521242761393176,0.06720068380796484,2,0.641768832,fair,Weather not posted; Projected order,4S-FB 36%; 102.6 last game; Air starter; 119 air,1.0132748040699497,1.2587299825412532,1.19,0.7650938166311301,1,1,119,119 air · 74° dew · pull × porch · RHB,4,159,.306,,,,9.8,88.3,37,0.132,44.6
179,660821,Jesús Sánchez,TOR,KC,False,4,LF,L,projected,preview,Daniel Lynch IV,L,0.73,47% hard · 29% break,0.06602075886709605,0.06514678659288164,0.06752942788104921,3,0.63680112,fair,Weather not posted; Projected order,Sinker 31%; 18.4% K,1.0978165505328379,1.0088233671797877,0.97,0.725919540229885,1,0.78,97,97 air · 68° dew · LHB,8,293,.422,,,,11.1,90.8,45.5,0.171,31.5
180,664034,Ty France,SD,NYY,True,4,1B,R,projected,preview,Max Fried,L,0.3,63% hard · 25% break,0.06576187354740376,0.06498465381776486,0.06725619808353847,2.990909090909092,0.69588576,fair,Weather not posted; Projected order,56.5% ideal AA; 38% sweet,1.2292093136130364,0.7640377242461343,0.85,0.9457337479270316,1,0.8062840000000001,85,85 air · 64° dew · RHB,20,418,.512,2,45,10,9.5,91.9,47.9,0.175,37
181,573262,Mike Yastrzemski,ATL,PHI,False,7,LF,L,projected,preview,Cristopher Sánchez,L,0.72,43% hard · 38% off,0.06504429441461507,0.06420911011159047,0.06650782917650311,3,0.69588576,fair,Weather not posted; Projected order,81.3% ideal AA; 10.6% solid; 123 air,0.9906218291834186,0.8215632727740578,1.23,0.72,1,0.8240000000000001,123,123 air · 71° dew · LHB,9,351,.373,,,,6.6,90.7,43.6,0.131,47.6
182,683734,Andrew Vaughn,MIL,CIN,False,5,1B,R,projected,preview,Rhett Lowder,R,1.29,50% hard · 30% break,0.06470157649377067,0.06384435219734086,0.06614943875052748,3,0.6983999999999999,fair,Projected order,Air starter; 17.6% K; 123 air,0.8114132104438849,1.0061182953150183,1.23,0.7511776336161516,1,0.78,123,123 air · 95°F · 4 mph · 73° dew · RHB,6,302,.462,,,,5.5,90,43.6,0.121,33
183,694376,Shay Whitcomb,SF,NYM,False,7,3B,R,projected,preview,Nolan McLean,R,0.87,64% hard · 30% break,0.06442946010695137,0.0628889398213639,0.06550209109128402,2,0.42614035200000006,thin,Short season sample; Weather not posted; Projected order,Sinker 33%; 60.9% ideal AA; 13.0% barrels last 10; 13.5% barrels,1.2518568418727578,0.9759319229466684,0.96,0.9948140656865783,1,0.937763963963964,96,96 air · 68° dew · RHB,3,62,.316,,,,13.5,85.9,32.4,0.192,29.7
184,663586,Austin Riley,ATL,PHI,False,8,3B,R,projected,preview,Cristopher Sánchez,L,0.72,43% hard · 38% off,0.06440768162863972,0.06352107304797827,0.06565156568431339,2.376470588235293,0.69588576,fair,Weather not posted; Projected order,Sinker 43%; 104 last game; 31.6% pull air; 68.4% ideal AA,1.1598645082260777,0.9174249140123145,1.2,0.736029172320217,1,0.8998080000000002,120,120 air · 71° dew · RHB,15,550,.360,0,38,10,11.7,91.4,44.9,0.178,39.4
185,686765,Nick Sogard,BOS,BAL,False,5,2B,S,projected,preview,Shane Baz,R,0.63,58% hard · 33% break,0.0638789822027722,0.06294966636479327,0.06528958429534204,3,0.69588576,fair,Weather not posted; Projected order,102.3 last game; 30.8% pull air; 66.7% ideal AA; 38.1% sweet,0.8249647713287903,0.9080702152890331,1.13,0.7448664966887312,1,0.9116253658536586,113,113 air · 72° dew · switch,4,196,.418,2,41,10,5.2,86.7,29.9,0.113,47
186,647304,Josh Naylor,SEA,ATH,True,5,1B,L,projected,preview,Kade Morris,R,2.45,55% hard · 33% break,0.06366442585105014,0.06194648943730119,0.06506539224865615,3,0.40083019776,thin,Starter sample thin; Weather not posted; Starter outing length thin; Projected order,13.3% K,0.7501839071153031,0.9764237203645241,0.96,0.8446014426147488,1,0.9425403508771929,96,96 air · 56° dew · LHB,10,562,.361,0,43,10,4.5,87.2,35.7,0.114,41.9
187,620443,Luis Torrens,NYM,SF,True,9,C,R,projected,preview,Matt Wilkinson,L,0.77,60% hard · 15% break,0.06353113598474326,0.061729724798564645,0.06457357255280116,2,0.378141696,thin,Starter sample thin; Weather not posted; Starter outing length thin; Projected order,4S-FB 55%; 87.5% ideal AA; 12.8% K; Platoon,0.9330121047097482,1.1056232747852337,0.96,1.3005972410673903,1,0.8240000000000001,96,96 air · 68° dew · RHB,8,249,.394,,,,5.7,88.5,41.3,0.134,30.7
188,553869,Elias Díaz,TEX,TB,True,9,C,R,projected,preview,Nick Martinez,R,1.05,64% hard · 9% break,0.06253344444274932,0.06138819397492079,0.06354286847629842,2,0.656496,fair,Weather not posted; Projected order,Sinker 31%; trending +28.3 brl; 37.5% barrels last 10; 14.7% K,1.0627386284719078,1.0431438227532464,1.08,0.72,1,1.22,108,108 air · 66° dew · RHB,6,200,.392,,,,9.2,87.6,39.4,0.145,37.3
189,664774,LaMonte Wade Jr.,HOU,AZ,True,9,LF,L,projected,preview,Merrill Kelly,R,1.65,50% hard · 22% break,0.06243187768578823,0.06109297140866543,0.0634379717507505,2,0.5906027519999999,fair,Weather not posted; Projected order,10.7% solid; Air starter; 15.4% K,0.8807202808789396,1.1446499098244605,1.05,0.9857250113071009,1,1,105,105 air · 76° dew · LHB,3,124,.340,,,,4,87.2,36,0.109,40
190,686469,Vinnie Pasquantino,KC,TOR,True,5,DH,L,projected,preview,Jameson Taillon,R,2.79,56% hard · 28% break,0.06219797703751541,0.061132873043483804,0.06319642404038861,2,0.69588576,fair,Weather not posted; Projected order,102.6 last game; 21.7% pull air; 91.3% ideal AA; Air starter,0.9586447528711715,1.3663529001062646,0.97,0.9136466389176106,1,0.8998080000000002,97,97 air · 68° dew · LHB,9,401,.375,1,44,10,7.6,89.7,41.2,0.159,43.3
191,686780,Pedro Pagés,STL,COL,False,9,C,R,projected,preview,Ryan Feltner,R,1.68,42% hard · 40% break,0.06160240249146321,0.0603741740424677,0.06258151396396872,2,0.656496,fair,Weather not posted; Projected order,Air starter; 16.7% K; 111 air,0.8148529138524414,1.0698397236073274,1.11,1.0575782672005825,1,1,111,111 air · 44° dew · RHB,4,198,.313,,,,4.5,86.7,37.9,0.113,37.6
192,695734,Daylen Lile,WSH,LAD,False,6,LF,L,projected,preview,Blake Snell,L,0,49% hard · 33% break,0.061520004842126184,0.05963249266326898,0.06249645661446723,2,0.44536688639999994,thin,Starter sample thin; Weather not posted; Projected order,4S-FB 49%; 3 tanks last 10; trending +7.8 brl; 100.8 last game,1.1298235137928048,0.9186357269975186,1.1,0.72,1,1.22,110,110 air · 60° dew · pull × porch · LHB,20,581,.438,5,42,10,8.9,88.7,38.3,0.181,42.2
193,691783,Jordan Lawlar,AZ,HOU,False,9,CF,R,projected,preview,Cristian Javier,R,1.61,56% hard · 28% break,0.06145543634371253,0.05980524697319545,0.06242980652954144,2,0.5226185276927999,fair,Weather not posted; Projected order,Air starter,1.0080340255211182,1.1310092553172342,1.01,0.7806701492537315,1,1.1208994708994708,101,101 air · 76° dew · RHB,4,85,.461,,,,5.6,87.5,22.2,0.125,40.7
194,679529,Spencer Torkelson,DET,CLE,False,7,1B,R,official,preview,Logan Allen,L,1.88,70% hard · 19% break,0.06111067343577838,0.05964031419256921,0.06207396780555974,2,0.5922432000000001,fair,Starter sample thin; Starter outing length thin,tank last game; 50% pull air; 66.7% ideal AA; 42% sweet,1.27491689110721,1.0887989889173755,0.96,0.7655492537313433,1,0.9832372025806451,96,96 air · 79°F · cross RF 6 · 72° dew · RHB,21,532,.409,,,,12.4,89.3,41,0.183,47
195,665926,Andrés Giménez,TOR,KC,False,7,SS,L,projected,preview,Daniel Lynch IV,L,0.73,47% hard · 29% break,0.06104883150385362,0.05982772453870888,0.062335081441794005,3,0.6750091871999999,fair,Weather not posted; Projected order,trending +3.8 brl; 85.7% ideal AA; 18.4% K,0.67345156721476,0.8813223695882639,0.97,0.7525912106135987,1,1.22,97,97 air · 68° dew · LHB,8,447,.354,,,,3.3,85.5,24.7,0.093,39.5
196,681082,Bryson Stott,PHI,ATL,True,5,3B,L,projected,preview,Chris Sale,L,0.5,50% hard · 39% break,0.06064205222285125,0.05945126380743504,0.06191091714058805,3,0.69588576,fair,Weather not posted; Projected order,65.2% ideal AA; 123 air,0.8340280147757106,0.7904239286132652,1.23,0.7133015991471217,1,0.904480149114632,123,123 air · 71° dew · LHB,10,526,.403,1,39,10,5.8,89.2,37.6,0.134,36.8
197,665877,José Fermín,STL,COL,False,1,2B,R,projected,preview,Ryan Feltner,R,1.68,42% hard · 40% break,0.060540900861278626,0.0593419416459422,0.06180546176185231,3,0.69588576,fair,Weather not posted; Projected order,23.1% pull air; 61.5% ideal AA; Air starter; 16.7% K,0.7321528420878995,1.0698397236073274,1.11,0.7,1,0.85696,111,111 air · 44° dew · RHB,6,322,.352,1,42,10,2.4,86.2,32,0.091,49.6
198,701162,Ben Malgeri,DET,CLE,False,6,RF,R,official,preview,Logan Allen,L,1.88,70% hard · 19% break,0.05942475025015901,0.05731648494184982,0.06044528169849549,2.2727272727272734,0.46282752000000005,thin,Starter sample thin; Starter outing length thin,101.9 last game; 43.6% sweet; Air starter,0.9564768457805273,1.135610523423577,0.96,0.7355,1,1,96,96 air · 79°F · cross RF 6 · 72° dew · RHB,3,92,.385,,,,5.5,90.1,43.6,0.109,38.2
199,683146,Brett Baty,NYM,SF,True,8,LF,L,projected,preview,Matt Wilkinson,L,0.77,60% hard · 15% break,0.059252185414707115,0.05688744765356857,0.06015689852473605,2,0.40083019776,thin,Starter sample thin; Weather not posted; Starter outing length thin; Projected order,4S-FB 55%; trending +7.1 brl; 106.1 last game; 66.7% ideal AA,1.0106461349000346,1.0893388132090422,0.96,0.72,1,1.22,96,96 air · 68° dew · LHB,8,417,.340,,,,9.6,90,41.8,0.151,36.4
200,669003,Garrett Mitchell,MIL,CIN,False,7,CF,L,projected,preview,Rhett Lowder,R,1.29,50% hard · 30% break,0.05868070880223768,0.05734031239712978,0.059567789179160835,2,0.6983999999999999,fair,Projected order,112.3 last game; 68.8% ideal AA; 22.2% blast; 77.6 bat,1.0770873960347678,1.0196270643603762,1.24,0.7833173747598641,1,0.8816800000000001,124,124 air · 95°F · 4 mph · 73° dew · LHB,9,455,.410,,,,11.9,93,51.8,0.177,34
201,695490,Edwin Arroyo,CIN,MIL,True,9,3B,S,projected,preview,Shane Drohan,L,0.82,61% hard · 34% break,0.05842384229998895,0.05700127373028685,0.05950362790146451,2.5818181818181785,0.6811776,fair,Projected order,trending +8.3 brl; 105 last game; 42% sweet; 124 air,0.624854583269329,0.921695221689039,1.24,0.72,1,1.206336,124,124 air · 95°F · 4 mph · 73° dew · switch,0,158,.267,,,,2.8,88,27.7,0.081,42
202,595879,Javier Báez,DET,CLE,False,9,SS,R,official,preview,Logan Allen,L,1.88,70% hard · 19% break,0.05817167861932084,0.05639855092810919,0.059043203591919946,2,0.5922432000000001,fair,Starter sample thin; Starter outing length thin,16.7% vs LHP last 10; trending +5.4 brl; Air starter,0.6492494148830872,1.082587192028769,0.96,1.1363808496094707,1,1.19377,96,96 air · 79°F · cross RF 6 · 72° dew · RHB,2,170,.370,,,,2.3,85.6,34.4,0.071,43.5
203,683021,Michael Stefanic,ATH,SEA,False,6,2B,R,projected,preview,Logan Gilbert,R,1.23,46% hard · 32% break,0.05815613140818912,0.0553898630546138,0.05919743820655855,2.4787878787878768,0.3424608,thin,Short season sample; Weather not posted; Projected order,102 last game; 40% sweet; Air starter,0.8750000000000001,0.9841116379407441,0.97,0.9,1,0.8400000000000001,97,97 air · 56° dew · RHB,0,20,.444,,,,0,90.9,33.3,0.087,20
204,691002,Yohandy Morales,WSH,LAD,False,7,1B,R,projected,preview,Blake Snell,L,0,49% hard · 33% break,0.05815108964632648,0.05520502414405981,0.05902198842575901,2,0.3,thin,Short season sample; Starter sample thin; Weather not posted; Projected order,107.8 last game; 4× 100+ last 3; 60% sweet; 40% barrels,1.169524001613554,0.6860506697219994,1.02,1.08,1,1,102,102 air · 60° dew · RHB,1,8,1.000,,,,40,97.6,80,0.454,60
205,694197,Angel Genao,CLE,DET,True,6,3B,S,projected,preview,Andrew Sears,L,1.35,54% hard · 34% break,0.057420519553971414,0.054546928379158865,0.05826934880655643,2,0.344941244928,thin,No established starter; Weather not posted; Projected order,14.3% K,0.8180442440577637,1,0.96,0.97,1,1.1377551020408163,96,96 air · 72° dew · switch,2,91,.361,1,36,10,5.6,91.4,52.1,0.115,38
206,687401,Joey Ortiz,MIL,CIN,False,8,SS,R,projected,preview,Rhett Lowder,R,1.29,50% hard · 30% break,0.05714217156873899,0.05567830819550046,0.057982669046168445,2,0.6983999999999999,fair,Projected order,106.6 last game; 62.5% ideal AA; Air starter; 17.6% K,0.784659713592526,1.0789818424931197,1.23,0.7849034843388691,1,1.0965756892230578,123,123 air · 95°F · 4 mph · 73° dew · RHB,8,357,.389,,,,4.2,88.8,37.2,0.103,33
207,678218,Brandon Valenzuela,TOR,KC,False,9,C,S,projected,preview,Daniel Lynch IV,L,0.73,47% hard · 29% break,0.05697398584574684,0.05525554054283921,0.05780946953780752,2,0.63680112,fair,Weather not posted; Projected order,105.6 last game; 38.7% sweet; 18.4% K,1.0086097322626713,0.9184432850077766,0.97,0.9851263763151457,1,1,97,97 air · 68° dew · switch,8,246,.373,,,,7.1,88.1,37.4,0.14,43.9
208,608070,José Ramírez,CLE,DET,True,3,DH,S,official,preview,Keider Montero,R,0.91,53% hard · 33% break,0.056966948827571876,0.05648697571418193,0.05808428565393586,3,0.97,stable,,29.2% pull air; 62.5% ideal AA; 16.5% K; #3,0.8782777035524365,0.9000772710665976,0.98,0.7243821895676259,1,0.85696,98,98 air · 79°F · cross RF 6 · 72° dew · switch,11,459,.386,1,44,10,4.4,89.3,41,0.136,50.9
209,806367,Turner Hill,SF,NYM,False,5,LF,L,projected,preview,Nolan McLean,R,0.87,64% hard · 30% break,0.056852338368244444,0.054246215686610366,0.05796510967791513,3,0.42614035200000006,thin,Short season sample; Weather not posted; Projected order,100.4 last game; 22.2% pull air; 70.4% ideal AA,0.801673174033943,0.8630317891553595,0.96,0.726299692805553,1,0.9327278048780488,96,96 air · 68° dew · LHB,0,56,.432,0,41,10,5,88.8,37.5,0.133,52.5
210,680757,Steven Kwan,CLE,DET,True,1,CF,L,projected,preview,Andrew Sears,L,1.35,54% hard · 34% break,0.05674425596273963,0.054085287911547764,0.05785273064648189,3,0.4175314559999999,thin,No established starter; Weather not posted; Projected order,trending +3.5 brl; 40.4% sweet; 14.3% K; #1,0.5309849790950634,1,0.96,0.72,1,1.22,96,96 air · 72° dew · LHB,2,542,.333,0,45,10,0.5,83.8,9.5,0.063,28.1
211,694208,Moisés Ballesteros,LAA,PIT,False,5,DH,L,projected,preview,Jared Jones,R,1.49,46% hard · 41% break,0.056740349114546784,0.05523438910924394,0.057568893488931794,2,0.69588576,fair,Weather not posted; Projected order,4S-FB 46%; tank last game,0.9938441465987637,1.0880920314095903,0.92,1.0268786664083662,1,0.865916974815963,92,92 air · 75° dew · LHB,7,281,.324,1,41,10,8.9,90.4,45.8,0.137,35.9
212,650559,Bryan De La Cruz,PHI,ATL,True,9,RF,R,projected,preview,Chris Sale,L,0.5,50% hard · 39% break,0.05654369364519003,0.05378721092704397,0.05736642018644189,2,0.4020192,thin,Short season sample; Weather not posted; Projected order,120 air; Platoon,0.8791231937894866,0.7434477887059121,1.2,1.08,1,1,120,120 air · 71° dew · RHB,2,54,.542,,,,5.1,88.7,41,0.117,38.5
213,677942,Blaze Alexander,BAL,BOS,True,1,2B,R,projected,preview,Ranger Suarez,L,0.58,65% hard · 21% break,0.056140044082901144,0.05458559266603036,0.057224657468965656,3,0.69588576,fair,Weather not posted; Projected order,106.1 last game; 68.8% ideal AA; 41% sweet; 92.2 EV,0.8856488845602299,0.7659331202609401,1.07,0.7103467661691543,1,0.8816800000000001,107,107 air · 72° dew · RHB,4,269,.424,1,39,10,6.5,92.2,48.4,0.155,32.4
214,688363,Graham Pauley,MIA,CHC,True,9,3B,L,projected,preview,Shota Imanaga,L,1.98,48% hard · 33% off,0.05563075509539873,0.05358243899347648,0.056426749613381455,2,0.589140864,fair,Weather not posted; Projected order,4S-FB 41%; 107.9 last game; Air starter,0.8162355224657274,1.2455184490380424,0.92,0.9,1,1,92,92 air · 78° dew · LHB,2,123,.345,,,,5.6,84.3,24.4,0.102,52.2
215,680757,Steven Kwan,CLE,DET,True,1,CF,L,official,preview,Keider Montero,R,0.91,53% hard · 33% break,0.05493355029789411,0.054400582804600806,0.05597131883428974,3,0.97,stable,,trending +3.5 brl; 40.4% sweet; 16.5% K; #1,0.5309849790950634,0.9224923552877331,1,0.7564660702560735,1,1.22,100,100 air · 79°F · cross RF 6 · 72° dew · LHB,2,542,.333,0,45,10,0.5,83.8,9.5,0.063,28.1
216,642201,Eli White,BOS,BAL,False,8,CF,R,projected,preview,Shane Baz,R,0.63,58% hard · 33% break,0.05456965989861444,0.05271464682233595,0.05533515473602946,2,0.656496,fair,Weather not posted; Projected order,4S-FB 34%; trending +18.9 brl; 107.8 last game; 87.5% ideal AA,0.8689368916880289,0.9478193873499505,1.07,0.7623297574626866,1,1.22,107,107 air · 72° dew · RHB,5,184,.392,,,,6.1,85.9,29.5,0.104,34.8
217,672695,Geraldo Perdomo,AZ,HOU,False,4,SS,S,projected,preview,Cristian Javier,R,1.61,56% hard · 28% break,0.054468657985032615,0.05254420822308892,0.055488660729973605,3,0.6429984422399998,fair,Weather not posted; Projected order,Air starter,0.6430022775736961,1.05995009467641,1.03,0.7381746090973704,1,0.8240000000000001,103,103 air · 76° dew · switch,9,587,.369,0,40,10,2.8,87.5,30.8,0.09,44.1
218,691777,Max Muncy,ATH,SEA,False,9,3B,R,projected,preview,Logan Gilbert,R,1.23,46% hard · 32% break,0.05440200256606323,0.05270715571341855,0.05516273438219321,2,0.69588576,fair,Weather not posted; Projected order,4S-FB 40%; Air starter,1.064670513304724,1.176742887940744,0.97,0.8428316967792617,1,0.8,97,97 air · 56° dew · RHB,7,255,.364,1,36,10,10.7,89.3,42.3,0.142,42.3
219,699393,Pedro Ramírez,CHC,MIA,False,7,2B,S,projected,preview,Janson Junk,R,1.05,39% hard · 43% break,0.054109811552008356,0.05239136210739448,0.054862278965325695,2,0.69588576,fair,Weather not posted; Projected order,43.8% pull air; 56.3% ideal AA; 16.1% K,0.7936629862126668,1.0048305246483389,0.92,0.9064747324330048,1,1.22,92,92 air · 78° dew · switch,4,194,.431,2,42,10,4.3,89.2,41.8,0.102,41.8
220,681351,Logan O'Hoppe,TEX,TB,True,7,DH,R,projected,preview,Nick Martinez,R,1.05,64% hard · 9% break,0.053959762930799765,0.05205039352928886,0.0547080043662338,2,0.656496,fair,Weather not posted; Projected order,101.6 last game; 14.7% K,0.9010949062007452,1.0055816140190805,1.08,0.8203229702111847,1,1,108,108 air · 66° dew · RHB,4,268,.298,,,,9.3,86.9,35.7,0.127,44.5
221,691788,Joe Mack,MIA,CHC,True,8,C,L,projected,preview,Shota Imanaga,L,1.98,48% hard · 33% off,0.053103059908749,0.051303287127320574,0.0538274073543723,2,0.69588576,fair,Weather not posted; Projected order,108.7 last game; 18.2% pull air; Air starter,1.1194299052223209,1.1599430880930512,0.92,0.7372328872876995,1,0.8902400000000001,92,92 air · 78° dew · LHB,12,280,.406,,,,8.5,88.1,38.1,0.165,48.7
222,691594,Javier Sanoja,MIA,CHC,True,5,2B,R,projected,preview,Shota Imanaga,L,1.98,48% hard · 33% off,0.05254047024569619,0.05069525262296737,0.05345643891247754,2.8121212121212125,0.69588576,fair,Weather not posted; Projected order,tank last game; Air starter,0.6534868302178122,1.194667574368244,0.92,0.7969109934199969,1,0.78,92,92 air · 78° dew · RHB,7,401,.428,1,43,10,2,86.7,30.4,0.076,39.1
223,683953,Travis Bazzana,CLE,DET,True,7,2B,L,official,preview,Keider Montero,R,0.91,53% hard · 33% break,0.05181457943912013,0.05120032540795194,0.05269249491196548,2.74285714285714,0.97,stable,,20% pull air; 16.5% K,0.7788376359085867,0.9158045692016226,1,0.8161420425496826,1,0.8112,100,100 air · 79°F · cross RF 6 · 72° dew · LHB,9,439,.361,0,39,10,4.5,87.7,36.1,0.114,38.3
224,701675,Nathan Church,STL,COL,False,8,CF,L,projected,preview,Ryan Feltner,R,1.68,42% hard · 40% break,0.05178254290669139,0.04987610146507582,0.052470840173828304,2,0.69588576,fair,Weather not posted; Projected order,100.1 last game; Air starter; 16.7% K; 111 air,0.8457511386323291,1.0999249514440173,1.11,0.8631833855012696,1,0.8400000000000001,111,111 air · 44° dew · LHB,10,395,.365,1,36,10,6,85.9,30,0.118,33
225,702332,Caleb Durbin,BOS,BAL,False,6,3B,R,projected,preview,Shane Baz,R,0.63,58% hard · 33% break,0.051380525361536394,0.04944160976559597,0.05228652465125605,3,0.69588576,fair,Weather not posted; Projected order,66.7% ideal AA,0.7079417027161384,0.8169979140760085,1.07,0.7577132739082366,1,0.8240000000000001,107,107 air · 72° dew · RHB,12,511,.384,0,37,10,2.6,83.6,25.7,0.082,40.1
226,701807,Carson Benge,NYM,SF,True,4,RF,L,projected,preview,Matt Wilkinson,L,0.77,60% hard · 15% break,0.05129421504260415,0.04776289852551985,0.05201810283897264,2.1538461538461533,0.40083019776,thin,Starter sample thin; Weather not posted; Starter outing length thin; Projected order,12.8% K,0.9776310819583723,0.964587395898115,0.96,0.8558988842914144,1,0.8,96,96 air · 68° dew · LHB,16,554,.420,0,42,10,7.3,88.7,39.2,0.155,32.5
227,622761,Jorge Mateo,TB,TEX,False,7,SS,R,projected,preview,Trevor Williams,R,1.47,57% hard · 33% break,0.05114403503826892,0.047843842184163266,0.05181523980734193,2,0.44536688639999994,thin,Starter sample thin; Weather not posted; Projected order,43.5% sweet,1.026270009866092,1.0010317144919971,1.08,0.8083030731435987,1,0.78,108,108 air · 66° dew · RHB,5,175,.356,,,,8.7,88.4,40,0.161,39.1
228,690022,Ryan Ritter,COL,STL,True,8,2B,R,projected,preview,Andre Pallante,R,0.66,50% hard · 47% break,0.0511255046547365,0.04723030368909009,0.05179621667006984,2,0.3424608,thin,Short season sample; Weather not posted; Projected order,8.3% solid; 17.2% K; 111 air,0.8695652173913044,0.7884645280365752,1.11,0.9,1,1,111,111 air · 44° dew · RHB,0,21,.158,,,,0,89.2,33.3,0.057,25
229,676609,José Caballero,NYY,SD,False,7,SS,R,projected,preview,Walker Buehler,R,1.16,64% hard · 26% break,0.051105959850661464,0.04914486541481744,0.051776152338403936,2,0.69588576,fair,Weather not posted; Projected order,4S-FB 20%; 20–30° last 5; 22.2% pull air; 74.1% ideal AA,0.8246725148343971,1.0674142587646596,0.85,0.9600053609104722,1,1.0174782624854821,85,85 air · 64° dew · RHB,13,414,.371,1,37,10,4.2,83.8,25.9,0.11,43.8
230,665862,Jazz Chisholm Jr.,NYY,SD,False,8,2B,L,projected,preview,Walker Buehler,R,1.16,64% hard · 26% break,0.05098596107144243,0.049015173379863386,0.05165296835645061,2,0.69588576,fair,Weather not posted; Projected order,71.4% ideal AA,1.1291695052757065,0.9993115149295301,0.84,0.9556228721258573,1,0.8034,84,84 air · 64° dew · LHB,19,509,.406,,,,8.6,90.8,42.9,0.154,51.5
231,805300,Jakob Marsee,MIA,CHC,True,6,CF,L,projected,preview,Shota Imanaga,L,1.98,48% hard · 33% off,0.050767091373423195,0.04877862383568776,0.05142830911811025,2,0.69588576,fair,Weather not posted; Projected order,4S-FB 41%; tank last game; 23.5% pull air; 64.7% ideal AA,0.7144791578342391,1.2504209630774832,0.92,0.72,1,1.22,92,92 air · 78° dew · LHB,9,535,.330,1,40,10,3.9,87.3,34.7,0.097,42.6
232,518595,Travis d'Arnaud,LAA,PIT,False,9,C,R,projected,preview,Jared Jones,R,1.49,46% hard · 41% break,0.05058904341014096,0.04696132867109459,0.05124557053500545,2,0.4020192,thin,Short season sample; Weather not posted; Projected order,12.2% barrels; pull × porch,1.0135176985704628,1.0601353410324723,0.87,0.725919540229885,1,1,87,87 air · 75° dew · pull × porch · RHB,1,68,.233,,,,12.2,87.6,31.7,0.142,22
233,695681,Christian Moore,LAA,PIT,False,6,2B,R,projected,preview,Jared Jones,R,1.49,46% hard · 41% break,0.05016201166941526,0.04661500029594612,0.05080735859116814,2,0.42614035200000006,thin,Short season sample; Weather not posted; Projected order,4S-FB 46%; pull × porch,0.9270338551261371,1.1556379716711067,0.88,0.9117124336009528,1,0.78,88,88 air · 75° dew · pull × porch · RHB,1,68,.295,1,42,10,10.3,88.2,35,0.101,22.5
234,660688,Keibert Ruiz,WSH,LAD,False,8,C,S,projected,preview,Blake Snell,L,0,49% hard · 33% break,0.04965582388071577,0.046153012169509844,0.05028804576749413,2,0.44536688639999994,thin,Starter sample thin; Weather not posted; Projected order,61.5% pull air; 84.6% ideal AA,0.9098091873482274,0.7740976992174216,1.06,1.0310491507977355,1,0.85696,106,106 air · 60° dew · switch,9,315,.449,,,,4.6,88.3,36.6,0.121,60.3
235,595978,Austin Hedges,CLE,DET,True,8,C,R,projected,preview,Andrew Sears,L,1.35,54% hard · 34% break,0.049552341136405914,0.045723241124889236,0.050181896828738415,2,0.3938975999999999,thin,No established starter; Weather not posted; Projected order,14.3% K,0.7636109316799102,1,0.96,0.886170438131921,1,1,96,96 air · 72° dew · RHB,5,212,.376,,,,4.5,86.4,31.8,0.09,49.4
236,608348,Carson Kelly,CHC,MIA,False,9,C,R,projected,preview,Janson Junk,R,1.05,39% hard · 43% break,0.048488516808216545,0.04631599068158876,0.04909099833766373,2,0.69588576,fair,Weather not posted; Projected order,107.1 last game; 41.2% pull air; 64.7% ideal AA; 16.1% K,0.8820963250397107,0.9814892575090908,0.92,0.7,1,1.189880164222874,92,92 air · 78° dew · RHB,10,372,.393,3,42,10,5.5,87.3,36.5,0.137,39.9
237,543760,Marcus Semien,NYM,SF,True,6,2B,R,projected,preview,Matt Wilkinson,L,0.77,60% hard · 15% break,0.04829192952391391,0.044320500472901925,0.04888947470822558,2,0.40083019776,thin,Starter sample thin; Weather not posted; Starter outing length thin; Projected order,103.5 last game; 28% pull air; 60% ideal AA; 12.8% K,0.9304262829390377,0.9541707116942508,0.96,0.8051019048404389,1,0.8998080000000002,96,96 air · 68° dew · RHB,14,467,.348,0,38,10,6.1,86.4,32.7,0.137,48.8
238,805367,Chase Meidroth,CWS,MIN,True,7,2B,R,projected,preview,Zebby Matthews,R,1.53,53% hard · 34% break,0.04793318808618707,0.04571580364221084,0.048563716703983406,2.1519999999999975,0.69588576,fair,Weather not posted; Projected order,24% pull air; 60% ideal AA; Air starter; 117 air,0.7356597288783557,1.096865120537491,1.17,0.7142252595717068,1,0.85696,117,117 air · 74° dew · RHB,12,564,.400,0,42,10,4.2,87.3,34.1,0.099,40.6
239,687637,Dylan Beavers,BAL,BOS,True,8,LF,L,projected,preview,Ranger Suarez,L,0.58,65% hard · 21% break,0.047156599340343275,0.04487648364723773,0.04772604313876405,2,0.69588576,fair,Weather not posted; Projected order,4S-FB 23%; 23.1% pull air; 38.8% sweet; 10.4% solid,0.9813957144797889,0.9264047484741894,1.19,0.7,1,0.8320000000000001,119,119 air · 72° dew · LHB,6,286,.383,0,39,10,7.1,88.1,38.8,0.147,41
240,703520,Brett Bateman,TOR,KC,False,1,CF,L,projected,preview,Daniel Lynch IV,L,0.73,47% hard · 29% break,0.04615035790975405,0.043022824946537974,0.0468790919679658,3,0.5741892582912,fair,Weather not posted; Projected order,18.4% K; #1,0.6306568797768664,0.8731381352550549,0.97,0.72,1,0.8,97,97 air · 68° dew · LHB,0,102,.396,0,46,10,0,83.6,15.3,0.048,29.2
241,641487,J.P. Crawford,SEA,ATH,True,8,SS,L,projected,preview,Kade Morris,R,2.45,55% hard · 33% break,0.046123490489037564,0.04183418454311805,0.046667965233803343,2,0.40083019776,thin,Starter sample thin; Weather not posted; Starter outing length thin; Projected order,13.3% K,0.861374581960983,0.97116465974395,0.96,0.8746674609150096,1,0.8,96,96 air · 56° dew · LHB,10,399,.348,,,,5.9,88,35.8,0.12,36.6
242,664728,Kyle Isbel,KC,TOR,True,9,CF,L,projected,preview,Jameson Taillon,R,2.79,56% hard · 28% break,0.046052430584455184,0.04368312239960015,0.046595208958936984,2,0.69588576,fair,Weather not posted; Projected order,104.2 last game; Air starter,0.7195367002292319,1.3314232973835094,0.97,0.8046860024203308,1,0.8064,97,97 air · 68° dew · LHB,6,269,.354,1,37,10,3.1,88.6,33.9,0.087,31.8
243,669134,Luis Campusano,SD,NYY,True,8,DH,R,projected,preview,Max Fried,L,0.3,63% hard · 25% break,0.04604840404359242,0.04343394440652215,0.04659108637601683,2,0.656496,fair,Weather not posted; Projected order,Sinker 22%; 75% ideal AA; 38.9% sweet,1.0123518864714227,0.8478939764105287,0.85,0.993679666185203,1,0.8240000000000001,85,85 air · 64° dew · RHB,5,181,.445,,,,8.9,88.1,41.6,0.14,40.7
244,668942,Josh Rojas,KC,TOR,True,7,3B,L,projected,preview,Jameson Taillon,R,2.79,56% hard · 28% break,0.04594678314887564,0.04286233909069126,0.04648704447487795,2,0.5841996825600001,fair,Weather not posted; Projected order,41.7% pull air; Air starter,0.7737949235850001,1.2668676606153904,0.97,0.7389758706467662,1,0.8320000000000001,97,97 air · 68° dew · LHB,2,97,.363,,,,1.3,86.7,29.5,0.078,34.6
245,683227,Cody Freeman,TEX,TB,True,8,3B,R,projected,preview,Nick Martinez,R,1.05,64% hard · 9% break,0.04557644991086858,0.04229003471060877,0.04610793533610824,2,0.55940606208,fair,Weather not posted; Projected order,heart vs in-zone; 20% pull air; 80% ideal AA; 14.7% K,0.6495156566016917,0.9547547027920655,1.08,0.7,1,1.22,108,108 air · 66° dew · RHB,1,81,.366,1,41,10,1.6,83,21,0.057,40.3
246,802415,Chandler Simpson,TB,TEX,False,2,LF,L,projected,preview,Trevor Williams,R,1.47,57% hard · 33% break,0.04513391608161943,0.04101544994159434,0.045830495523610626,3,0.44536688639999994,thin,Starter sample thin; Weather not posted; Projected order,111 air; #2,0.5164760424760292,0.9089706144197981,1.11,0.7,1,0.78,111,111 air · 66° dew · LHB,0,534,.362,0,41,10,0,83.6,12.7,0.037,29.3
247,669392,Samad Taylor,SD,NYY,True,2,LF,R,projected,preview,Max Fried,L,0.3,63% hard · 25% break,0.045071425662691664,0.04183068690821845,0.04576605253835253,3,0.574521984,fair,Weather not posted; Projected order,#2,0.6497163641252555,0.6744087992553787,0.85,0.7889195402298851,1,1,85,85 air · 64° dew · RHB,1,113,.417,,,,3,84.7,23.9,0.068,34.3
248,665750,Leody Taveras,BAL,BOS,True,7,RF,S,projected,preview,Ranger Suarez,L,0.58,65% hard · 21% break,0.045046172210907426,0.042595580534555366,0.045565219518346245,2,0.69588576,fair,Weather not posted; Projected order,113 air,0.7447010949440793,0.8083825116135839,1.13,0.72,1,1.181547619047619,113,113 air · 72° dew · switch,8,439,.351,1,38,10,4.2,88.3,33.1,0.108,35.2
249,650333,Luis Arraez,PHI,ATL,True,4,2B,L,projected,preview,Chris Sale,L,0.5,50% hard · 39% break,0.044489069726648095,0.04199347645206575,0.045165635532322224,3,0.69588576,fair,Weather not posted; Projected order,39.3% sweet; 123 air,0.6014374680023086,0.732100042043575,1.23,0.7,1,0.78,123,123 air · 71° dew · LHB,6,576,.429,0,36,10,1.2,86.3,18.9,0.089,30.8
250,663743,Nick Fortes,TB,TEX,False,9,C,R,projected,preview,Trevor Williams,R,1.47,57% hard · 33% break,0.04444025612438105,0.04004516142814607,0.04494527557347494,2,0.42015743999999994,thin,Starter sample thin; Weather not posted; Projected order,,0.6488207688268466,0.917577433201254,1.08,0.8138787406252321,1,1,108,108 air · 66° dew · RHB,4,290,.366,,,,2.1,85.1,34.5,0.085,50.8
251,669720,Austin Hays,SD,NYY,True,7,RF,R,projected,preview,Max Fried,L,0.3,63% hard · 25% break,0.04442225875855149,0.039892274357579804,0.04492686454808181,2,0.4020192,thin,Short season sample; Weather not posted; Projected order,,0.8330981065716865,0.7291356192376732,0.85,1.0072110874200426,1,1,85,85 air · 64° dew · RHB,2,78,.333,,,,3.8,86.2,40.4,0.086,51.9
252,806956,Ethan Salas,SD,NYY,True,6,C,L,projected,preview,Max Fried,L,0.3,63% hard · 25% break,0.04380543851466183,0.038734828630601514,0.04429597179395439,2,0.3424608,thin,Short season sample; Weather not posted; Projected order,50% solid; 96.4 EV; xISO 0.270,0.9722222222222222,0.6744087992553787,0.84,0.9,1,1,84,84 air · 64° dew · LHB,0,4,.000,,,,0,96.4,50,0.27,0
253,686555,Isaac Collins,KC,TOR,True,8,LF,S,projected,preview,Jameson Taillon,R,2.79,56% hard · 28% break,0.04380015068128097,0.0412489079365046,0.044290564200582416,2,0.69588576,fair,Weather not posted; Projected order,18.8% pull air; Air starter,0.7355916446914466,1.321552152216949,0.97,0.7,1,0.8320000000000001,97,97 air · 68° dew · switch,6,459,.347,0,37,10,5.4,88.5,39.7,0.09,39.1
254,687597,Jordan Beck,COL,STL,True,6,RF,R,projected,preview,Andre Pallante,R,0.66,50% hard · 47% break,0.04323929152075246,0.04014142250229358,0.043790590934504325,2.3599999999999994,0.6227642879999999,fair,Weather not posted; Projected order,4S-FB 32%; 17.2% K; 111 air,0.6848696748019147,0.944592137087547,1.11,0.72,1,0.78,111,111 air · 44° dew · RHB,1,146,.304,,,,4.4,86.7,30.4,0.081,38
255,676724,Jared Young,NYM,SF,True,5,1B,L,projected,preview,Matt Wilkinson,L,0.77,60% hard · 15% break,0.04320746253957343,0.038490688772271464,0.04368454746129791,2,0.40083019776,thin,Starter sample thin; Weather not posted; Starter outing length thin; Projected order,64% ideal AA; 12.8% K,0.965294648719492,0.9178700291520807,0.96,0.7,1,0.8240000000000001,96,96 air · 68° dew · LHB,8,299,.434,0,38,10,7,89.7,44.7,0.147,41.4
256,703601,Max Clark,DET,CLE,False,8,CF,L,official,preview,Logan Allen,L,1.88,70% hard · 19% break,0.04299402969512358,0.039173083336887515,0.043466360825987316,2,0.5248862208000001,fair,Starter sample thin; Starter outing length thin,101.1 last game; 39% sweet; Air starter,0.7760652500938471,1.055176786942232,1,0.7904099476842592,1,0.78,100,100 air · 79°F · cross RF 6 · 72° dew · LHB,2,118,.438,1,36,10,1.2,86.7,39,0.09,35.4
257,680700,Richie Palacios,TB,TEX,False,8,2B,L,projected,preview,Trevor Williams,R,1.47,57% hard · 33% break,0.04239997783060506,0.037909288003778685,0.04285920570910884,2,0.44536688639999994,thin,Starter sample thin; Weather not posted; Projected order,101.7 last game; 62.5% ideal AA; 111 air,0.6855635652490251,0.9591199166294204,1.11,0.757898833955224,1,0.8652000000000001,111,111 air · 66° dew · LHB,6,345,.338,,,,3.4,86.1,27.3,0.087,37.2
258,665966,Carlos Narváez,BAL,BOS,True,9,C,R,projected,preview,Ranger Suarez,L,0.58,65% hard · 21% break,0.042389443376273976,0.039448883321360984,0.0428484405915559,2,0.656496,fair,Weather not posted; Projected order,8% solid,0.8407490251718964,0.7717948153214975,1.07,0.7355,1,1,107,107 air · 72° dew · RHB,3,260,.235,,,,6.7,90.9,38.7,0.115,30
259,801501,Nate Furman,SF,NYM,False,8,2B,L,projected,preview,Nolan McLean,R,0.87,64% hard · 30% break,0.0423758148373218,0.0372393779636605,0.04283451372892011,2,0.3630084480000001,thin,Short season sample; Weather not posted; Projected order,,0.823529411764706,0.8504286874200476,0.96,0.8865000000000001,1,0.78,96,96 air · 68° dew · LHB,0,30,.160,,,,0,80,14.3,0.035,47.6
260,669743,Alex Call,LAD,WSH,True,8,DH,R,projected,preview,Jackson Kent,L,0.47,47% hard · 32% break,0.0423421803381915,0.037299886320482756,0.042800143407108804,2,0.37555317964800006,thin,Starter sample thin; Weather not posted; Starter outing length thin; Projected order,,0.5769606914825016,0.9262327953475143,1.02,0.8551517412935323,1,1,102,102 air · 60° dew · RHB,1,166,.324,,,,1.8,83.8,17.1,0.057,36.9
261,677587,Brayan Rocchio,CLE,DET,True,9,SS,S,projected,preview,Andrew Sears,L,1.35,54% hard · 34% break,0.042286083026853674,0.037564600721427865,0.042742820196439935,2,0.4175314559999999,thin,No established starter; Weather not posted; Projected order,27.8% pull air; 55.6% ideal AA; 14.3% K,0.7169258365915707,1,0.96,0.7994753525948239,1,0.85696,96,96 air · 72° dew · switch,10,516,.358,0,38,10,3,86.8,31,0.103,43.6
262,678662,Ezequiel Tovar,COL,STL,True,9,SS,R,projected,preview,Andre Pallante,R,0.66,50% hard · 47% break,0.04168019583597545,0.03895770747856886,0.04212379945613054,2,0.69588576,fair,Weather not posted; Projected order,83.3% ideal AA; 17.2% K; 111 air,0.8749236256356112,0.8163487855149254,1.11,0.7855413098442215,1,0.8034,111,111 air · 44° dew · RHB,10,450,.333,,,,6.5,87.5,34,0.141,37.3
263,666152,David Hamilton,MIL,CIN,False,9,3B,L,projected,preview,Rhett Lowder,R,1.29,50% hard · 30% break,0.04157819538221439,0.03886532944344301,0.04201960723015863,2,0.6983999999999999,fair,Projected order,104.1 last game; Air starter; 17.6% K; 124 air,0.6462024957434386,1.057846019886148,1.24,0.7,1,0.8400000000000001,124,124 air · 95°F · 4 mph · 73° dew · LHB,4,342,.332,,,,3.4,87.1,28.3,0.089,33.2
264,669707,Jared Triolo,PIT,LAA,True,9,SS,R,projected,preview,Ryan Johnson,R,1.99,57% hard · 20% break,0.04155009743479698,0.03881709999486849,0.04199090649179782,2,0.69588576,fair,Weather not posted; Projected order,63.2% ideal AA; Air starter; 16.5% K; pull × porch,0.589550385552761,1.1355690882247824,0.87,0.7,1,1.22,87,87 air · 75° dew · pull × porch · RHB,3,334,.313,,,,2.6,86.6,34.2,0.076,38.9
265,663538,Nico Hoerner,CHC,MIA,False,6,SS,R,projected,preview,Janson Junk,R,1.05,39% hard · 43% break,0.04150090770250783,0.03876393681670165,0.04194066249514061,2,0.69588576,fair,Weather not posted; Projected order,trending +5.5 brl; heart vs in-zone; 16.1% K,0.599295503604399,0.961353877994277,0.92,0.7843487671791156,1,1.19377,92,92 air · 78° dew · RHB,8,603,.356,1,41,10,1.4,85.9,28.3,0.077,30.9
266,805999,A.J. Ewing,NYM,SF,True,7,CF,L,projected,preview,Matt Wilkinson,L,0.77,60% hard · 15% break,0.04100232368813929,0.03596229310814403,0.04143146526667518,2,0.40083019776,thin,Starter sample thin; Weather not posted; Starter outing length thin; Projected order,12.8% K,0.8405808094744986,0.9602266332511167,0.96,0.7267230713900379,1,0.78,96,96 air · 68° dew · LHB,7,409,.347,0,42,10,6.9,89.1,41.2,0.136,30.2
267,643396,Isiah Kiner-Falefa,BOS,BAL,False,9,SS,R,projected,preview,Shane Baz,R,0.63,58% hard · 33% break,0.040800780276121475,0.03738019068236953,0.04122566922692328,2,0.611069184,fair,Weather not posted; Projected order,,0.6681379569806657,0.8301572330539395,1.07,0.72,1,1.0946817768882338,107,107 air · 72° dew · RHB,2,138,.352,1,36,10,2.8,82.2,26.9,0.072,38
268,683953,Travis Bazzana,CLE,DET,True,7,2B,L,projected,preview,Andrew Sears,L,1.35,54% hard · 34% break,0.040772294624369355,0.0358348645521086,0.04119658426310613,2,0.4175314559999999,thin,No established starter; Weather not posted; Projected order,20% pull air; 14.3% K,0.7788376359085867,1,0.96,0.72,1,0.8112,96,96 air · 72° dew · LHB,9,439,.361,0,39,10,4.5,87.7,36.1,0.114,38.3
269,645305,Ali Sánchez,NYY,SD,False,9,C,R,projected,preview,Walker Buehler,R,1.16,64% hard · 26% break,0.04061130440405317,0.03552373469869441,0.041032215072491995,2,0.4020192,thin,Short season sample; Weather not posted; Projected order,,0.6911477219075333,1.0161052044723233,0.85,0.72125,1,1,85,85 air · 64° dew · RHB,1,73,.309,,,,2.1,82.6,25,0.054,35.4
270,663656,Kyle Tucker,LAD,WSH,True,7,RF,L,projected,preview,Jackson Kent,L,0.47,47% hard · 32% break,0.04035354856650324,0.03521841242077983,0.04076907799667806,2,0.40083019776,thin,Starter sample thin; Weather not posted; Starter outing length thin; Projected order,,0.8141313311267389,0.8761919305523314,1.09,0.7,1,0.78,109,109 air · 60° dew · LHB,11,542,.352,0,40,10,5.3,88.7,36.8,0.121,41.9
271,703601,Max Clark,DET,CLE,False,7,CF,L,projected,preview,Foster Griffin,L,1.34,59% hard · 24% break,0.040265856085371116,0.03683560659786678,0.04067956279262086,2,0.6167413094399999,fair,Weather not posted; Projected order,101.1 last game; 39% sweet,0.7760652500938471,0.994342375092706,0.96,0.7904099476842592,1,0.78,96,96 air · 72° dew · LHB,2,118,.438,1,36,10,1.2,86.7,39,0.09,35.4
272,801126,Brock Rodden,SEA,ATH,True,9,3B,S,projected,preview,Kade Morris,R,2.45,55% hard · 33% break,0.04021319908620204,0.03420046845304758,0.040625813262001875,2,0.3,thin,Short season sample; Starter sample thin; Weather not posted; Starter outing length thin; Projected order,10% solid; 13.3% K; spray vs wall,0.7750912785812467,0.9713438574008912,0.96,0.7,1,0.8,96,96 air · 56° dew · spray vs wall · switch,0,55,.283,,,,3.3,86.9,33.3,0.069,53.3
273,682663,Agustín Ramírez,MIA,CHC,True,7,DH,R,projected,preview,Shota Imanaga,L,1.98,48% hard · 33% off,0.03999549411728269,0.037136919003804114,0.040403606981562756,2,0.69588576,fair,Weather not posted; Projected order,75.7 bat; Air starter,0.7181512940119533,1.1389177195523073,0.92,0.7464313666044777,1,0.8240000000000001,92,92 air · 78° dew · RHB,3,200,.339,,,,3.9,89.3,39.1,0.079,41.4
274,685133,Wade Meckler,LAA,PIT,False,3,RF,L,projected,preview,Jared Jones,R,1.49,46% hard · 41% break,0.03975429146821127,0.036876232498508243,0.040225169564485554,2.400000000000002,0.69588576,fair,Weather not posted; Projected order,77.8% ideal AA; #3,0.6790225186445308,0.947387971671107,0.92,0.7009492537313433,1,0.8240000000000001,92,92 air · 75° dew · LHB,3,255,.385,0,40,10,2.9,87,33.7,0.098,34.9
275,500743,Miguel Rojas,LAD,WSH,True,6,2B,R,projected,preview,Jackson Kent,L,0.47,47% hard · 32% break,0.03970705409400389,0.034477146708606354,0.04010924191576826,2,0.40083019776,thin,Starter sample thin; Weather not posted; Starter outing length thin; Projected order,,0.7373532804918184,0.8875194724426514,1.02,0.7876450248756219,1,0.78,102,102 air · 60° dew · RHB,3,212,.399,,,,5.1,86.8,36,0.108,33.7
276,545121,Ildemaro Vargas,AZ,HOU,False,8,2B,S,projected,preview,Cristian Javier,R,1.61,56% hard · 28% break,0.03954123544552477,0.036243263511445245,0.03994003708613536,2,0.6429984422399998,fair,Weather not posted; Projected order,26.7% pull air; Air starter,0.7230128677024874,1.037234581764286,1.03,0.7,1,0.8226816,103,103 air · 76° dew · switch,9,443,.384,0,39,10,3.2,87.5,35.3,0.097,40.1
277,683083,Nasim Nuñez,WSH,LAD,False,9,SS,S,projected,preview,Blake Snell,L,0,49% hard · 33% break,0.03780119551749148,0.03268438485317049,0.038165343885975256,2,0.44536688639999994,thin,Starter sample thin; Weather not posted; Projected order,trending +10.1 brl; 101.1 last game; 22.2% pull air; 55.6% ideal AA,0.5359216517625318,0.7534464624075606,1.06,0.72,1,1.22,106,106 air · 60° dew · switch,1,458,.249,,,,1,85.1,21.7,0.054,33
278,675961,Alika Williams,ATH,SEA,False,8,SS,R,projected,preview,Logan Gilbert,R,1.23,46% hard · 32% break,0.037172818181198365,0.03408623308392145,0.03752484671137646,2,0.69588576,fair,Weather not posted; Projected order,8.7% solid; Air starter,0.7406452163324249,1.0262338973171974,0.97,0.7,1,0.78,97,97 air · 56° dew · RHB,3,179,.428,,,,0.8,84.7,33.3,0.076,38.6
279,676391,Ernie Clement,TOR,KC,False,8,2B,R,projected,preview,Daniel Lynch IV,L,0.73,47% hard · 29% break,0.03635918509465425,0.03303488449314518,0.03672146082813804,2.163636363636364,0.6750091871999999,fair,Weather not posted; Projected order,102.7 last game; 18.4% K,0.645025348331431,0.8731381352550549,0.97,0.7916198247890981,1,0.78,97,97 air · 68° dew · RHB,9,548,.386,0,37,10,2.1,84.1,20.1,0.078,40.5
280,673490,Ha-Seong Kim,ATL,PHI,False,9,SS,R,projected,preview,Cristopher Sánchez,L,0.72,43% hard · 38% off,0.035797328595820646,0.0317301164340974,0.036123556428073744,2,0.59349729024,fair,Weather not posted; Projected order,23.1% pull air; 120 air,0.6130346240400524,0.7727077540889131,1.2,0.7355,1,0.85696,120,120 air · 71° dew · RHB,0,103,.130,,,,3.1,86.3,25.8,0.054,45.5
281,683766,Christian Koss,SF,NYM,False,9,SS,R,projected,preview,Nolan McLean,R,0.87,64% hard · 30% break,0.03567852846266685,0.03217065314552292,0.03600257481092073,2,0.66013014528,fair,Weather not posted; Projected order,105.6 last game,0.6700745729053297,0.8759209688063324,0.96,0.7,1,0.9289767973856211,96,96 air · 68° dew · RHB,1,146,.259,1,38,10,5.1,84.9,29.7,0.073,41.6
282,677587,Brayan Rocchio,CLE,DET,True,9,SS,S,official,preview,Keider Montero,R,0.91,53% hard · 33% break,0.03554603095648895,0.03450778643541841,0.035867653091054,2,0.97,stable,,27.8% pull air; 55.6% ideal AA; 16.5% K,0.7169258365915707,0.9193604795000756,0.98,0.7419247658764999,1,0.85696,98,98 air · 79°F · cross RF 6 · 72° dew · switch,10,516,.358,0,38,10,3,86.8,31,0.103,43.6
283,663968,Jake Mangum,PIT,LAA,True,6,LF,S,projected,preview,Ryan Johnson,R,1.99,57% hard · 20% break,0.035529179304871886,0.032309824423869316,0.035850493780956505,2,0.69588576,fair,Weather not posted; Projected order,57.1% ideal AA; Air starter; 16.5% K; pull × porch,0.5717192394372974,1.2432553922101905,0.9,0.7,1,0.8240000000000001,90,90 air · 75° dew · pull × porch · switch,4,420,.372,,,,2,85.5,27.5,0.078,29.1
284,656716,Zach McKinstry,DET,CLE,False,9,RF,L,projected,preview,Foster Griffin,L,1.34,59% hard · 24% break,0.03546269436080554,0.032237968962123054,0.035782796492002555,2,0.69588576,fair,Weather not posted; Projected order,20–30° last 5; 26.7% pull air,0.6233509971921621,0.9957298530368398,0.96,0.72,1,0.85696,96,96 air · 72° dew · LHB,4,381,.310,,,,2.1,85.6,21.8,0.082,38.9
285,672724,Oswald Peraza,LAA,PIT,False,8,3B,R,projected,preview,Jared Jones,R,1.49,46% hard · 41% break,0.035336657089549126,0.032101750658106276,0.035654467350053176,2,0.69588576,fair,Weather not posted; Projected order,pull × porch,0.8113499277391996,0.947387971671107,0.87,0.7,1,0.78,87,87 air · 75° dew · pull × porch · RHB,7,344,.341,,,,6.5,87.1,35.5,0.111,34.6
286,593428,Xander Bogaerts,SD,NYY,True,5,SS,R,projected,preview,Max Fried,L,0.3,63% hard · 25% break,0.033455513959248805,0.030068652636640825,0.0337401127615391,2,0.69588576,fair,Weather not posted; Projected order,103.1 last game; 75% ideal AA,0.8433505885565151,0.7355508824831193,0.85,0.7,1,0.889437280617165,85,85 air · 64° dew · RHB,11,527,.323,0,38,10,6.1,89.2,41.5,0.13,43.4
287,702222,Justin Crawford,PHI,ATL,True,7,CF,L,projected,preview,Chris Sale,L,0.5,50% hard · 39% break,0.03133004972091051,0.02777149774818144,0.03157936377501924,2,0.69588576,fair,Weather not posted; Projected order,122 air; spray vs wall,0.5581416284107649,0.7356079378144631,1.22,0.72,1,0.8,122,122 air · 71° dew · spray vs wall · LHB,2,408,.349,,,,1.3,87.1,35.6,0.061,26.5
288,630105,Jake Cronenworth,SD,NYY,True,9,3B,L,projected,preview,Max Fried,L,0.3,63% hard · 25% break,0.027284528600118305,0.023399187712864644,0.027473223096952104,2,0.69588576,fair,Weather not posted; Projected order,,0.6297191600271586,0.7009218521097514,0.84,0.7554477611940298,1,0.78,84,84 air · 64° dew · LHB,4,341,.291,0,41,10,3.1,87.2,29.5,0.084,29.9
