rank,playerId,name,team,opponent,isHome,battingOrder,position,bats,lineupSource,gameStatus,pitcher,pitcherThrows,pitcherHr9,pitcherMixLabel,pHr,pHrRaw,xHr,expectedPa,confidence,confidenceBand,confidenceNotes,reasons,factor_batter,factor_pitcher,factor_park,factor_platoon,factor_weather,factor_form,parkHrFactor,parkAirLabel,season_hr,season_pa,season_slg,recent_hr,recent_pa,recent_games,barrelPct,evAvg,hardHitPct,xIso,pullPct
1,621566,Matt Olson,ATL,LAD,True,3,1B,L,projected,preview,Tyler Glasnow,R,1.13,54% hard · 46% break,0.23543618615148126,0.24803533496610752,0.2602790158007964,4.32,0.60402883968,fair,Weather not posted; Projected order,25% vs RHP last 7; 18.5% vs FF; 103 last game; 5× 100+ last 3,1.7564080991767397,1.1684473955186447,1.1,1.42,1,1.0370618229738637,110,110 air · LHB,36,570,.531,1,41,10,15.7,92.6,50.1,0.269,38.4
2,656941,Kyle Schwarber,PHI,SEA,False,1,DH,L,projected,preview,George Kirby,R,1.09,53% hard · 40% break,0.22468717225835302,0.233951367256515,0.24745705260752168,4.52,0.69588576,fair,Weather not posted; Projected order,18.8% vs RHP last 7; 13.9% vs break; 5× 100+ last 3; 25% pull air,1.8665039702974218,1.042701412645611,0.97,1.42,1,1.0400541848739497,97,97 air · LHB,39,564,.529,4,48,10,17.5,92.8,51.2,0.262,54.7
3,671277,Luis García Jr.,NYY,HOU,True,3,1B,L,projected,preview,Ethan Pecko,R,0,71% hard · 21% break,0.22209936776410982,0.23809077587143868,0.24399506127575918,4.32,0.4175314559999999,thin,No established starter; Weather not posted; Projected order,15.4% vs RHP last 7; chase vs expand; 21.4% pull air; 78.6% ideal AA,1.4298854262154976,1,1.27,1.42,1,1.1976492646370025,127,127 air · LHB,26,443,.542,2,40,10,12.2,91.7,46.4,0.215,42.1
4,663757,Trent Grisham,NYY,HOU,True,1,CF,L,projected,preview,Ethan Pecko,R,0,71% hard · 21% break,0.21915162444604575,0.2347225255751907,0.2407268570663278,4.52,0.4175314559999999,thin,No established starter; Weather not posted; Projected order,14.3% vs RHP last 7; 12.6% vs FF; 104.5 last game; 20% pull air,1.3084780465582115,1,1.27,1.3833748056569133,1,1.22,127,127 air · LHB,18,443,.422,3,44,10,10.1,90.9,46.4,0.193,46.1
5,663728,Cal Raleigh,SEA,PHI,True,6,C,S,projected,preview,Aaron Nola,R,2.04,50% hard · 34% break,0.21213434030351888,0.22038454323335455,0.23139185113163033,3.96,0.69588576,fair,Weather not posted; Projected order,42.9% vs RHP last 7; 26.5% vs hard; 108.5 last game; 4× 100+ last 3,1.320277584257488,1.375091159628964,0.98,1.42,1,1.22,98,98 air · switch,17,408,.336,5,37,10,13.3,89.4,36.9,0.197,54.2
6,681715,Heriberto Hernández,MIA,BOS,True,2,LF,R,projected,preview,Payton Tolle,L,0.98,88% hard · 9% break,0.21089264306521338,0.21904254423402536,0.230618678513157,4.42,0.69588576,fair,Weather not posted; Projected order,28.6% vs LHP last 7; 19.8% vs FF; 31.3% pull air; 56.3% ideal AA,1.4758259223036894,1.0913611456577599,0.92,1.42,1,1.22,92,92 air · RHB,19,368,.454,2,43,10,13.2,91.6,48.7,0.229,47.4
7,682987,Spencer Jones,NYY,HOU,True,6,RF,L,projected,preview,Ethan Pecko,R,0,71% hard · 21% break,0.20865560947624445,0.22272921349987918,0.22724130934121886,3.96,0.4175314559999999,thin,No established starter; Weather not posted; Projected order,23.1% vs RHP last 7; 19.8% vs hard; 110.2 last game; 30.8% pull air,1.42751086473632,1,1.27,1.42,1,1.22,127,127 air · LHB,7,178,.428,2,37,10,15.8,94.7,58.5,0.219,29.5
8,677594,Julio Rodríguez,SEA,PHI,True,3,CF,R,projected,preview,Aaron Nola,R,2.04,50% hard · 34% break,0.20804361300297972,0.2159633753556327,0.22706388735180294,4.32,0.69588576,fair,Weather not posted; Projected order,25% vs RHP last 7; 19.8% vs FF; 109 last game; 57.9% ideal AA,1.1902024272050284,1.31232601642603,0.98,1.42,1,1.19377,98,98 air · RHB,20,526,.413,1,47,10,9.3,90,43,0.19,39.7
9,678246,Miguel Vargas,CWS,TEX,True,3,3B,R,projected,preview,Jacob deGrom,R,1.21,44% hard · 43% break,0.20710667461257437,0.21495075300006317,0.22594351173681104,4.32,0.69588576,fair,Weather not posted; Projected order,11.8% vs FF; 33.3% pull air; 66.7% ideal AA; 16.7% barrels last 7,1.5492492644353342,1.1726738431307133,1.14,1.0786732352973738,1,1.1518132653061226,114,114 air · RHB,29,568,.496,2,45,10,14.7,90.8,46.2,0.257,45.5
10,670541,Yordan Alvarez,HOU,NYY,False,2,DH,L,projected,preview,Will Warren,R,1.4,63% hard · 24% break,0.20418433641206868,0.21179235430205845,0.22258747015738387,4.42,0.69588576,fair,Weather not posted; Projected order,11.8% vs FF; 76.1 bat; 17.3% barrels; 13.7% solid,1.9103128133387748,1.150368464075163,1.27,1.0515,1,0.8240000000000001,127,127 air · LHB,36,566,.613,1,40,10,17.3,94.5,53.4,0.345,42.3
11,804668,Rafael Flores Jr.,PIT,SD,False,5,C,R,projected,preview,Michael King,R,1.09,47% hard · 28% off,0.20326924392435197,0.2163860887145752,0.22105598914675298,4.1,0.42614035200000006,thin,Short season sample; Weather not posted; Projected order,42.9% vs RHP last 7; 23.6% vs hard; 100.7 last game; 61.5% ideal AA,1.702755475914395,1.152344531454573,0.85,1.42,1,1.1932339181286553,85,85 air · RHB,6,73,.594,3,37,10,19,90.1,45.2,0.273,42.9
12,808959,Munetaka Murakami,CWS,TEX,True,2,1B,L,projected,preview,Jacob deGrom,R,1.21,44% hard · 43% break,0.19892447073530942,0.20610760744343637,0.21632689894155635,4.42,0.69588576,fair,Weather not posted; Projected order,10.4% vs hard; 20.1% barrels; 94 EV; xISO 0.282,1.8713617631314703,1.140145112629354,1.1,1.2273497801136972,1,0.8,110,110 air · LHB,29,419,.513,2,46,10,20.1,94,58.3,0.282,42.6
13,660271,Shohei Ohtani,LAD,ATL,False,1,DH,L,projected,preview,Bryce Elder,R,1.44,65% hard · 24% break,0.19741267466912837,0.20447369158583695,0.21465050393975874,4.52,0.69588576,fair,Weather not posted; Projected order,12.5% vs RHP last 7; 102.7 last game; 63.6% ideal AA; 16.5% barrels,1.6579932788363494,1.0556541446875143,1.1,1.3129900335727374,1,0.8678218181818181,110,110 air · LHB,30,554,.545,3,45,10,16.5,93.5,52.6,0.28,48
14,700250,Ben Rice,NYY,HOU,True,2,DH,L,projected,preview,Ethan Pecko,R,0,71% hard · 21% break,0.1902443251644646,0.20169148831619998,0.20606453481343548,4.42,0.4175314559999999,thin,No established starter; Weather not posted; Projected order,12.6% vs FF; 100.8 last game; 64.3% ideal AA; 14.8% barrels,1.6446570071899607,1,1.27,1.2273497801136972,1,0.8652000000000001,127,127 air · LHB,34,536,.525,2,44,10,14.8,92.2,48.6,0.242,47.1
15,691718,Pete Crow-Armstrong,CHC,AZ,False,1,CF,L,projected,preview,Brandon Pfaadt,R,1.01,55% hard · 29% break,0.1895133892094229,0.19593631801737588,0.20531134881664512,4.52,0.69588576,fair,Weather not posted; Projected order,14.3% vs RHP last 7; 33.3% pull air; 66.7% ideal AA; 12.5% barrels,1.5209477935991327,0.9617541304717283,1.07,1.4159534402099028,1,0.9181714285714286,107,107 air · LHB,33,589,.554,6,47,10,12.5,90,48.4,0.222,49.9
16,673357,Luis Robert Jr.,NYM,MIL,True,4,LF,R,projected,preview,Kyle Harrison,L,1.19,60% hard · 31% break,0.18896817599302507,0.19534706359346699,0.20433523493562436,4.22,0.69588576,fair,Weather not posted; Projected order,26.9% vs FF; 114.6 last game; 5× 100+ last 3; 60% ideal AA,1.2030992610103388,1.1477337997001356,0.97,1.38,1,1.22,97,97 air · RHB,9,196,.405,,,,8.7,89.8,40.2,0.181,46.5
17,665833,Oneil Cruz,PIT,SD,False,4,CF,L,projected,preview,Michael King,R,1.09,47% hard · 28% off,0.18871162097555275,0.19506978458687874,0.20403425661872537,4.22,0.69588576,fair,Weather not posted; Projected order,33.3% vs RHP last 7; 104.9 last game; 30% barrels last 7; 78.2 bat,1.5813181716664237,1.0119207592208188,0.84,1.42,1,1.17852,84,84 air · LHB,16,306,.481,,,,17.5,95.7,58,0.242,42
18,547180,Bryce Harper,PHI,SEA,False,3,RF,L,projected,preview,George Kirby,R,1.09,53% hard · 40% break,0.18769012763375834,0.19396577710403995,0.20295134525426248,4.32,0.69588576,fair,Weather not posted; Projected order,22.2% vs RHP last 7; 108.5 last game; 4× 100+ last 3; 21.4% pull air,1.3400925235263021,0.9532252059771975,0.97,1.42,1,1.22,97,97 air · LHB,26,563,.499,1,45,10,11.4,90.4,44.7,0.228,38.7
19,671739,Michael Harris II,ATL,LAD,True,1,CF,L,projected,preview,Tyler Glasnow,R,1.13,54% hard · 46% break,0.18572592737779267,0.1933320437420626,0.20085863615186916,4.52,0.60402883968,fair,Weather not posted; Projected order,15.4% vs RHP last 7; 13.2% vs hard; 4× 100+ last 3; 19.0% pull air,1.2519808893649809,1.0783850617552753,1.1,1.3610735646946432,1,0.9832708063492065,110,110 air · LHB,21,500,.493,1,39,10,10.8,90.6,48.7,0.188,36.9
20,695657,Colson Montgomery,CWS,TEX,True,6,SS,L,projected,preview,Jacob deGrom,R,1.21,44% hard · 43% break,0.1855774498138797,0.19168244149474822,0.20004621685799276,3.96,0.69588576,fair,Weather not posted; Projected order,12.6% vs FF; 25% pull air; 75% ideal AA; 16.7% barrels last 7,1.423877592769725,1.1997405723084527,1.1,1.0515,1,1.22,110,110 air · LHB,27,523,.426,1,41,10,12.4,88.9,41.8,0.202,49.5
21,641343,Jake Bauers,MIL,NYM,False,4,RF,L,projected,preview,Zac Thornton,L,1.07,66% hard · 30% break,0.18425140687271332,0.1911279159684771,0.19881331224860121,4.22,0.6402148991999999,fair,Weather not posted; Projected order,102.3 last game; 36.4% pull air; 18.2% barrels last 7; 76.6 bat,1.486547400887193,1.0665362339018785,0.97,1.2281852424420887,1,1.1490335999999999,97,97 air · LHB,23,474,.503,2,44,10,14,92.4,52.9,0.221,42.5
22,691777,Max Muncy,ATH,MIN,True,7,LF,R,projected,preview,Taj Bradley,R,1.22,71% hard · 9% break,0.18204715748385214,0.18786697937718577,0.19575657877345862,3.82,0.69588576,fair,Weather not posted; Projected order,15.4% vs RHP last 7; 18.5% vs FF; 110 last game; 60% ideal AA,1.1331155727239486,1.2107340691623136,1.17,1.2575778320775113,1,1.22,117,117 air · RHB,7,234,.378,,,,11.9,90.1,43.3,0.149,41.8
23,668227,Randy Arozarena,SEA,PHI,True,1,LF,R,projected,preview,Aaron Nola,R,2.04,50% hard · 34% break,0.1797659511283779,0.18540150184218895,0.19388436625546482,4.52,0.69588576,fair,Weather not posted; Projected order,11.1% vs break; 83.3% ideal AA; 8% solid; Air starter,1.0990193948365121,1.2539685045135682,0.98,1.1208486869546181,1,1.22,98,98 air · RHB,20,536,.465,4,49,10,7.7,90.8,42.4,0.159,34.1
24,608369,Corey Seager,TEX,CWS,False,2,SS,L,projected,preview,Anthony Kay,L,1.13,57% hard · 29% break,0.17867212391608706,0.18421931750687015,0.19251451368619318,4.42,0.69588576,fair,Weather not posted; Projected order,15.4% vs LHP last 7; 17.3% vs FF; 106.9 last game; 21.7% pull air,1.4296028123665072,1.093299794229113,1.1,1.2360258502381845,1,0.8902400000000001,110,110 air · LHB,13,304,.426,1,41,10,14.6,91.7,48.4,0.227,43.2
25,691023,Jordan Walker,STL,BAL,True,3,RF,R,projected,preview,Chris Bassitt,R,0.94,64% hard · 30% break,0.17787700239981968,0.18335996770221719,0.1914914286882178,4.32,0.69588576,fair,Weather not posted; Projected order,22.2% vs RHP last 7; 17.3% vs break; 22.2% barrels last 7; 79.2 bat,1.4169607450151522,0.9488509762554656,0.87,1.42,1,1.1712,87,87 air · RHB,27,548,.507,4,45,10,13.5,92.4,47.8,0.214,38.6
26,664023,Ian Happ,CHC,AZ,False,5,LF,S,projected,preview,Brandon Pfaadt,R,1.01,55% hard · 29% break,0.17782678281951153,0.1833056914870166,0.19120220766495996,4.1,0.69588576,fair,Weather not posted; Projected order,13.3% vs RHP last 7; 105.3 last game; 46.7% pull air; 60% ideal AA,1.3118157544527473,0.92570482456797,1.07,1.331741360482355,1,1.22,107,107 air · switch,22,541,.422,2,40,10,11.3,89.4,42.3,0.193,46.5
27,665019,Kody Clemens,MIN,ATH,False,5,LF,L,projected,preview,Gage Jump,L,0.99,52% hard · 40% break,0.17622546281332646,0.18157502012880467,0.18934673473918015,4.1,0.69588576,fair,Weather not posted; Projected order,16.7% vs LHP last 7; 105.7 last game; 38.9% pull air; 100% ideal AA,1.3740738043331198,0.8437301732384577,1.17,1.254779546943102,1,1.22,117,117 air · LHB,21,464,.465,1,40,10,11.8,92.4,46.5,0.199,46.8
28,521692,Salvador Perez,KC,TOR,False,4,DH,R,projected,preview,Max Scherzer,R,2.4,51% hard · 33% break,0.17582714038301464,0.18190378688307152,0.18901134091852687,4.22,0.6416066707199999,fair,Weather not posted; Projected order,13.9% vs FF; 105.2 last game; 20–30° last 5; 15% barrels last 7,1.1317586127931243,1.353741196139855,0.99,1.0756916445831068,1,1.22,99,99 air · RHB,17,508,.376,1,38,10,9.8,88.8,42,0.181,40.2
29,646240,Rafael Devers,SF,CIN,True,2,1B,L,projected,preview,Brady Singer,R,1.71,59% hard · 41% break,0.17442097090967168,0.17962476506315994,0.18757388567064182,4.42,0.69588576,fair,Weather not posted; Projected order,25% vs RHP last 7; 108.9 last game; 10.5% solid; 92.6 EV,1.4064036199480938,1.0687424918061597,0.78,1.42,1,1.0873379629629631,78,78 air · LHB,27,555,.475,3,44,10,10.8,92.6,50.4,0.214,32.9
30,805808,Kevin McGonigle,DET,TB,True,3,3B,L,projected,preview,Ian Seymour,L,1.6,42% hard · 30% off,0.17255951761052396,0.17761294737710043,0.18532544633360284,4.32,0.69588576,fair,Weather not posted; Projected order,33.3% vs LHP last 7; 11.8% vs FF; 103.4 last game; 5× 100+ last 3,0.999035380770964,1.1999397145655781,0.97,1.325699172022401,1,1.19377,97,97 air · LHB,14,573,.430,2,45,10,7.3,88.2,37.2,0.173,36.7
31,668723,Ryan Vilade,TB,DET,False,2,RF,R,projected,preview,Jackson Jobe,R,1.29,55% hard · 33% break,0.17162614098766568,0.18001649486389304,0.1843364897271892,4.42,0.44536688639999994,thin,Starter sample thin; Weather not posted; Projected order,113 last game; 4× 100+ last 3; 22.2% pull air; 76.4 bat,1.1673444172669327,1.1236522880401827,0.97,1.1706260264768826,1,1.22,97,97 air · RHB,11,220,.482,,,,7.3,89.6,39.7,0.182,36.2
32,669394,Jake Burger,TEX,CWS,False,7,1B,R,projected,preview,Anthony Kay,L,1.13,57% hard · 29% break,0.17080563674077326,0.17571739160107236,0.18278300742751238,3.82,0.69588576,fair,Weather not posted; Projected order,12.5% vs LHP last 7; 12.6% vs FF; 108.3 last game; 75.7 bat,1.2868892504212535,1.0988171744486275,1.14,1.3210197361364366,1,1.029469696969697,114,114 air · RHB,22,498,.424,3,38,10,11,90,46.7,0.17,44.9
33,665487,Fernando Tatis Jr.,SD,PIT,True,1,RF,R,projected,preview,Paul Skenes,R,0.91,52% hard · 23% break,0.17078548134615854,0.1756956080949409,0.18344972579238766,4.52,0.69588576,fair,Weather not posted; Projected order,17.6% vs RHP last 7; 18.5% vs FF; 6× 100+ last 3; 39.1% pull air,1.2174930494642369,1.0755154674833416,0.85,1.2382209537256532,1,1.22,85,85 air · RHB,17,574,.449,5,46,10,12.5,93,54.3,0.19,34.7
34,672960,Kazuma Okamoto,TOR,KC,True,5,3B,R,projected,preview,Seth Lugo,R,0.99,52% hard · 39% break,0.17047465827563,0.17535967737306302,0.18270559410228618,4.1,0.69588576,fair,Weather not posted; Projected order,45% pull air; 70% ideal AA; 20% barrels last 7; 12.7% barrels,1.4150186583846818,0.9863229246331368,0.99,1.1593944425244267,1,1.22,99,99 air · RHB,26,520,.439,2,41,10,12.7,90.5,43.6,0.212,50.3
35,668709,JJ Bleday,CIN,SF,False,7,RF,L,projected,preview,Adrian Houser,R,1.25,67% hard · 17% break,0.16855166642418626,0.17328135017642898,0.18019740097962864,3.82,0.69588576,fair,Weather not posted; Projected order,16.7% vs RHP last 7; 19.8% vs SI; 106.7 last game; 4× 100+ last 3,1.3433897924131797,1.1787952273176034,0.78,1.42,1,1.22,78,78 air · LHB,21,433,.440,1,39,10,10.3,88.8,41,0.193,45.6
36,701678,Hao-Yu Lee,DET,TB,True,2,2B,R,projected,preview,Ian Seymour,L,1.6,42% hard · 30% off,0.16846240653488906,0.17318488005599886,0.1806819549931409,4.42,0.69588576,fair,Weather not posted; Projected order,16.7% vs LHP last 7; 19.8% vs SI; 103.4 last game; 13.3% barrels last 7,1.0767708783409393,1.2162905674596032,0.97,1.096045924301529,1,1.22,97,97 air · RHB,7,242,.431,,,,8.7,89.4,40.5,0.165,30.1
37,691406,Junior Caminero,TB,DET,False,3,3B,R,projected,preview,Jackson Jobe,R,1.29,55% hard · 33% break,0.16822188643538089,0.17614875355224513,0.1803181830615557,4.32,0.44536688639999994,thin,Starter sample thin; Weather not posted; Projected order,115.5 last game; 6× 100+ last 3; 70.8% ideal AA; 79.7 bat,1.535029333803641,1.0502900340029748,0.97,1.3099932079179828,1,0.8854271400000001,97,97 air · RHB,35,571,.531,0,41,10,13.1,93.1,50.6,0.224,46.7
38,682829,Elly De La Cruz,CIN,SF,False,1,SS,S,projected,preview,Adrian Houser,R,1.25,67% hard · 17% break,0.1680951092682629,0.1727879132680713,0.18034084945785978,4.52,0.69588576,fair,Weather not posted; Projected order,20% vs RHP last 7; 57.9% ideal AA; 15.8% barrels last 7; 75.7 bat,1.3647784188955698,1.0497074675965763,0.82,1.3844817505099027,1,1.004190072727273,82,82 air · switch,21,506,.472,1,45,10,13.8,93.8,51,0.2,33.9
39,687263,Zach Neto,LAA,CLE,True,1,SS,R,projected,preview,Gavin Williams,R,1.45,49% hard · 51% break,0.16616924711748984,0.17070648391520393,0.17812021238593256,4.52,0.69588576,fair,Weather not posted; Projected order,18.0% vs FF; 108.3 last game; 4× 100+ last 3; 32.1% pull air,1.286703516009829,1.3180195703345745,0.85,1.0197996572829393,1,1.087839658456486,85,85 air · RHB,22,572,.434,2,44,10,11.6,89.5,40.5,0.194,47.8
40,608324,Alex Bregman,CHC,AZ,False,4,3B,R,projected,preview,Brandon Pfaadt,R,1.01,55% hard · 29% break,0.16544001144670425,0.16991834207975542,0.17703019118811378,4.22,0.69588576,fair,Weather not posted; Projected order,17.6% vs RHP last 7; 17.3% vs SI; 102 last game; 31.8% pull air,0.9572681985818655,1.042295852975762,1.07,1.3574625096781845,1,1.22,107,107 air · RHB,19,591,.418,3,46,10,5.2,88.3,37.9,0.128,47.1
41,694192,Jackson Chourio,MIL,NYM,False,1,LF,R,projected,preview,Zac Thornton,L,1.07,66% hard · 30% break,0.1628733022459695,0.16776996022365276,0.17432903588800697,4.52,0.6402148991999999,fair,Weather not posted; Projected order,10.4% vs hard; 102.1 last game; 57.9% ideal AA; 13% barrels,1.299162742570442,1.0826661906497812,0.97,1.1810119084249813,1,0.9630139860139861,97,97 air · RHB,17,437,.463,0,44,10,13,91.8,46.9,0.215,28.7
42,686469,Vinnie Pasquantino,KC,TOR,False,3,1B,L,projected,preview,Max Scherzer,R,2.4,51% hard · 33% break,0.16252852149823302,0.16737754356509105,0.17377625792894635,4.32,0.6416066707199999,fair,Weather not posted; Projected order,18.2% vs RHP last 7; 107.5 last game; 27.3% pull air; 72.7% ideal AA,0.9591001913910522,1.1257411961398551,0.99,1.272927284884208,1,1.22,99,99 air · LHB,8,365,.379,2,40,10,7.6,89.4,40.7,0.161,43.3
43,695720,Tommy White,ATH,MIN,True,5,3B,R,projected,preview,Taj Bradley,R,1.22,71% hard · 9% break,0.1623785172469093,0.16726684348599585,0.1734147645963057,4.1,0.63688612608,fair,Weather not posted; Projected order,16.7% vs RHP last 7; 20.9% vs FF; 86.4% ideal AA; 18.2% barrels last 7,0.8488331603522145,1.2107340691623136,1.17,1.257611296968594,1,1.19075416,117,117 air · RHB,2,131,.325,2,39,10,8.5,85.5,32.1,0.126,29.2
44,670231,John Rave,KC,TOR,False,6,RF,L,projected,preview,Max Scherzer,R,2.4,51% hard · 33% break,0.1621558093340001,0.1701761388977665,0.17302908657962213,3.96,0.37066170239999996,thin,Short season sample; Weather not posted; Projected order,103.2 last game; 25% pull air; 75% ideal AA; 12.5% barrels last 7,1.256886166601426,1.299630280199793,0.99,1.1128079241108286,1,1.0889348639681489,99,99 air · LHB,3,73,.462,,,,13.7,86.6,31.4,0.198,47.1
45,606192,Teoscar Hernández,LAD,ATL,False,7,LF,R,projected,preview,Bryce Elder,R,1.44,65% hard · 24% break,0.1616924249946047,0.16586803326576427,0.17236063059247433,3.82,0.69588576,fair,Weather not posted; Projected order,18.2% vs RHP last 7; 17.3% vs hard; 66.7% ideal AA; 16.7% barrels last 7,1.0417560565739932,1.1829579012812599,1.07,1.2332713180283619,1,1.22,107,107 air · RHB,11,370,.390,0,39,10,8.9,89.7,43.6,0.164,33.9
46,680777,Ryan Jeffers,MIN,ATH,False,3,C,R,projected,preview,Gage Jump,L,0.99,52% hard · 40% break,0.16103032761801134,0.1651524530184736,0.17206045008092033,4.32,0.69588576,fair,Weather not posted; Projected order,16.3% vs FF; 105.3 last game; 20% barrels last 7; 117 air,1.2109926800253181,1.0677301732384576,1.17,0.8787926616551508,1,1.22,117,117 air · RHB,10,274,.485,0,39,10,11.1,88.9,40,0.185,37.4
47,699013,Esmerlyn Valdez,PIT,SD,False,2,RF,R,projected,preview,Michael King,R,1.09,47% hard · 28% off,0.16086889785931116,0.16540252649196796,0.17195413963093273,4.42,0.656496,fair,Weather not posted; Projected order,111.6 last game; 21.7% barrels; 10.4% solid; 92.1 EV,1.7901816636945305,1.0119207592208188,0.85,1.2126355921715233,1,0.84,85,85 air · RHB,15,247,.541,1,43,10,21.7,92.1,49.6,0.253,36.5
48,571970,Max Muncy,LAD,ATL,False,4,3B,L,projected,preview,Bryce Elder,R,1.44,65% hard · 24% break,0.16059596442179547,0.16468300285245518,0.17148164345111128,4.22,0.69588576,fair,Weather not posted; Projected order,101.3 last game; 36.4% pull air; 63.6% ideal AA; 13.5% barrels,1.5243477221642916,1.0556541446875143,1.1,1.0515,1,0.8998080000000002,110,110 air · LHB,26,453,.509,,,,13.5,90.6,46.3,0.237,53.7
49,553869,Elias Díaz,TEX,CWS,False,8,C,R,projected,preview,Anthony Kay,L,1.13,57% hard · 29% break,0.1603977495803616,0.16446877662189718,0.1707392164560861,3.68,0.69588576,fair,Weather not posted; Projected order,33.3% vs LHP last 7; 5× 100+ last 3; 30% pull air; 63.6% ideal AA,1.0552267272571796,0.9949928208369303,1.14,1.42,1,1.22,114,114 air · RHB,6,177,.389,,,,7.6,87.3,38.9,0.143,37.4
50,621439,Byron Buxton,MIN,ATH,False,2,CF,R,projected,preview,Gage Jump,L,0.99,52% hard · 40% break,0.16030432691316662,0.16436780746289237,0.17130767819869688,4.42,0.69588576,fair,Weather not posted; Projected order,103.4 last game; 23.5% pull air; 15.9% barrels; xISO 0.242,1.6273354716765351,0.8437301732384577,1.17,1.1055382979623793,1,0.8736000000000002,117,117 air · RHB,25,405,.515,0,43,10,15.9,90.2,46.7,0.242,48.2
51,694374,Tim Tawa,AZ,CHC,True,7,1B,R,projected,preview,Clay Holmes,R,0.52,58% hard · 27% break,0.15969601640205,0.16372490517545923,0.17008860523696365,3.82,0.69449398848,fair,Weather not posted; Projected order,25% vs RHP last 7; 15.4% vs SI; 103.2 last game; 4× 100+ last 3,1.1016271337203571,0.9499988056644029,1.07,1.42,1,1.22,107,107 air · RHB,8,241,.409,2,42,10,8.9,90.7,45,0.163,39.2
52,682928,CJ Abrams,WSH,COL,True,1,DH,L,projected,preview,,,,,0.15888025711053888,0.1661260409977111,0.16975155715552967,4.52,0.3938975999999999,thin,No established starter; Weather not posted; Projected order,88.9% ideal AA; #1,1.3628678323694072,1,1.05,1,1,1.066001705029838,105,105 air · LHB,29,539,.530,1,46,10,10.2,89.5,41.7,0.189,44.2
53,663457,Lars Nootbaar,AZ,CHC,True,1,DH,L,projected,preview,Clay Holmes,R,0.52,58% hard · 27% break,0.15694302422438547,0.1607487261091688,0.1675368795684343,4.52,0.69449398848,fair,Weather not posted; Projected order,18.2% vs RHP last 7; 11.1% vs SI; 101.3 last game; 18.2% barrels last 7,1.0361955265653906,0.9106786297553606,1.07,1.1698016627975303,1,1.22,107,107 air · LHB,4,237,.338,,,,9.5,91.5,48.7,0.181,41.1
54,677951,Bobby Witt Jr.,KC,TOR,False,2,SS,R,projected,preview,Max Scherzer,R,2.4,51% hard · 33% break,0.15686331181276725,0.16118936605196377,0.16737480209155442,4.42,0.6416066707199999,fair,Weather not posted; Projected order,12.6% vs FF; 103.8 last game; 6× 100+ last 3; 55.6% ideal AA,1.2102357169738243,1.353741196139855,0.99,0.850351856810343,1,1.0875368211206895,99,99 air · RHB,16,499,.459,3,46,10,11.6,92.5,51.5,0.204,28.9
55,687551,Drew Gilbert,SF,CIN,True,1,CF,L,projected,preview,Brady Singer,R,1.71,59% hard · 41% break,0.15281693124261927,0.15663293814689516,0.16283303763334775,4.52,0.656496,fair,Weather not posted; Projected order,28.6% vs RHP last 7; 11.1% vs hard; 103.5 last game; 33.3% pull air,0.8128907728756471,1.2574223158971174,0.78,1.4165731974811477,1,1.22,78,78 air · LHB,7,319,.379,,,,4.9,86.5,35.6,0.124,43.6
56,665161,Jeremy Peña,HOU,NYY,False,1,SS,R,projected,preview,Will Warren,R,1.4,63% hard · 24% break,0.1506899441724368,0.15431638594185682,0.16041518845722216,4.52,0.656496,fair,Weather not posted; Projected order,16.7% vs RHP last 7; 103.9 last game; #1,1.029925454220186,1.0582514548647177,1.09,1.3265807501531093,1,0.8521034700073282,109,109 air · RHB,14,349,.469,1,41,10,5.6,88.4,39.5,0.14,47.2
57,642350,Jose Siri,LAA,CLE,True,5,RF,R,projected,preview,Gavin Williams,R,1.45,49% hard · 51% break,0.14957246092292928,0.1527690433072374,0.1588566980829384,4.1,0.69588576,fair,Weather not posted; Projected order,101.8 last game; 20% barrels last 7; 14.6% barrels; 9.6% solid,1.4312337771497918,1.2485993861922493,0.85,0.8806435099270407,1,1.151224315068493,85,85 air · RHB,7,170,.442,,,,14.6,88.9,41.7,0.232,41.3
58,694212,Samuel Basallo,BAL,STL,False,4,C,L,projected,preview,,,,,0.14919087133170833,0.15478160061098456,0.15851366648894255,4.22,0.4175314559999999,thin,No established starter; Weather not posted; Projected order,20% pull air; 70% ideal AA; 20% barrels last 7; 13.3% barrels,1.4177761223157632,1,0.87,1,1,1.22,87,87 air · LHB,17,326,.446,,,,13.3,91.1,45.8,0.221,43.4
59,680869,Zack Gelof,ATH,MIN,True,3,2B,R,projected,preview,Taj Bradley,R,1.22,71% hard · 9% break,0.1490889725913305,0.15224649977796423,0.15846811543394987,4.32,0.69588576,fair,Weather not posted; Projected order,104.7 last game; 64.7% ideal AA; 8.3% solid; Air starter,1.206979016610147,0.9851180398708252,1.17,1.121082996925561,1,0.903741935483871,117,117 air · RHB,14,308,.464,1,44,10,8.4,88.8,41.7,0.174,38.7
60,701538,Jackson Merrill,SD,PIT,True,5,CF,L,projected,preview,Paul Skenes,R,0.91,52% hard · 23% break,0.14880963778338835,0.15194460087606465,0.15799475677675046,4.1,0.69588576,fair,Weather not posted; Projected order,22.2% vs RHP last 7; 71.4% ideal AA; 14.3% barrels last 7; xSLG 0.465,1.2702071995676643,0.8869036696924619,0.84,1.42,1,1.135415595238095,84,84 air · LHB,21,541,.412,2,42,10,11.4,90.7,46.6,0.21,38
61,686948,Drake Baldwin,ATL,LAD,True,5,DH,L,projected,preview,Tyler Glasnow,R,1.13,54% hard · 46% break,0.14776787672303002,0.15156138411388187,0.15681857643247044,4.1,0.60402883968,fair,Weather not posted; Projected order,12.5% vs RHP last 7; 100.3 last game; 20–30° last 5; 75.2 bat,1.3751050153312718,0.9404473955186446,1.1,1.2992295479916112,1,0.8219400000000001,110,110 air · LHB,21,478,.443,1,42,10,13,91.8,51.9,0.22,31.2
62,650489,Willi Castro,COL,WSH,False,3,3B,S,projected,preview,Andrew Alvarez,L,0.45,43% hard · 53% break,0.1473509434289093,0.15036807617773362,0.15650203265640208,4.32,0.69588576,fair,Weather not posted; Projected order,12.5% vs LHP last 7; 12.6% vs CU; 104.2 last game; 30.8% pull air,1.1018381726613373,0.9161584810873502,1.05,1.0669561297928392,1,1.22,105,105 air · switch,15,446,.428,2,40,10,8.5,87.9,41,0.161,44.5
63,691723,Coby Mayo,BAL,STL,False,5,DH,R,projected,preview,,,,,0.14687405815133395,0.15234009847520902,0.15581029388066986,4.1,0.3938975999999999,thin,No established starter; Weather not posted; Projected order,106 last game; 44.4% pull air; 55.6% ideal AA; 22.2% barrels last 7,1.4438917284220252,1,0.87,1,1,1.22,87,87 air · RHB,17,340,.437,,,,12.4,92.2,48.8,0.21,51.7
64,672515,Gabriel Moreno,AZ,CHC,True,3,C,R,projected,preview,Clay Holmes,R,0.52,58% hard · 27% break,0.14685993237019837,0.1498481913588764,0.15594715212362584,4.32,0.69449398848,fair,Weather not posted; Projected order,25% vs RHP last 7; 12.6% vs SI; 21.1% barrels last 7; xSLG 0.457,0.9556462001485998,0.906221091023871,1.07,1.277027977802616,1,1.159,107,107 air · RHB,10,431,.462,2,45,10,8,89.4,42.7,0.165,35.7
65,686527,Dominic Canzone,SEA,PHI,True,2,RF,L,projected,preview,Aaron Nola,R,2.04,50% hard · 34% break,0.14649083884465616,0.14943849410589027,0.15559434348476686,4.42,0.69588576,fair,Weather not posted; Projected order,110 last game; 61.9% ideal AA; 12% barrels; xSLG 0.476,1.3342958064107866,1.1470911596289641,0.97,1.0315340473092351,1,0.8596380000000001,97,97 air · LHB,19,403,.478,0,46,10,12,91.2,44.6,0.209,40.6
66,605137,Josh Bell,MIN,ATH,False,4,DH,S,projected,preview,Gage Jump,L,0.99,52% hard · 40% break,0.14628287465353013,0.14921373099312996,0.15522841394500167,4.22,0.69588576,fair,Weather not posted; Projected order,100.7 last game; 22.2% pull air; 77.8% ideal AA; 117 air,1.1509648151701226,0.882331149484267,1.17,0.9892096349983939,1,1.202158257575758,117,117 air · switch,17,517,.424,1,42,10,9.9,89.8,41.8,0.189,40.9
67,694208,Moisés Ballesteros,LAA,CLE,True,4,DH,L,projected,preview,Gavin Williams,R,1.45,49% hard · 51% break,0.14626742807672788,0.1491970366734744,0.15521098629008181,4.22,0.69588576,fair,Weather not posted; Projected order,14.6% vs break; 18.2% pull air; 13.6% barrels last 7; Air starter,1.0081919155961527,1.2520093720730678,0.85,1.0792362187026256,1,1.22,85,85 air · LHB,6,253,.332,0,44,10,9.1,90.8,47.5,0.144,36.2
68,666182,Bo Bichette,NYM,MIL,True,2,3B,R,projected,preview,Kyle Harrison,L,1.19,60% hard · 31% break,0.14619403040747275,0.1491177100907497,0.15525887951961398,4.42,0.69588576,fair,Weather not posted; Projected order,14.3% vs LHP last 7; 10.4% vs hard; 106.2 last game; 5× 100+ last 3,0.8771535653958416,1.088138340021037,0.97,1.18676507118881,1,1.19377,97,97 air · RHB,14,561,.395,3,41,10,6.4,89.6,41.6,0.137,26.4
69,545361,Mike Trout,LAA,CLE,True,2,CF,R,projected,preview,Gavin Williams,R,1.45,49% hard · 51% break,0.1452978198508435,0.1481491054799945,0.1542464961962861,4.42,0.69588576,fair,Weather not posted; Projected order,13.2% vs FF; 15.7% barrels; 8.2% solid; xSLG 0.490,1.4603970031292905,1.3180195703345745,0.85,0.9392911988058241,1,0.8439989726731045,85,85 air · RHB,20,504,.433,0,43,10,15.7,89.8,45.6,0.238,36.7
70,807712,Luke Keaschall,MIN,ATH,False,1,RF,R,projected,preview,Gage Jump,L,0.99,52% hard · 40% break,0.14521451416517736,0.14805907053157585,0.15421262467005398,4.52,0.69588576,fair,Weather not posted; Projected order,25% vs LHP last 7; 10.4% vs FF; 105.8 last game; 4× 100+ last 3,0.726850372028161,1.008134713559359,1.17,1.2585644722728735,1,1.159,117,117 air · RHB,8,490,.387,2,45,10,3.7,85.2,29.6,0.117,38.9
71,802139,JJ Wetherholt,STL,BAL,True,1,SS,L,projected,preview,Chris Bassitt,R,0.94,64% hard · 30% break,0.1444813709229505,0.14726670547906429,0.1533844711520686,4.52,0.69588576,fair,Weather not posted; Projected order,12.6% vs SI; 102 last game; 4× 100+ last 3; 26.3% pull air,1.0882451595751201,0.9984262793897547,0.87,1.0744406157955262,1,1.22,87,87 air · LHB,17,571,.377,1,46,10,7.6,89.9,44.9,0.182,37
72,671976,Tristan Peters,CWS,TEX,True,8,CF,L,projected,preview,Jacob deGrom,R,1.21,44% hard · 43% break,0.14445731105994827,0.14724070210958184,0.15275819676965988,3.68,0.69588576,fair,Weather not posted; Projected order,13.3% vs RHP last 7; 22.2% vs FF; 102 last game; 33.3% pull air,0.89785206151199,1.1997405723084527,1.1,1.1861681420409065,1,1.22,110,110 air · LHB,10,391,.444,,,,5.6,87.4,32,0.13,51.9
73,663886,Tyler Stephenson,CIN,SF,False,4,DH,R,projected,preview,Adrian Houser,R,1.25,67% hard · 17% break,0.14441252721267767,0.14719230071480605,0.1531199348120671,4.22,0.69588576,fair,Weather not posted; Projected order,11.8% vs SI; 101.7 last game; 25% pull air; 12.5% barrels,1.2658174867343337,1.15514870169277,0.87,1.1742530707594754,1,0.924,87,87 air · RHB,12,371,.409,1,37,10,12.5,91.1,45.4,0.205,35.4
74,690993,Colt Keith,DET,TB,True,1,DH,L,projected,preview,Ian Seymour,L,1.6,42% hard · 30% off,0.1443578472777892,0.1471332038467129,0.15324499410840753,4.52,0.69588576,fair,Weather not posted; Projected order,10.4% vs hard; 36.4% pull air; 18.2% barrels last 7; Air starter,0.9662794404083318,1.2021283255989912,0.97,0.9,1,1.22,97,97 air · LHB,9,375,.415,,,,7.3,89.1,42.3,0.155,38
75,624424,Michael Conforto,CHC,AZ,False,8,DH,L,projected,preview,Brandon Pfaadt,R,1.01,55% hard · 29% break,0.14226333661488177,0.14486950290014244,0.150302514548027,3.68,0.69588576,fair,Weather not posted; Projected order,110.9 last game; 60% pull air; Platoon,1.332305894467758,0.92570482456797,1.07,1.204930324970074,1,1.0488459770114942,107,107 air · LHB,12,236,.473,,,,11.6,90.8,42.8,0.196,46.4
76,695734,Daylen Lile,WSH,COL,True,4,LF,L,projected,preview,,,,,0.14171351007790634,0.1462375648722105,0.1500834710108135,4.22,0.4175314559999999,thin,No established starter; Weather not posted; Projected order,105.2 last game; 4× 100+ last 3; 31.8% pull air; 68.2% ideal AA,1.0655289216402584,1,1.05,1,1,1.22,105,105 air · LHB,16,544,.411,1,44,10,8.5,88.5,36.8,0.17,41.7
77,592626,Joc Pederson,TEX,CWS,False,1,DH,L,projected,preview,Anthony Kay,L,1.13,57% hard · 29% break,0.14095307425216172,0.14371172933618703,0.1494066443722741,4.52,0.656496,fair,Weather not posted; Projected order,77.8% ideal AA; 8.5% solid; 92.3 EV; 110 air,1.4199630186362497,0.9641161123908655,1.1,0.9575530779767341,1,0.8240000000000001,110,110 air · LHB,22,391,.475,,,,10.9,92.3,50.8,0.198,41.5
78,624413,Pete Alonso,BAL,STL,False,2,1B,R,projected,preview,,,,,0.1401948953345229,0.1445023138658077,0.14849769816092614,4.42,0.4175314559999999,thin,No established starter; Weather not posted; Projected order,102.5 last game; 5× 100+ last 3; 68.4% ideal AA; 13.9% barrels,1.5690625062542236,1,0.87,1,1,0.910365297907129,87,87 air · RHB,30,567,.500,4,43,10,13.9,94.1,56.5,0.262,34.1
79,680574,Matt McLain,CIN,SF,False,6,2B,R,projected,preview,Adrian Houser,R,1.25,67% hard · 17% break,0.13941485554759042,0.14179092736337973,0.14733203697655323,3.96,0.69588576,fair,Weather not posted; Projected order,15.4% vs RHP last 7; 78.9% ideal AA; 15.8% barrels last 7,1.1228413575336778,0.9970352384241263,0.87,1.2048936512328423,1,1.22,87,87 air · RHB,13,402,.354,2,39,10,10.4,88,37.4,0.164,37
80,668804,Bryan Reynolds,PIT,SD,False,3,LF,S,projected,preview,Michael King,R,1.09,47% hard · 28% off,0.13904824155660608,0.1413946990447016,0.14715217553599821,4.32,0.69588576,fair,Weather not posted; Projected order,16.7% vs RHP last 7; 12.6% vs hard; 65% ideal AA; #3,1.0860084905383949,1.152344531454573,0.85,1.197136109320203,1,0.9749197860962568,85,85 air · switch,15,579,.424,0,44,10,11,90.5,46,0.182,39
81,694673,Abimelec Ortiz,WSH,COL,True,2,1B,L,projected,preview,,,,,0.1385778369644488,0.14346350932605245,0.14668147883994534,4.42,0.3,thin,Short season sample; No established starter; Weather not posted; Projected order,57.9% ideal AA; 75.4 bat; 12.2% barrels; 8.2% solid,1.455063184791187,1,1.05,1,1,0.8034,105,105 air · LHB,5,70,.470,1,39,10,12.2,90.4,40.8,0.258,46.9
82,575929,Willson Contreras,BOS,MIA,False,4,1B,R,projected,preview,,,,,0.13821562312650879,0.14224069082687318,0.14615907908405146,4.22,0.4175314559999999,thin,No established starter; Weather not posted; Projected order,76.5% ideal AA; 77.1 bat; 14% barrels; xSLG 0.495,1.5054429921104946,1,0.92,1,1,0.939815668202765,92,92 air · RHB,26,496,.528,2,45,10,14,89.9,44.7,0.237,48.8
83,669016,Brandon Marsh,PHI,SEA,False,7,LF,L,projected,preview,George Kirby,R,1.09,53% hard · 40% break,0.13791718708416,0.1401722803073604,0.1455582253500141,3.82,0.69588576,fair,Weather not posted; Projected order,15.4% vs RHP last 7; 13.3% barrels last 7; 8.6% solid,1.114041267015845,0.8963954668150219,0.97,1.3237524779060175,1,1.159,97,97 air · LHB,17,493,.434,,,,8.6,89.4,44.4,0.157,37.6
84,664728,Kyle Isbel,KC,TOR,False,9,CF,L,projected,preview,Max Scherzer,R,2.4,51% hard · 33% break,0.13625696687671482,0.13868080459691856,0.1434990838658414,3.55,0.6416066707199999,fair,Weather not posted; Projected order,25% vs RHP last 7; 16.3% vs FF; 106.6 last game; 4× 100+ last 3,0.7482656535397172,1.353741196139855,0.99,1.3950533105559482,1,1.1712,99,99 air · LHB,6,239,.370,,,,3.5,89,34.9,0.093,32
85,672386,Alejandro Kirk,TOR,KC,True,3,C,R,projected,preview,Seth Lugo,R,0.99,52% hard · 39% break,0.13537880342291575,0.1374288512103028,0.1430420083010558,4.32,0.69588576,fair,Weather not posted; Projected order,12.5% vs RHP last 7; 16.3% vs FF; #3,0.8168574383164076,1.0269110489629258,0.99,1.2286246920262731,1,1.159,99,99 air · RHB,7,220,.424,3,46,10,3.6,87.9,38.5,0.104,24.9
86,518692,Freddie Freeman,LAD,ATL,False,2,1B,L,projected,preview,Bryce Elder,R,1.44,65% hard · 24% break,0.1350749322572567,0.13710043395393845,0.14275617621632739,4.42,0.69588576,fair,Weather not posted; Projected order,107.3 last game; 20–30° last 5; 8.1% solid; xSLG 0.485,1.062519446427459,1.0590873611444844,1.1,0.9916527676842168,1,0.9252513953488372,110,110 air · LHB,15,545,.463,0,43,10,8.6,89.8,42.2,0.186,33.1
87,814430,Brett Callahan,DET,TB,True,5,LF,L,projected,preview,Ian Seymour,L,1.6,42% hard · 30% off,0.13498060602947132,0.13886791565368994,0.14246917161493192,4.1,0.3630084480000001,thin,Short season sample; Weather not posted; Projected order,11.1% vs FF; 101.2 last game; xSLG 0.497; Air starter,1.0677799044627667,1.2608545394134711,0.97,0.9,1,1.11264,97,97 air · LHB,1,22,.579,,,,7.1,89.5,50,0.2,35.7
88,620443,Luis Torrens,NYM,MIL,True,9,C,R,projected,preview,Kyle Harrison,L,1.19,60% hard · 31% break,0.13419114476642477,0.1363471511118568,0.1412060217735524,3.55,0.656496,fair,Weather not posted; Projected order,11.1% vs hard; 101.6 last game; 22.2% barrels last 7,0.9625095551576627,1.1084136237910933,0.97,1.3272101231227915,1,1.159,97,97 air · RHB,8,235,.408,,,,6,88.2,40.4,0.139,30.4
89,662139,Daulton Varsho,HOU,NYY,False,5,CF,L,projected,preview,Will Warren,R,1.4,63% hard · 24% break,0.13373197837457843,0.1356489990057872,0.14107662194299284,4.1,0.69588576,fair,Weather not posted; Projected order,9.8% vs FF; 104.7 last game; 66.7% ideal AA; 127 air,0.8246774045222517,1.0943613106335814,1.27,1.0180036347822488,1,1.0767925098925948,127,127 air · LHB,9,436,.362,1,38,10,6.1,86.9,37.6,0.121,37.3
90,668904,Royce Lewis,MIN,ATH,False,6,1B,R,projected,preview,Gage Jump,L,0.99,52% hard · 40% break,0.13348878569091763,0.13538616171498163,0.14071913541973152,3.96,0.69588576,fair,Weather not posted; Projected order,16.7% vs LHP last 7; 109.6 last game; 19.0% pull air; 76.2% ideal AA,1.1821851738271063,0.8397301732384577,1.17,1.24233197267416,1,0.9169472000000002,117,117 air · RHB,13,396,.404,0,39,10,11.5,89.9,41.4,0.169,47.5
91,683737,Michael Busch,CHC,AZ,False,3,1B,L,projected,preview,Brandon Pfaadt,R,1.01,55% hard · 29% break,0.13294184449269691,0.1347950397264156,0.14031975296425328,4.32,0.69588576,fair,Weather not posted; Projected order,11.1% vs FF; 102.7 last game; 36.4% pull air; 63.6% ideal AA,1.0704430491856392,1.0323645021084908,1.07,0.7930962375949178,1,1.22,107,107 air · LHB,16,584,.393,2,43,10,9,88.3,39.7,0.168,38.6
92,693307,Dillon Dingler,DET,TB,True,4,C,R,projected,preview,Ian Seymour,L,1.6,42% hard · 30% off,0.13243713656709155,0.13424956252777076,0.13970255086176095,4.22,0.69588576,fair,Weather not posted; Projected order,36.4% pull air; 63.6% ideal AA; 8.8% solid; xSLG 0.483,1.3770485230317133,1.0862006026326165,0.97,0.9484173509845883,1,0.85696,97,97 air · RHB,26,513,.483,0,42,10,10.3,88.6,42.5,0.211,41.9
93,676475,Alec Burleson,STL,BAL,True,4,1B,L,projected,preview,Chris Bassitt,R,0.94,64% hard · 30% break,0.13131758675174948,0.13303957777018316,0.13845543117355974,4.22,0.69588576,fair,Weather not posted; Projected order,9.3% vs hard; 104.5 last game; 4× 100+ last 3; 60% ideal AA,1.2983790371437411,0.9046829733610875,0.87,1.275017022304613,1,0.8911560000000001,87,87 air · LHB,21,553,.488,2,41,10,11.3,92.2,49.8,0.238,48.5
94,679529,Spencer Torkelson,DET,TB,True,7,1B,R,projected,preview,Ian Seymour,L,1.6,42% hard · 30% off,0.13101882802836073,0.13289210550407515,0.13788379559783143,3.82,0.656496,fair,Weather not posted; Projected order,12.5% barrels; Air starter,1.2757059220007707,1.24145104081885,0.97,0.8833619788878181,1,1,97,97 air · RHB,20,510,.406,,,,12.5,89.4,41.3,0.184,46.5
95,665862,Jazz Chisholm Jr.,NYY,HOU,True,7,2B,L,projected,preview,Ethan Pecko,R,0,71% hard · 21% break,0.1309455639057747,0.13393352955746518,0.1378025309610118,3.82,0.4175314559999999,thin,No established starter; Weather not posted; Projected order,11.1% vs FF; 35.3% pull air; 82.4% ideal AA; 127 air,1.1568181614279425,1,1.27,1.0734022173981645,1,0.8720243566509607,127,127 air · LHB,18,474,.397,1,35,10,8.9,90.7,41.8,0.154,53.2
96,677649,Ezequiel Duran,TEX,CWS,False,5,3B,R,projected,preview,Anthony Kay,L,1.13,57% hard · 29% break,0.13042858583811368,0.13207876518262351,0.13739977129244038,4.1,0.69588576,fair,Weather not posted; Projected order,16.7% vs LHP last 7; 104.2 last game; 23.5% pull air; 76.5% ideal AA,0.930501010904027,0.9119284958129753,1.14,1.1450590979217672,1,1.083870107526882,114,114 air · RHB,14,472,.447,1,41,10,6.3,88.8,37.2,0.13,38.1
97,666160,Mickey Moniak,COL,WSH,False,2,RF,L,projected,preview,Andrew Alvarez,L,0.45,43% hard · 53% break,0.12968562503208403,0.13127578952360275,0.136740951393958,4.42,0.69588576,fair,Weather not posted; Projected order,104.7 last game; 4× 100+ last 3; 35.3% pull air; 58.8% ideal AA,1.3919831533202578,0.701947262817938,1.05,1.1091402525379999,1,0.9268022400000002,105,105 air · LHB,21,348,.530,2,42,10,10.2,89.6,42.4,0.19,47
98,677800,Wilyer Abreu,BOS,MIA,False,3,RF,L,projected,preview,,,,,0.12827835343148725,0.13088583119949737,0.1351266543612166,4.32,0.4175314559999999,thin,No established starter; Weather not posted; Projected order,109.9 last game; 58.8% ideal AA; 12.8% barrels; xSLG 0.485,1.3414498010618185,1,0.92,1,1,0.8816800000000001,92,92 air · LHB,22,559,.465,1,46,10,12.8,89.9,44.4,0.226,36.6
99,701398,Sal Stewart,CIN,SF,False,2,1B,R,projected,preview,Adrian Houser,R,1.25,67% hard · 17% break,0.12581858120047607,0.12709637380752847,0.1324425222516609,4.42,0.69588576,fair,Weather not posted; Projected order,60.9% ideal AA; 12.8% barrels; xSLG 0.470; #2,1.3723503726760042,0.9967486886316166,0.87,0.9881875528409463,1,0.8487200000000001,87,87 air · RHB,27,572,.470,1,44,10,12.8,90.1,38.8,0.215,33.1
100,701807,Carson Benge,NYM,MIL,True,3,RF,L,projected,preview,Kyle Harrison,L,1.19,60% hard · 31% break,0.12526474986610686,0.1264978051117207,0.13178215797097426,4.32,0.69588576,fair,Weather not posted; Projected order,16.7% vs LHP last 7; #3,1.0115387094925794,0.9957139752145789,0.97,1.218116725542714,1,0.862763440860215,97,97 air · LHB,16,516,.428,3,40,10,7.5,89.3,41,0.162,32.2
101,686611,Dylan Crews,WSH,COL,True,3,RF,R,projected,preview,,,,,0.12473030643290327,0.1268316415823597,0.1311899575705984,4.32,0.4175314559999999,thin,No established starter; Weather not posted; Projected order,70.6% ideal AA; 8.7% solid; #3,1.157342617281487,1,1.05,1,1,0.8487200000000001,105,105 air · RHB,10,327,.358,,,,10.1,90.6,43.8,0.186,33.3
102,695491,Joshua Báez,STL,BAL,True,5,LF,R,projected,preview,Chris Bassitt,R,0.94,64% hard · 30% break,0.12433939150866664,0.1263560002522518,0.13064976068294504,4.1,0.42614035200000006,thin,Short season sample; Weather not posted; Projected order,12.6% vs SI; 78.3 bat; 21.7% barrels; 17.4% solid,1.8480922826316784,0.9829542781957732,0.87,0.9,1,0.7828,87,87 air · RHB,4,41,.472,4,41,10,21.7,95.2,56.5,0.321,26.1
103,622761,Jorge Mateo,TB,DET,False,6,2B,R,projected,preview,Jackson Jobe,R,1.29,55% hard · 33% break,0.12426769760275355,0.12634161672496858,0.13049622966132401,3.96,0.40605401088000004,thin,Starter sample thin; Weather not posted; Projected order,Air starter,1.0788452659068828,1.1236522880401827,0.97,1.0003539165738902,1,1,97,97 air · RHB,5,154,.389,,,,10,88.9,42,0.177,40
104,695731,Braden Montgomery,CWS,TEX,True,5,RF,S,projected,preview,Jacob deGrom,R,1.21,44% hard · 43% break,0.1242301016675299,0.12537958014969786,0.13052893505667373,4.1,0.69588576,fair,Weather not posted; Projected order,18.8% pull air; 62.5% ideal AA; 9.4% solid; 112 air,0.8340473011912373,1.063409858544723,1.12,0.9067317279504628,1,1.22,112,112 air · switch,5,260,.374,1,38,10,4.1,89.1,41.2,0.131,36.5
105,679845,Nick Loftin,KC,TOR,False,1,3B,R,projected,preview,Max Scherzer,R,2.4,51% hard · 33% break,0.1241977025055679,0.1255083233032711,0.1306883558806468,4.52,0.6416066707199999,fair,Weather not posted; Projected order,9.8% vs FF; 104.8 last game; 21.4% pull air; 71.4% ideal AA,0.7789583374311055,1.2761232619984841,0.99,0.7853226253447385,1,1.22,99,99 air · RHB,6,332,.387,1,40,10,4.2,87.1,28.9,0.108,46.4
106,660670,Ronald Acuña Jr.,ATL,LAD,True,2,RF,R,projected,preview,Tyler Glasnow,R,1.13,54% hard · 46% break,0.12357653219387324,0.12494019570075476,0.12995709686583987,4.42,0.60402883968,fair,Weather not posted; Projected order,115.2 last game; 75.9 bat; 12.4% barrels; 8.3% solid,1.3083386272934732,0.9404473955186446,1.07,0.9055288758833924,1,0.8132,107,107 air · RHB,13,348,.409,1,43,10,12.4,90.1,45,0.219,36.7
107,682998,Corbin Carroll,AZ,CHC,True,2,RF,L,projected,preview,Clay Holmes,R,0.52,58% hard · 27% break,0.1233500632302844,0.12443236164707616,0.12970631816466144,4.42,0.69449398848,fair,Weather not posted; Projected order,5× 100+ last 3; 23.5% pull air; 70.6% ideal AA; 75.4 bat,1.2035406462627711,0.7374273770929743,1.07,0.9025829096988249,1,1.123262623655914,107,107 air · LHB,18,556,.490,0,44,10,12,91.8,48.9,0.196,43.9
108,806367,Turner Hill,SF,CIN,True,4,LF,L,projected,preview,Brady Singer,R,1.71,59% hard · 41% break,0.12237586627929525,0.12436310291342123,0.12853858548756153,4.22,0.3424608,thin,Short season sample; Weather not posted; Projected order,16.7% vs RHP last 7; 10.4% vs hard; 104.2 last game; 8.3% solid,0.8805031446540881,1.237147032127061,0.78,1.21846637348493,1,1,78,78 air · LHB,0,19,.467,,,,8.3,87.4,33.3,0.155,50
109,660688,Keibert Ruiz,WSH,COL,True,6,C,S,projected,preview,,,,,0.12180736474102898,0.12349173096014276,0.12778220174466373,3.96,0.4175314559999999,thin,No established starter; Weather not posted; Projected order,108.7 last game; 35.3% pull air; 64.7% ideal AA,0.8833992040536851,1,1.05,1,1,1.22,105,105 air · switch,8,300,.444,1,39,10,4.8,88.2,37.3,0.119,58.6
110,661388,William Contreras,MIL,NYM,False,3,C,R,projected,preview,Zac Thornton,L,1.07,66% hard · 30% break,0.12130602511079312,0.12235308923773391,0.12740219634914154,4.32,0.6402148991999999,fair,Weather not posted; Projected order,103.8 last game; 5× 100+ last 3; 9.5% solid; Air starter,1.0239490071869135,1.0250157807914744,0.97,0.7811853035759357,1,1.22,97,97 air · RHB,12,522,.390,1,46,10,8,90.2,44.1,0.178,36.6
111,643217,Andrew Benintendi,CWS,TEX,True,4,DH,L,projected,preview,Jacob deGrom,R,1.21,44% hard · 43% break,0.12088004501300413,0.1217589127765426,0.12688717536256644,4.22,0.69588576,fair,Weather not posted; Projected order,107 last game; 25% pull air; 62.5% ideal AA; 110 air,1.0975164877734855,0.9717405723084526,1.1,0.928465968243799,1,0.9169472000000002,110,110 air · LHB,13,393,.419,1,36,10,8.4,89,44.2,0.161,50.8
112,691781,Brady House,WSH,COL,True,5,3B,R,projected,preview,,,,,0.1208455701437527,0.12239273264595674,0.1267927894783567,4.1,0.4175314559999999,thin,No established starter; Weather not posted; Projected order,102.2 last game; 61.5% ideal AA,1.1553871010164412,1,1.05,1,1,0.869489134709931,105,105 air · RHB,9,265,.393,1,36,10,11.3,89.6,46.7,0.181,33.7
113,694376,Shay Whitcomb,SF,CIN,True,7,3B,R,projected,preview,Brady Singer,R,1.71,59% hard · 41% break,0.12048218938939648,0.12216535162550635,0.12624812611629785,3.82,0.3424608,thin,Short season sample; Weather not posted; Projected order,14.3% barrels; 14.3% solid; xISO 0.244; Air starter,1.2332975391972238,1.2182035597230851,0.87,0.9,1,1,87,87 air · RHB,2,27,.346,,,,14.3,89.4,42.9,0.244,21.4
114,687952,Christian Encarnacion-Strand,BAL,STL,False,7,3B,R,projected,preview,,,,,0.12010116183028711,0.12173697421867857,0.12582928754366518,3.82,0.33681899519999997,thin,No established starter; Weather not posted; Projected order,25% pull air; 62.5% ideal AA; 17.1% barrels; xISO 0.271,1.5685069128247617,1,0.87,1,1,0.85696,87,87 air · RHB,6,104,.458,2,39,10,17.1,91.8,40,0.271,41.4
115,676572,Eric Wagaman,NYM,MIL,True,5,1B,R,projected,preview,Kyle Harrison,L,1.19,60% hard · 31% break,0.11992465986301035,0.12137674875620919,0.12577808962026354,4.1,0.4020192,thin,Short season sample; Weather not posted; Projected order,Platoon,0.890975920623579,1.0053339995716222,0.97,1.1970046654151945,1,1,97,97 air · RHB,2,50,.333,,,,5.9,84.5,26.5,0.132,38.2
116,694671,Wyatt Langford,TEX,CWS,False,3,LF,R,projected,preview,Anthony Kay,L,1.13,57% hard · 29% break,0.11910258538248533,0.11983787359571985,0.12497086067963045,4.32,0.69588576,fair,Weather not posted; Projected order,103 last game; 30.4% pull air; 60.9% ideal AA; 114 air,1.1290123264146652,0.8908812786736058,1.14,0.9078658089502716,1,0.8998080000000002,114,114 air · RHB,15,343,.462,2,45,10,7.2,89.4,39.7,0.158,43.5
117,687637,Dylan Beavers,BAL,STL,False,6,LF,L,projected,preview,,,,,0.11864852699492384,0.11993054475121101,0.12430596358736837,3.96,0.3938975999999999,thin,No established starter; Weather not posted; Projected order,44.4% pull air; 55.6% ideal AA; 44.4% barrels last 7; 9% solid,1.01460597901383,1,0.87,1,1,1.22,87,87 air · LHB,6,247,.382,,,,7.7,88.9,40.4,0.15,41.7
118,701785,Kaelen Culpepper,MIN,ATH,False,7,SS,R,projected,preview,Gage Jump,L,0.99,52% hard · 40% break,0.11834849815718858,0.11952258245284475,0.12390442206081903,3.82,0.42614035200000006,thin,Short season sample; Weather not posted; Projected order,12.6% vs FF; 25% pull air; 70% ideal AA; 10.5% solid,1.0230682574052186,1.0427548611403614,1.17,0.8865000000000001,1,1.0245246187363837,117,117 air · RHB,2,55,.480,1,38,10,5.4,89,34.2,0.15,42.1
119,607043,Brandon Nimmo,TEX,CWS,False,4,RF,L,projected,preview,Anthony Kay,L,1.13,57% hard · 29% break,0.11832345163282228,0.11899580301672885,0.12406961328853928,4.22,0.69588576,fair,Weather not posted; Projected order,107.8 last game; 8.6% solid; 92.2 EV; xSLG 0.474,1.1049493473142007,0.9259064066934364,1.1,0.9972222928844146,1,0.8560000000000001,110,110 air · LHB,13,533,.416,0,44,10,10.3,92.2,50.8,0.193,31.4
120,596019,Francisco Lindor,NYM,MIL,True,1,SS,S,projected,preview,Kyle Harrison,L,1.19,60% hard · 31% break,0.11814965684813518,0.11880796944511118,0.12400026194138296,4.52,0.69588576,fair,Weather not posted; Projected order,107.6 last game; 77.8% ideal AA; xSLG 0.453; #1,1.1884993232256,0.9197337997001355,0.97,0.9188591622884508,1,0.8816800000000001,97,97 air · switch,12,322,.418,1,43,10,9.3,91.1,47.8,0.203,47.3
121,696285,Jacob Young,WSH,COL,True,7,CF,R,projected,preview,,,,,0.11787443519801095,0.11899775381592759,0.12338426712295127,3.82,0.4175314559999999,thin,No established starter; Weather not posted; Projected order,104 last game; 20% pull air; 66.7% ideal AA; 13.3% barrels last 7,0.8783996612445444,1,1.05,1,1,1.22,105,105 air · RHB,10,398,.395,0,39,10,6.5,88,32.2,0.134,38.6
122,571912,Luke Maile,KC,TOR,False,8,C,R,projected,preview,Max Scherzer,R,2.4,51% hard · 33% break,0.11727313025923448,0.1184883694115143,0.1226490122475207,3.68,0.31574885760000004,thin,Short season sample; Weather not posted; Projected order,Air starter,1.0235523344554331,1.299630280199793,0.99,0.9,1,1,99,99 air · RHB,1,29,.321,,,,5.9,81.7,17.6,0.059,35.3
123,605141,Mookie Betts,LAD,ATL,False,3,SS,R,projected,preview,Bryce Elder,R,1.44,65% hard · 24% break,0.11720680587510122,0.11778895690059199,0.12288274341212121,4.32,0.69588576,fair,Weather not posted; Projected order,57.9% ideal AA; #3,1.086602346344836,0.955283765309956,1.07,0.9600695644280173,1,0.8531313131313132,107,107 air · RHB,16,395,.407,1,41,10,7.5,90.1,38.1,0.153,38.1
124,622268,Donovan Walton,ATH,MIN,True,6,SS,L,projected,preview,Taj Bradley,R,1.22,71% hard · 9% break,0.11711692682002128,0.1176918175994347,0.12262381957496103,3.96,0.69588576,fair,Weather not posted; Projected order,Air starter; 117 air,0.8548293636163067,1.08934726846971,1.17,0.857243206961151,1,1.1168478260869565,117,117 air · LHB,4,184,.443,,,,4.6,87.7,34.6,0.124,46.9
125,592885,Christian Yelich,MIL,NYM,False,6,DH,L,projected,preview,Zac Thornton,L,1.07,66% hard · 30% break,0.11646105402817092,0.1170594197516528,0.12190414680337415,3.96,0.6402148991999999,fair,Weather not posted; Projected order,102.6 last game; 4× 100+ last 3; 68.8% ideal AA; 12.5% barrels last 7,1.0038897042900572,1.0665362339018785,0.97,0.8157926616551507,1,1.22,97,97 air · LHB,9,397,.374,2,41,10,10.1,89.1,44,0.157,33.9
126,701358,Cam Smith,HOU,NYY,False,8,RF,R,projected,preview,Will Warren,R,1.4,63% hard · 24% break,0.11642658602941021,0.11694571249295926,0.12172228783141416,3.68,0.69588576,fair,Weather not posted; Projected order,23.1% pull air; 61.5% ideal AA; 77.7 bat,1.1945305434736708,0.9567760184053024,1.09,1.033499393227138,1,0.9004289855072465,109,109 air · RHB,17,467,.388,,,,11.5,89.3,44.5,0.189,39
127,668939,Adley Rutschman,BOS,MIA,False,5,C,S,projected,preview,,,,,0.1164037818743866,0.11731730611119695,0.12190601629053426,4.1,0.4175314559999999,thin,No established starter; Weather not posted; Projected order,105.6 last game; 25% pull air; 56.3% ideal AA,0.9945796589588314,1,0.92,1,1,1.0730004206572772,92,92 air · switch,9,331,.406,1,38,10,7.1,88.8,41.1,0.161,36.9
128,657041,Lane Thomas,ATL,LAD,True,6,LF,R,projected,preview,Tyler Glasnow,R,1.13,54% hard · 46% break,0.11584970533028417,0.11648115854741647,0.12123368869660056,3.96,0.5698385279999999,fair,Weather not posted; Projected order,102.3 last game,0.9722082033169518,1.034924850740921,1.07,0.9521059830991316,1,1,107,107 air · RHB,11,356,.397,,,,6.7,89.7,42.4,0.132,44.2
129,681297,Colton Cowser,BAL,STL,False,8,CF,L,projected,preview,,,,,0.11552319952054499,0.11634193314547459,0.12073405025901354,3.68,0.3938975999999999,thin,No established starter; Weather not posted; Projected order,22.2% pull air; 8.4% solid,1.2740790360000545,1,0.87,1,1,1.0367701863354037,87,87 air · LHB,12,310,.372,,,,11.2,87.3,38.8,0.204,37.1
130,672569,Gustavo Campero,LAA,CLE,True,6,LF,S,projected,preview,Gavin Williams,R,1.45,49% hard · 51% break,0.11491571388311632,0.11570504745306232,0.12021006129775547,3.96,0.3424608,thin,Short season sample; Weather not posted; Projected order,14.3% solid; Air starter,0.9271523178807948,1.2485993861922493,0.85,1.03,1,1,85,85 air · switch,0,11,.400,,,,0,88.7,28.6,0.046,28.6
131,673548,Seiya Suzuki,CHC,AZ,False,2,RF,R,projected,preview,Brandon Pfaadt,R,1.01,55% hard · 29% break,0.11451165524472007,0.1148760975195493,0.11995809697038126,4.42,0.69588576,fair,Weather not posted; Projected order,100.7 last game; #2,1.2151530193133606,0.863993377197579,1.07,0.9281490529515695,1,0.8064,107,107 air · RHB,22,503,.478,2,47,10,10.4,88.4,38.5,0.176,42.4
132,657757,Gavin Sheets,SD,PIT,True,7,DH,L,projected,preview,Paul Skenes,R,0.91,52% hard · 23% break,0.1144663731418408,0.1148644332141463,0.11965090901483497,3.82,0.656496,fair,Weather not posted; Projected order,Platoon,1.0348408564245535,0.9021649535476308,0.84,1.3516390309482502,1,1,84,84 air · LHB,16,405,.393,,,,7.1,87.5,39.3,0.15,38.6
133,686765,Nick Sogard,BOS,MIA,False,1,SS,S,projected,preview,,,,,0.11428266390703651,0.1149068086518702,0.11974273444366156,4.52,0.40444593408,thin,No established starter; Weather not posted; Projected order,33.3% pull air; 61.1% ideal AA; #1,0.7232424927721157,1,0.92,1,1,1.22,92,92 air · switch,2,155,.417,2,47,10,4.8,86.3,26.9,0.104,46.2
134,572233,Christian Walker,HOU,NYY,False,6,1B,R,projected,preview,Will Warren,R,1.4,63% hard · 24% break,0.1142099712014406,0.11455004405683311,0.11943712331230477,3.96,0.69588576,fair,Weather not posted; Projected order,,1.1902023116164382,0.9567760184053024,1.09,0.9742829320291675,1,0.8240000000000001,109,109 air · RHB,23,517,.438,1,37,10,9,89.2,41.1,0.157,42.6
135,641355,Cody Bellinger,NYY,HOU,True,4,LF,L,projected,preview,Ethan Pecko,R,0,71% hard · 21% break,0.1139376098622419,0.11452130298867702,0.11925056595347898,4.22,0.3938975999999999,thin,No established starter; Weather not posted; Projected order,103.5 last game; 127 air,0.9144587568716157,1,1.27,0.9228990251598397,1,0.84,127,127 air · LHB,11,438,.418,0,39,10,6.2,89.1,37.4,0.14,42.1
136,664040,Brandon Lowe,PIT,SD,False,6,2B,L,projected,preview,Michael King,R,1.09,47% hard · 28% off,0.11374876546834853,0.11405158306875918,0.11893225384155759,3.96,0.69588576,fair,Weather not posted; Projected order,,1.3833958566695352,1.0119207592208188,0.84,1.0515,1,0.8,84,84 air · LHB,27,545,.475,2,45,10,11.9,91.2,46.3,0.191,47.2
137,676609,José Caballero,NYY,HOU,True,9,3B,R,projected,preview,Ethan Pecko,R,0,71% hard · 21% break,0.11356681760788731,0.11407563792641184,0.11852571416488904,3.55,0.4175314559999999,thin,No established starter; Weather not posted; Projected order,,0.8394986191144136,1,1.09,1.0542623748502966,1,1.22,109,109 air · RHB,12,377,.374,,,,4.3,83.9,25.5,0.11,43.4
138,664034,Ty France,SD,PIT,True,4,1B,R,projected,preview,Paul Skenes,R,0.91,52% hard · 23% break,0.11301403429650152,0.1132575018169234,0.11823808635603138,4.22,0.69588576,fair,Weather not posted; Projected order,10.4% vs FF; 25% pull air; 92.1 EV,1.2348860608516226,1.0034608551690087,0.85,1.0341473056537103,1,0.8112,85,85 air · RHB,18,383,.510,1,44,10,10,92.1,49,0.183,38.7
139,677950,Alek Thomas,LAD,ATL,False,8,CF,L,projected,preview,Bryce Elder,R,1.44,65% hard · 24% break,0.11209554829378655,0.11232364902605252,0.11699112730455864,3.68,0.565750656,fair,Weather not posted; Projected order,107.4 last game; 10.4% solid; 110 air,1.013526893783304,1.0556541446875143,1.1,0.9202375715852321,1,1,110,110 air · LHB,2,107,.337,,,,8,89.7,42.9,0.153,31.2
140,681508,Mickey Gasper,BOS,MIA,False,8,DH,S,projected,preview,,,,,0.11186041228766778,0.11213604952418732,0.1167347496827953,3.68,0.394218565632,thin,No established starter; Weather not posted; Projected order,104.8 last game; 61.5% ideal AA; 23.1% barrels last 7,0.9622291136049818,1,0.92,1,1,1.22,92,92 air · switch,3,144,.421,,,,7.5,88.9,37.7,0.159,43.4
141,801501,Nate Furman,SF,CIN,True,6,2B,L,projected,preview,Brady Singer,R,1.71,59% hard · 41% break,0.1116322909322933,0.11189439366231646,0.11661792152034323,3.96,0.3424608,thin,Short season sample; Weather not posted; Projected order,Air starter; Platoon,0.9333333333333333,1.2182035597230851,0.78,1.08,1,1,78,78 air · LHB,0,10,.000,,,,0,75.4,0,0.026,40
142,664983,Jake McCarthy,COL,WSH,False,1,CF,L,projected,preview,Andrew Alvarez,L,0.45,43% hard · 53% break,0.11124123520421646,0.11134149964307227,0.1164043047403894,4.52,0.69588576,fair,Weather not posted; Projected order,104.1 last game; #1,0.8531271456120474,0.8308595819097826,1.05,0.8476036723876832,1,1.22,105,105 air · LHB,13,456,.482,0,44,10,5.1,85,27.4,0.131,37.6
143,666176,Jo Adell,CLE,LAA,False,3,DH,R,projected,preview,Walbert Ureña,R,0.56,52% hard · 15% break,0.11051007742983394,0.11055128044043305,0.11553407029815169,4.32,0.69588576,fair,Weather not posted; Projected order,109.9 last game; 6× 100+ last 3; 31.3% pull air; 68.8% ideal AA,1.2369108875742256,0.7199913863447508,0.85,0.8849032264624576,1,1.22,85,85 air · RHB,20,530,.412,2,37,10,10,90.5,45.7,0.197,38.4
144,592518,Manny Machado,SD,PIT,True,3,3B,R,projected,preview,Paul Skenes,R,0.91,52% hard · 23% break,0.11047326707942452,0.11051149662527227,0.11549379404107436,4.32,0.69588576,fair,Weather not posted; Projected order,101.3 last game; 81.3% ideal AA; #3,1.2442043542238868,0.926212785606465,0.85,1.005859859068124,1,0.8289292857142857,85,85 air · RHB,24,551,.407,1,46,10,9.8,90.7,45.1,0.182,41.8
145,699393,Pedro Ramírez,CHC,AZ,False,7,2B,S,projected,preview,Brandon Pfaadt,R,1.01,55% hard · 29% break,0.11040421879064116,0.1104368707570702,0.1152148564747147,3.82,0.69588576,fair,Weather not posted; Projected order,10.4% vs FF; 108.2 last game; 5× 100+ last 3,0.7475966951040864,1.0297113203574506,1.07,0.9871445280495414,1,1.22,107,107 air · switch,3,171,.439,1,42,10,4,89.5,43.2,0.096,37.6
146,686797,Brooks Lee,MIN,ATH,False,8,3B,S,projected,preview,Gage Jump,L,0.99,52% hard · 40% break,0.11021407338065962,0.11023136579011827,0.11494106781454776,3.68,0.69588576,fair,Weather not posted; Projected order,11.8% vs FF; 65% ideal AA; 117 air,0.9441581700579177,0.9724776938998252,1.17,0.8006136950220644,1,1.22,117,117 air · switch,20,504,.431,3,38,10,3.9,87.9,32.9,0.11,43
147,665923,Esteury Ruiz,MIA,BOS,True,8,RF,R,projected,preview,Payton Tolle,L,0.98,88% hard · 9% break,0.11008467922982808,0.1100922261631625,0.11480019570718503,3.68,0.656496,fair,Weather not posted; Projected order,Platoon,1.0024462690478162,0.9248016366539429,0.92,1.227642627690331,1,1,92,92 air · RHB,6,190,.433,,,,8.1,85.7,28.3,0.127,57.6
148,642215,Weston Wilson,SEA,PHI,True,8,3B,R,projected,preview,Aaron Nola,R,2.04,50% hard · 34% break,0.10977163981318645,0.10974839786314394,0.11445944969868578,3.68,0.597912192,fair,Weather not posted; Projected order,8.1% solid; Air starter,0.9350803525114353,1.3301302280413774,0.98,0.8545021126408427,1,1,98,98 air · RHB,4,129,.342,,,,5.5,84.9,33.8,0.106,44.6
149,650333,Luis Arraez,PHI,SEA,False,4,2B,L,projected,preview,George Kirby,R,1.09,53% hard · 40% break,0.10926016299209373,0.1092004004731203,0.1141311254047091,4.22,0.69588576,fair,Weather not posted; Projected order,16.7% vs RHP last 7; 16.3% vs break; 20–30° last 5; 68.4% ideal AA,0.6021445176694368,1.044550950415434,0.97,1.1162245602273946,1,1.22,97,97 air · LHB,6,545,.442,1,39,10,1.2,86.6,19.8,0.092,30.6
150,664774,LaMonte Wade Jr.,HOU,NYY,False,7,LF,L,projected,preview,Will Warren,R,1.4,63% hard · 24% break,0.1086531342559373,0.10850826877172415,0.1133072061700867,3.82,0.5715982079999999,fair,Weather not posted; Projected order,10.3% solid; 127 air,0.8003416928303069,1.0582514548647177,1.27,0.8952661044727543,1,1,127,127 air · LHB,2,111,.330,,,,2.9,86.7,35.3,0.093,35.3
151,683002,Gunnar Henderson,BAL,STL,False,3,SS,L,projected,preview,,,,,0.10845395847830143,0.10823340967934314,0.11328631572592848,4.32,0.4175314559999999,thin,No established starter; Weather not posted; Projected order,102.5 last game; 75% ideal AA; #3,1.047557760880814,1,0.87,1,1,0.8652000000000001,87,87 air · LHB,20,587,.395,1,42,10,7.1,89.8,44.9,0.154,43.7
152,665489,Vladimir Guerrero Jr.,TOR,KC,True,2,1B,R,projected,preview,Seth Lugo,R,0.99,52% hard · 39% break,0.1083386547351736,0.10819058935970238,0.11319421831184263,4.42,0.656496,fair,Weather not posted; Projected order,12.6% vs SI; 108.5 last game; 4× 100+ last 3; 76.2 bat,0.7916263215264644,1.1037111350038507,0.99,0.72,1,1.22,99,99 air · RHB,7,495,.353,1,43,10,6.9,90.1,43.3,0.117,35.9
153,650490,Yandy Díaz,TB,DET,False,1,DH,R,projected,preview,Jackson Jobe,R,1.29,55% hard · 33% break,0.10799982785251522,0.10772750588229596,0.11285614744188037,4.52,0.44536688639999994,thin,Starter sample thin; Weather not posted; Projected order,104.3 last game; Air starter; #1,1.033556805043405,1.0190443894316805,0.97,0.9134716517308916,1,0.78,97,97 air · RHB,19,560,.466,2,45,10,6.9,90.7,47.4,0.159,22.9
154,663586,Austin Riley,ATL,LAD,True,8,3B,R,projected,preview,Tyler Glasnow,R,1.13,54% hard · 46% break,0.10720888558250177,0.10692853852330275,0.11167314656319381,3.68,0.60402883968,fair,Weather not posted; Projected order,105.6 last game; 25% pull air; 58.3% ideal AA; 75.7 bat,1.2243334934954289,0.9404473955186446,1.07,0.8824696413746862,1,0.9169472000000002,107,107 air · RHB,15,520,.366,0,38,10,12.1,91.4,45.8,0.183,38.9
155,553993,Eugenio Suárez,CIN,SF,False,5,3B,R,projected,preview,Adrian Houser,R,1.25,67% hard · 17% break,0.10689917874753077,0.10664870075446797,0.11151129817982462,4.1,0.69588576,fair,Weather not posted; Projected order,63.6% ideal AA,1.2523804296649135,0.9566065370722119,0.87,0.97324759433367,1,0.8240000000000001,87,87 air · RHB,18,401,.406,0,38,10,11,88.6,35.3,0.148,49.3
156,687529,Grant McCray,SF,CIN,True,8,RF,L,projected,preview,Brady Singer,R,1.71,59% hard · 41% break,0.10576382934489623,0.10514403013334872,0.11010460547365263,3.68,0.4020192,thin,Short season sample; Weather not posted; Projected order,103.2 last game; Air starter,1.0271862230968607,1.2182035597230851,0.78,0.9929163864508531,1,1,78,78 air · LHB,1,50,.225,,,,10.3,88,27.6,0.12,34.5
157,691458,Blaze Jordan,STL,BAL,True,6,3B,R,projected,preview,Chris Bassitt,R,0.94,64% hard · 30% break,0.10495694670200753,0.10454957918026342,0.10934542961572714,3.96,0.69588576,fair,Weather not posted; Projected order,20% vs RHP last 7; 106.2 last game; 15% barrels last 7,0.8747988053549047,0.797219172860961,0.87,1.1723995202480668,1,1.200968,87,87 air · RHB,2,193,.365,1,41,10,9.6,88.2,43.9,0.149,39.5
158,666018,Jonathan Aranda,TB,DET,False,5,1B,L,projected,preview,Jackson Jobe,R,1.29,55% hard · 33% break,0.10435661438007485,0.10358827156885353,0.10874480828931886,4.1,0.44536688639999994,thin,Starter sample thin; Weather not posted; Projected order,58.8% ideal AA; Air starter,1.095803465825862,1.0025566016281278,0.97,0.9063980754669361,1,0.8240000000000001,97,97 air · LHB,16,557,.420,1,40,10,9.7,91,45.1,0.179,29.2
159,543877,Christian Vázquez,HOU,NYY,False,9,C,R,projected,preview,Will Warren,R,1.4,63% hard · 24% break,0.10413689018595533,0.10361434765706312,0.10828188503460533,3.55,0.656496,fair,Weather not posted; Projected order,16.7% vs RHP last 7,0.738044837981232,1.0582514548647177,1.09,1.175981390228724,1,1,109,109 air · RHB,7,240,.346,,,,2.3,86,23.2,0.079,32.2
160,670623,Isaac Paredes,HOU,NYY,False,3,3B,R,projected,preview,Will Warren,R,1.4,63% hard · 24% break,0.10336528770045049,0.10282934922285625,0.1077404489902696,4.32,0.69588576,fair,Weather not posted; Projected order,33.3% pull air; #3,0.917794945713023,0.9672041762841045,1.09,0.9215707235697552,1,0.8112,109,109 air · RHB,17,526,.428,2,42,10,5.2,85.9,28.1,0.124,50
161,686555,Isaac Collins,KC,TOR,False,5,LF,S,projected,preview,Max Scherzer,R,2.4,51% hard · 33% break,0.10312210312484608,0.10248718950516011,0.10740371376216935,4.1,0.6416066707199999,fair,Weather not posted; Projected order,11.8% vs FF; 103.8 last game; Air starter,0.7370088103341936,1.33739967517021,0.99,0.72,1,1.11264,99,99 air · switch,6,430,.347,0,35,10,5.8,88.8,40.3,0.093,39.2
162,664954,Brett Sullivan,COL,WSH,False,7,C,L,projected,preview,Andrew Alvarez,L,0.45,43% hard · 53% break,0.10301317439444461,0.10244879292480469,0.10718171778870957,3.82,0.69588576,fair,Weather not posted; Projected order,14.3% vs LHP last 7; 23.1% pull air; 8.7% solid,0.9845179135854679,0.701947262817938,1.05,0.9875997222488807,1,1.22,105,105 air · LHB,7,196,.422,2,37,10,4.7,86.9,32.7,0.132,52
163,669224,Austin Wells,NYY,HOU,True,8,C,L,projected,preview,Ethan Pecko,R,0,71% hard · 21% break,0.10277469854568257,0.10174398136538942,0.10686589261638028,3.68,0.4175314559999999,thin,No established starter; Weather not posted; Projected order,102.4 last game; 27.3% pull air; 8.6% solid; 127 air,0.995474382577023,1,1.27,0.8303464927071782,1,0.8736000000000002,127,127 air · LHB,8,300,.297,,,,6.5,89.1,43,0.147,49.5
164,801126,Brock Rodden,SEA,PHI,True,9,SS,S,projected,preview,Aaron Nola,R,2.04,50% hard · 34% break,0.10250925155771556,0.10134359294727435,0.10652161176926656,3.55,0.3630084480000001,thin,Short season sample; Weather not posted; Projected order,45.5% pull air; 63.6% ideal AA; 18.8% solid; Air starter,0.813953488372093,1.3301302280413774,0.98,1.03,1,0.8826688,98,98 air · switch,0,32,.357,,,,6.3,90,43.8,0.091,68.8
165,663662,Daz Cameron,TOR,KC,True,7,LF,R,projected,preview,Seth Lugo,R,0.99,52% hard · 39% break,0.10156294541534089,0.10020817771048895,0.1056112398590813,3.82,0.3424608,thin,Short season sample; Weather not posted; Projected order,106.2 last game; 16.7% barrels; xISO 0.255,1.1017856339042562,0.9714355989699885,0.99,0.9,1,0.8833837542306691,99,99 air · RHB,1,17,.500,,,,16.7,89.1,33.3,0.255,33.3
166,663993,Nathaniel Lowe,CLE,LAA,False,4,1B,L,projected,preview,Walbert Ureña,R,0.56,52% hard · 15% break,0.10141782154385648,0.10072457073680341,0.10559356521584974,4.22,0.69588576,fair,Weather not posted; Projected order,101.8 last game; 59.1% ideal AA; Platoon,1.1688088750137406,0.7795714216961991,0.85,1.0822084040180686,1,0.8652000000000001,85,85 air · LHB,14,339,.469,1,42,10,8.9,89.2,41.5,0.175,36.7
167,703607,Henry Bolte,ATH,MIN,True,1,CF,R,projected,preview,Taj Bradley,R,1.22,71% hard · 9% break,0.1010870387218695,0.10036706795560402,0.1053225803683246,4.52,0.69588576,fair,Weather not posted; Projected order,111.8 last game; 77 bat; Air starter; 117 air,0.8307935833188336,0.9827340691623135,1.17,0.7706798240909578,1,0.8776797385620915,117,117 air · RHB,6,337,.374,1,47,10,7.2,91,47.6,0.116,32.1
168,702284,Cole Young,SEA,PHI,True,7,2B,L,projected,preview,Aaron Nola,R,2.04,50% hard · 34% break,0.10085540716498793,0.10011672567573204,0.10484571365871279,3.82,0.69588576,fair,Weather not posted; Projected order,101.8 last game; 22.2% pull air; 66.7% ideal AA; Air starter,0.9120343037180716,1.1470911596289641,0.97,0.9211753069841722,1,0.8998080000000002,97,97 air · LHB,16,530,.393,2,44,10,4.5,88.7,38.5,0.131,42.6
169,678882,Ceddanne Rafaela,BOS,MIA,False,2,CF,R,projected,preview,,,,,0.10036155986877446,0.09898659912875651,0.10450701461554267,4.42,0.4175314559999999,thin,No established starter; Weather not posted; Projected order,59.1% ideal AA; #2,0.8850830186150691,1,0.92,1,1,0.8034,92,92 air · RHB,16,532,.461,0,48,10,5.6,86.4,32.6,0.114,34.1
170,687401,Joey Ortiz,MIL,NYM,False,7,SS,R,projected,preview,Zac Thornton,L,1.07,66% hard · 30% break,0.1001918305459987,0.09928348457244895,0.10412815607358934,3.82,0.6402148991999999,fair,Weather not posted; Projected order,12.6% vs FF; Air starter,0.7860411041858473,1.0942806228037076,0.97,0.8488050771249022,1,1.1712,97,97 air · RHB,7,327,.375,2,40,10,4.3,88.6,36.8,0.099,32.9
171,645277,Ozzie Albies,ATL,LAD,True,4,2B,S,projected,preview,Tyler Glasnow,R,1.13,54% hard · 46% break,0.09967270955288676,0.09863540864963771,0.10370148865414487,4.22,0.60402883968,fair,Weather not posted; Projected order,55% ideal AA,0.9403899834745589,0.9404473955186446,1.09,0.903975456419317,1,0.8034,109,109 air · switch,20,559,.418,0,40,10,4.2,86.9,27.8,0.126,45.3
172,669065,Kyle Stowers,MIA,BOS,True,3,1B,L,projected,preview,Payton Tolle,L,0.98,88% hard · 9% break,0.09944397500486667,0.09850318212004072,0.10348330112930981,4.32,0.656496,fair,Weather not posted; Projected order,104.7 last game; 75.4 bat; 8.7% solid; 92.2 EV,1.3077488564059594,0.9248016366539429,0.92,0.72,1,0.84,92,92 air · LHB,16,404,.462,1,43,10,11.3,92.2,55.4,0.2,46.8
173,671732,Lawrence Butler,ATH,MIN,True,4,RF,L,projected,preview,Taj Bradley,R,1.22,71% hard · 9% break,0.09900434204421661,0.09811613530383245,0.10297757568043997,4.22,0.69588576,fair,Weather not posted; Projected order,102.6 last game; Air starter; 117 air,0.9418714394664034,0.9827340691623135,1.17,0.8214881277061665,1,0.78,117,117 air · LHB,11,410,.363,1,42,10,7.5,89.3,45.1,0.137,34.8
174,664761,Alec Bohm,PHI,SEA,False,5,1B,R,projected,preview,George Kirby,R,1.09,53% hard · 40% break,0.09849007732307259,0.09756032933126912,0.10238418471395676,4.1,0.69588576,fair,Weather not posted; Projected order,4× 100+ last 3,0.9273531771066007,0.9657986586173696,0.98,0.8776165143704109,1,0.9342549019607844,98,98 air · RHB,14,513,.387,1,43,10,5.7,90.5,42.4,0.148,28.8
175,680776,Jarren Duran,BOS,MIA,False,7,LF,L,projected,preview,,,,,0.09841124625288868,0.09675806573705059,0.10220465247163737,3.82,0.4175314559999999,thin,No established starter; Weather not posted; Projected order,75.1 bat,1.0478843784386478,1,0.92,1,1,0.8240000000000001,92,92 air · LHB,17,516,.365,1,37,10,9.4,89.6,39.5,0.143,39.8
176,668952,Ryan Kreidler,MIN,ATH,False,9,2B,R,projected,preview,Gage Jump,L,0.99,52% hard · 40% break,0.09827159908909061,0.09722631962712869,0.10194936935577996,3.55,0.656496,fair,Weather not posted; Projected order,104 last game; 117 air,0.9641430041033557,0.8910431046263682,1.17,0.8952661044727543,1,1,117,117 air · RHB,6,223,.382,,,,7.5,87.8,35.8,0.155,42.1
177,676439,Hunter Feduccia,LAD,ATL,False,9,C,L,projected,preview,Bryce Elder,R,1.44,65% hard · 24% break,0.09812718818762803,0.0970690382797691,0.10179382848230852,3.55,0.656496,fair,Weather not posted; Projected order,110 air,0.9279674335798848,1.0556541446875143,1.1,0.8328257809990363,1,1,110,110 air · LHB,3,198,.349,,,,8.5,90.3,39.8,0.145,32.6
178,514888,Jose Altuve,HOU,NYY,False,4,2B,R,projected,preview,Will Warren,R,1.4,63% hard · 24% break,0.09807526435960622,0.09711200862578029,0.10197196627288697,4.22,0.69588576,fair,Weather not posted; Projected order,100.5 last game; 28.6% pull air; 57.1% ideal AA,0.8593318533012919,0.9567760184053024,1.09,0.8457950504747391,1,0.8998080000000002,109,109 air · RHB,14,445,.399,1,37,10,4.8,85.1,31.7,0.105,43.5
179,608348,Carson Kelly,CHC,AZ,False,9,C,R,projected,preview,Brandon Pfaadt,R,1.01,55% hard · 29% break,0.09787567241350291,0.09689629405085676,0.10152297070536637,3.55,0.69588576,fair,Weather not posted; Projected order,105.4 last game; 26.7% pull air; 66.7% ideal AA,0.8408985373440765,0.9639315492718278,1.07,0.8456157889091493,1,1.22,107,107 air · RHB,8,347,.379,1,39,10,5.6,87.2,36.7,0.137,39
180,806146,George Lombard Jr.,NYY,HOU,True,5,SS,R,projected,preview,Ethan Pecko,R,0,71% hard · 21% break,0.09783516860395322,0.09575546674935975,0.10167606249707437,4.1,0.3,thin,Short season sample; No established starter; Weather not posted; Projected order,104.7 last game,0.9014198362713667,1,1.09,0.8450784766133534,1,0.8400000000000001,109,109 air · RHB,2,66,.407,0,38,10,7.1,84.7,32.6,0.098,34.9
181,702616,Jackson Holliday,BAL,STL,False,1,2B,L,projected,preview,,,,,0.09755301421048967,0.09577740357649367,0.10148861077719178,4.52,0.4175314559999999,thin,No established starter; Weather not posted; Projected order,#1,0.8770186179058121,1,0.87,1,1,0.7828,87,87 air · LHB,6,275,.356,0,45,10,6.7,87.3,34.8,0.125,34.3
182,805367,Chase Meidroth,CWS,TEX,True,7,2B,R,projected,preview,Jacob deGrom,R,1.21,44% hard · 43% break,0.09746085348366247,0.09644796689704238,0.10117912371010426,3.82,0.69588576,fair,Weather not posted; Projected order,81.8% ideal AA; 114 air,0.7601851818286174,1.0491318464619463,1.14,0.8385498106496452,1,1.0363580246913582,114,114 air · RHB,12,530,.396,0,41,10,4.5,87.8,34.5,0.099,40.8
183,686475,Tyler Tolbert,KC,TOR,False,7,2B,R,projected,preview,Max Scherzer,R,2.4,51% hard · 33% break,0.09743386681571738,0.0960899174097457,0.10115001517690052,3.82,0.57435041682432,fair,Weather not posted; Projected order,Air starter,0.7501564330142954,1.299630280199793,0.99,1.0430041470357283,1,0.78,99,99 air · RHB,3,122,.419,,,,3.4,85.4,26.1,0.074,35.2
184,691728,Zac Veen,COL,WSH,False,8,LF,L,projected,preview,Andrew Alvarez,L,0.45,43% hard · 53% break,0.0971569482158042,0.09509469395225989,0.10080027957404344,3.68,0.3424608,thin,Short season sample; Weather not posted; Projected order,101 last game; 16.7% barrels; 8.3% solid; xISO 0.243,1.2482466002784023,0.6942103754541971,1.05,0.9,1,1,105,105 air · LHB,2,25,.500,,,,16.7,86.9,41.7,0.243,66.7
185,695681,Christian Moore,LAA,CLE,True,7,2B,R,projected,preview,Gavin Williams,R,1.45,49% hard · 51% break,0.09695963941639957,0.0948657025808588,0.10063860578806416,3.82,0.3424608,thin,Short season sample; Weather not posted; Projected order,100.5 last game; 17.6% barrels; Air starter,0.8045977011494252,1.2485993861922493,0.85,0.9,1,1,85,85 air · RHB,0,34,.188,,,,17.6,91,41.2,0.095,17.6
186,643289,Mauricio Dubón,ATL,LAD,True,7,SS,R,projected,preview,Tyler Glasnow,R,1.13,54% hard · 46% break,0.0958887257109677,0.09447135126595052,0.09948445562261668,3.82,0.60402883968,fair,Weather not posted; Projected order,,0.7419243112741176,1.053514295304951,1.07,0.8466537779558166,1,1.0778181818181818,107,107 air · RHB,10,500,.394,0,36,10,4,86.9,30.5,0.111,31.5
187,543760,Marcus Semien,NYM,MIL,True,7,2B,R,projected,preview,Kyle Harrison,L,1.19,60% hard · 31% break,0.09548169538849495,0.09430893646249483,0.09904605366546729,3.82,0.69588576,fair,Weather not posted; Projected order,75% ideal AA,0.9797815024414742,1.0053339995716222,0.97,0.9665980695281646,1,0.8240000000000001,97,97 air · RHB,14,433,.350,0,36,10,6.6,86.6,34.1,0.143,47.5
188,678011,Anthony Seigler,BOS,MIA,False,9,2B,S,projected,preview,,,,,0.09542651435806176,0.09324472035004705,0.09888829971171945,3.55,0.38769269759999997,thin,No established starter; Weather not posted; Projected order,10% solid,0.9120469873383357,1,0.92,1,1,1,92,92 air · switch,3,162,.415,,,,5.8,87.2,35,0.134,34.2
189,669003,Garrett Mitchell,MIL,NYM,False,8,CF,L,projected,preview,Zac Thornton,L,1.07,66% hard · 30% break,0.09475413811955913,0.09334220112995661,0.09821430129704906,3.68,0.6402148991999999,fair,Weather not posted; Projected order,6× 100+ last 3; 77.5 bat; 12.7% barrels; 92.9 EV,1.1030818399715316,1.0665362339018785,0.97,0.72,1,0.9661023622047245,97,97 air · LHB,9,429,.422,,,,12.7,92.9,51.7,0.185,33.5
190,676356,Jonny DeLuca,TB,DET,False,4,CF,R,projected,preview,Jackson Jobe,R,1.29,55% hard · 33% break,0.09467816009860872,0.09259210283869845,0.0983017447072764,4.22,0.44536688639999994,thin,Starter sample thin; Weather not posted; Projected order,72.2% ideal AA; Air starter,0.8420460680208177,1.0157993806060677,0.97,0.8942113222832551,1,0.8487200000000001,97,97 air · RHB,8,271,.438,,,,3.9,85.5,30,0.11,45.4
191,543807,George Springer,TOR,KC,True,4,DH,R,projected,preview,Seth Lugo,R,0.99,52% hard · 39% break,0.09447454306492832,0.09322042843597866,0.09808209147925342,4.22,0.69588576,fair,Weather not posted; Projected order,104.9 last game; 68.8% ideal AA,0.9611547329455614,0.896004919278992,0.99,0.8633431551144837,1,0.8652000000000001,99,99 air · RHB,12,419,.391,,,,6.4,88.2,37.5,0.137,41.6
192,518595,Travis d'Arnaud,LAA,CLE,True,9,C,R,projected,preview,Gavin Williams,R,1.45,49% hard · 51% break,0.0939442080637869,0.09159506588018618,0.09729620343437248,3.55,0.4020192,thin,Short season sample; Weather not posted; Projected order,12.8% barrels; Air starter,1.0432224182726049,1.2485993861922493,0.85,0.7355882352941177,1,1,85,85 air · RHB,1,63,.236,,,,12.8,87.4,30.8,0.154,23.1
193,687093,Vaughn Grissom,LAA,CLE,True,3,1B,R,projected,preview,Gavin Williams,R,1.45,49% hard · 51% break,0.0936204755311853,0.09229737107522717,0.09718726814531141,4.32,0.69588576,fair,Weather not posted; Projected order,Air starter; #3,0.8534802935901521,1.0900195703345745,0.85,0.8499447825892028,1,0.8977272727272727,85,85 air · RHB,7,345,.371,0,42,10,6.4,87.8,37.5,0.127,41.4
194,681198,TJ Rumfield,COL,WSH,False,4,1B,L,projected,preview,Andrew Alvarez,L,0.45,43% hard · 53% break,0.09326213405358943,0.09191008350663432,0.09677497691619336,4.22,0.69588576,fair,Weather not posted; Projected order,10.4% vs FF; 56.3% ideal AA,0.8197195786330378,0.8494599182212588,1.05,0.72,1,1.1814481481481482,105,105 air · LHB,13,511,.439,0,42,10,4.5,83.8,27.1,0.12,41.1
195,671155,Ivan Johnson,CIN,SF,False,9,LF,S,projected,preview,Adrian Houser,R,1.25,67% hard · 17% break,0.09274918725956849,0.08997916322467847,0.09601403265186804,3.55,0.3424608,thin,Short season sample; Weather not posted; Projected order,102.3 last game; 12.5% solid,0.89171974522293,1.0497074675965763,0.82,1.03,1,1,82,82 air · switch,0,17,.071,,,,0,83.8,25,0.052,37.5
196,668930,Brice Turang,MIL,NYM,False,2,2B,L,projected,preview,Zac Thornton,L,1.07,66% hard · 30% break,0.09242711746460185,0.09079967238735764,0.0959251853798054,4.42,0.6402148991999999,fair,Weather not posted; Projected order,66.7% ideal AA; 9.3% solid; Air starter; #2,1.0509920942596886,0.9625753637313148,0.97,0.7,1,0.8240000000000001,97,97 air · LHB,16,550,.432,0,47,10,7.6,90.3,42,0.173,28.6
197,678391,Jorbit Vivas,WSH,COL,True,8,2B,L,projected,preview,,,,,0.09178348137793622,0.08918482458449939,0.0950240902025635,3.68,0.4175314559999999,thin,No established starter; Weather not posted; Projected order,,0.5742536019470181,1,1.05,1,1,1.22,105,105 air · LHB,3,287,.320,,,,3.3,82.6,22.1,0.077,39.4
198,607208,Trea Turner,PHI,SEA,False,2,SS,R,projected,preview,George Kirby,R,1.09,53% hard · 40% break,0.09169452818506846,0.09021584964511054,0.0951357539784504,4.42,0.69588576,fair,Weather not posted; Projected order,101.8 last game; #2,0.9123940829157083,0.8832576441840382,0.98,0.8884711083236978,1,0.798,98,98 air · RHB,17,565,.387,0,45,10,6,88.6,40,0.121,33.8
199,571448,Nolan Arenado,AZ,CHC,True,6,3B,R,projected,preview,Clay Holmes,R,0.52,58% hard · 27% break,0.0915854247792042,0.09009254304047587,0.09489883011805948,3.96,0.69449398848,fair,Weather not posted; Projected order,53.8% pull air; 61.5% ideal AA,1.0626256135149423,0.7219988056644029,1.07,0.9462380134582324,1,0.85696,107,107 air · RHB,21,480,.439,3,42,10,6.7,85,31.7,0.126,48
200,691011,Drew Romo,CWS,TEX,True,9,C,S,projected,preview,Jacob deGrom,R,1.21,44% hard · 43% break,0.09149568533971426,0.089846510808676,0.09467041883228763,3.55,0.656496,fair,Weather not posted; Projected order,112 air,0.9524596205542151,0.987169143737024,1.12,0.9361214975456493,1,0.8,112,112 air · switch,7,184,.307,,,,6.5,84.2,26.8,0.111,38.2
201,672640,Otto Lopez,MIA,BOS,True,1,SS,R,projected,preview,Payton Tolle,L,0.98,88% hard · 9% break,0.09013730228830936,0.08853283422821867,0.09348135646989746,4.52,0.69588576,fair,Weather not posted; Projected order,104.3 last game; heart vs in-zone; #1,0.8008638787173076,0.8944180045505064,0.92,0.7391483761172314,1,1.07481024,92,92 air · RHB,9,556,.446,0,45,10,6.2,89,40.8,0.139,31.8
202,663656,Kyle Tucker,LAD,ATL,False,6,RF,L,projected,preview,Bryce Elder,R,1.44,65% hard · 24% break,0.08965679785442987,0.08801351562981419,0.09282828117203604,3.96,0.69588576,fair,Weather not posted; Projected order,104.3 last game; 4× 100+ last 3; 62.5% ideal AA; 110 air,0.8488414359172624,0.9549579012812599,1.1,0.8056833944239084,1,0.8911560000000001,110,110 air · LHB,11,506,.363,0,42,10,5.7,89,38.1,0.125,43
203,694203,Denzer Guzman,LAA,CLE,True,8,3B,R,projected,preview,Gavin Williams,R,1.45,49% hard · 51% break,0.08964948407466589,0.08800561105789295,0.09273706125386609,3.68,0.69588576,fair,Weather not posted; Projected order,35.7% pull air; 14.3% barrels last 7; Air starter,0.8612158717616302,1.1508453400545107,0.85,0.7,1,1.22,85,85 air · RHB,6,207,.356,,,,6.3,86.8,33.1,0.107,43
204,596146,Max Kepler,AZ,CHC,True,5,LF,L,projected,preview,Clay Holmes,R,0.52,58% hard · 27% break,0.0892444002441823,0.08711327337803065,0.09242306009619511,4.1,0.5937984391679999,fair,Weather not posted; Projected order,106.4 last game,0.9158682198719903,0.7228554366634328,1.07,0.8404967522344627,1,1,107,107 air · LHB,2,127,.333,,,,8,89.3,42,0.136,42
205,803011,Sam Antonacci,CWS,TEX,True,1,LF,L,projected,preview,Jacob deGrom,R,1.21,44% hard · 43% break,0.08914168674351623,0.0874567948978483,0.09241019557801976,4.52,0.69588576,fair,Weather not posted; Projected order,110 air; #1,0.7861806487832534,0.9717405723084526,1.1,0.7825442706328938,1,0.78,110,110 air · LHB,8,443,.386,0,40,10,5.4,87.4,33.5,0.12,33.8
206,621493,Taylor Ward,SEA,PHI,True,5,DH,R,projected,preview,Aaron Nola,R,2.04,50% hard · 34% break,0.08819377338926235,0.08625031997287291,0.09129597853037053,4.1,0.656496,fair,Weather not posted; Projected order,Air starter,0.7427679423309218,1.3301302280413774,0.98,0.72,1,0.84,98,98 air · RHB,7,558,.329,0,42,10,5.6,88.8,37.7,0.124,31.9
207,593428,Xander Bogaerts,SD,PIT,True,6,SS,R,projected,preview,Paul Skenes,R,0.91,52% hard · 23% break,0.08778763651196925,0.08599336726048212,0.09082470014115965,3.96,0.69588576,fair,Weather not posted; Projected order,102.8 last game,0.8393592530325531,0.8475154674833415,0.85,1.0078646367798034,1,1.0105819672131149,85,85 air · RHB,11,498,.326,1,39,10,6.1,89,41,0.129,44.2
208,683766,Christian Koss,SF,CIN,True,9,SS,R,projected,preview,Brady Singer,R,1.71,59% hard · 41% break,0.08603670337867234,0.08361521764011004,0.08883447965704795,3.55,0.60124529664,fair,Weather not posted; Projected order,14.3% vs RHP last 7; 57.1% ideal AA; Air starter,0.6368888495565506,1.0687424918061597,0.87,0.9875997222488807,1,1.1962169312169313,87,87 air · RHB,0,108,.262,,,,5.4,84.7,27.6,0.072,42.1
209,624431,Jose Trevino,CIN,SF,False,8,C,R,projected,preview,Adrian Houser,R,1.25,67% hard · 17% break,0.08575597189384421,0.08333887031220344,0.0885743808372402,3.68,0.6074437017600001,fair,Weather not posted; Projected order,80% ideal AA; Platoon,0.7534618836550118,1.0497074675965763,0.87,1.1587423316647036,1,0.8240000000000001,87,87 air · RHB,4,112,.367,,,,2.2,85.9,29.7,0.079,31.9
210,669242,Tommy Edman,LAD,ATL,False,5,2B,S,projected,preview,Bryce Elder,R,1.44,65% hard · 24% break,0.08527405211781106,0.08327674066453905,0.08816893518425321,4.1,0.69588576,fair,Weather not posted; Projected order,40% pull air; 70% ideal AA,0.8001253871448646,1.0556541446875143,1.09,0.7,1,0.85696,109,109 air · switch,4,203,.400,1,38,10,5.7,88,35.7,0.108,42.9
211,683734,Andrew Vaughn,MIL,NYM,False,5,1B,R,projected,preview,Zac Thornton,L,1.07,66% hard · 30% break,0.08497599723221698,0.0826584952495264,0.0878501408933247,4.1,0.6402148991999999,fair,Weather not posted; Projected order,58.3% ideal AA; Air starter,0.8067698194969023,0.9625753637313148,0.97,0.8787926616551508,1,0.8240000000000001,97,97 air · RHB,5,275,.456,0,36,10,5.6,90,43.4,0.122,35.4
212,666152,David Hamilton,MIL,NYM,False,9,3B,L,projected,preview,Zac Thornton,L,1.07,66% hard · 30% break,0.08458838784761662,0.08223498890928482,0.08729035830239716,3.55,0.6402148991999999,fair,Weather not posted; Projected order,100.7 last game; 27.3% pull air; Air starter,0.6530389678163214,1.0665362339018785,0.97,0.825600213749369,1,1.22,97,97 air · LHB,4,315,.336,,,,3.8,86.6,27.8,0.089,32.4
213,641680,Jonah Heim,ATH,MIN,True,9,C,S,projected,preview,Taj Bradley,R,1.22,71% hard · 9% break,0.08431171688199834,0.08223666995838019,0.08699558526616226,3.55,0.69588576,fair,Weather not posted; Projected order,20–30° last 5; 80% ideal AA; Air starter; 117 air,0.9961999006600664,0.9827340691623135,1.17,0.7,1,0.8487200000000001,117,117 air · switch,11,306,.378,0,37,10,6.7,87.7,32.1,0.143,40.2
214,663743,Nick Fortes,TB,DET,False,7,C,R,projected,preview,Jackson Jobe,R,1.29,55% hard · 33% break,0.08414691562334206,0.08047481994440919,0.08689573326033342,3.82,0.42015743999999994,thin,Starter sample thin; Weather not posted; Projected order,100.8 last game; Air starter,0.6551794067466684,1.1236522880401827,0.97,0.817822471456221,1,1,97,97 air · RHB,4,281,.363,,,,2.2,85.2,34.5,0.087,51.3
215,647304,Josh Naylor,SEA,PHI,True,4,1B,L,projected,preview,Aaron Nola,R,2.04,50% hard · 34% break,0.0834239003851778,0.0812771374624015,0.08621726287546963,4.22,0.69588576,fair,Weather not posted; Projected order,101.9 last game; Air starter,0.7542048132101886,1.1470911596289641,0.97,0.7484480877881747,1,0.8064,97,97 air · LHB,10,527,.372,0,45,10,4.6,87.4,36.9,0.117,41.9
216,807727,Charles McAdoo,TOR,KC,True,8,2B,R,projected,preview,Seth Lugo,R,0.99,52% hard · 39% break,0.08262261171426082,0.07877241482409436,0.08523376921241192,3.68,0.42614035200000006,thin,Short season sample; Weather not posted; Projected order,104.5 last game,0.9039630522055871,0.9714355989699885,0.99,0.8191541928872037,1,0.8400000000000001,99,99 air · RHB,2,69,.375,0,37,10,6.7,86.9,33.3,0.118,13.3
217,678662,Ezequiel Tovar,COL,WSH,False,9,SS,R,projected,preview,Andrew Alvarez,L,0.45,43% hard · 53% break,0.08254964662229101,0.0801031672746566,0.08511972566365264,3.55,0.656496,fair,Weather not posted; Projected order,104.8 last game; 25% pull air; 75% ideal AA; 25% barrels last 7,0.9069547239237932,0.6942103754541971,1.05,0.8076417916932167,1,1.22,105,105 air · RHB,10,429,.339,,,,6.8,87.4,33.7,0.145,37.8
218,666126,Carlos Cortes,ATH,MIN,True,8,DH,L,projected,preview,Taj Bradley,R,1.22,71% hard · 9% break,0.08202385273886434,0.07976399683326563,0.08459635219954932,3.68,0.69588576,fair,Weather not posted; Projected order,Air starter; 117 air,0.8530393279211845,0.9827340691623135,1.17,0.7983469742528511,1,0.78,117,117 air · LHB,7,307,.397,0,35,10,6.2,89.3,37.2,0.131,29.5
219,702332,Caleb Durbin,BOS,MIA,False,6,3B,R,projected,preview,,,,,0.08199537425119471,0.07800040614232429,0.08463531606901319,3.96,0.4175314559999999,thin,No established starter; Weather not posted; Projected order,81.0% ideal AA,0.7082624072241773,1,0.92,1,1,0.8034,92,92 air · RHB,12,474,.398,0,43,10,2.7,83.6,25.4,0.084,40.2
220,691788,Joe Mack,MIA,BOS,True,9,C,L,projected,preview,Payton Tolle,L,0.98,88% hard · 9% break,0.08167641136531517,0.07938848985681068,0.08419105834342833,3.55,0.69588576,fair,Weather not posted; Projected order,,1.1889450590452415,0.8633611456577599,0.92,0.8494600368217695,1,0.8,92,92 air · LHB,12,259,.422,,,,9.1,88.3,38.1,0.177,48.9
221,666624,Christopher Morel,NYM,MIL,True,6,DH,R,projected,preview,Kyle Harrison,L,1.19,60% hard · 31% break,0.08165407686987447,0.07750675084431147,0.0842715307722922,3.96,0.4020192,thin,Short season sample; Weather not posted; Projected order,100.3 last game; 75.9 bat,0.6651563759584518,1.0053339995716222,0.97,0.7985882352941176,1,1,97,97 air · RHB,0,78,.208,,,,2.3,88.7,41.9,0.051,51.2
222,682657,Angel Martínez,CLE,LAA,False,6,RF,S,projected,preview,Walbert Ureña,R,0.56,52% hard · 15% break,0.08125039400218388,0.07892805968318861,0.08384137987115818,3.96,0.69588576,fair,Weather not posted; Projected order,103.3 last game; 61.1% ideal AA,1.0427028948641912,0.7278155039423988,0.85,0.9566148463061119,1,0.8652000000000001,85,85 air · switch,12,327,.428,,,,7.5,87.3,35.8,0.15,45.2
223,694497,Evan Carter,TEX,CWS,False,6,CF,L,projected,preview,Anthony Kay,L,1.13,57% hard · 29% break,0.08106274463305593,0.07872525238216077,0.08364147510479805,3.96,0.69588576,fair,Weather not posted; Projected order,20% pull air; 8.8% solid; 110 air,0.8792047368642908,0.8908812786736058,1.1,0.72,1,0.85696,110,110 air · LHB,8,376,.324,,,,5.4,87.8,35.6,0.121,38.9
224,701852,Drew Cavanaugh,SF,CIN,True,5,C,L,projected,preview,Brady Singer,R,1.71,59% hard · 41% break,0.08090542541461235,0.07770077939038844,0.08350416694804232,4.1,0.559903104,fair,Weather not posted; Projected order,105.4 last game; 9.4% solid; Air starter,0.7041156906700566,1.2182035597230851,0.78,0.7355,1,1,78,78 air · LHB,0,103,.239,,,,3.2,85.2,26.6,0.098,25
225,643446,Jeff McNeil,ATH,MIN,True,2,1B,L,projected,preview,Taj Bradley,R,1.22,71% hard · 9% break,0.08031344942684919,0.07791543064308382,0.08293443311757975,4.42,0.69588576,fair,Weather not posted; Projected order,101.4 last game; Air starter; 117 air; #2,0.6105950651168669,0.9827340691623135,1.17,0.7434251048434593,1,0.8400000000000001,117,117 air · LHB,6,402,.362,2,42,10,1.8,86.8,31.4,0.093,41.5
226,665877,José Fermín,STL,BAL,True,7,CF,R,projected,preview,Chris Bassitt,R,0.94,64% hard · 30% break,0.08019367508615817,0.07778598117634261,0.08268416908566394,3.82,0.69588576,fair,Weather not posted; Projected order,18.5% vs SI; 100.4 last game; 33.3% pull air; 66.7% ideal AA,0.7440183480433502,0.9984262793897547,0.87,0.7,1,1.22,87,87 air · RHB,6,284,.375,,,,2.7,86.6,33.2,0.097,51.4
227,703601,Max Clark,DET,TB,True,8,CF,L,projected,preview,Ian Seymour,L,1.6,42% hard · 30% off,0.0795937298518782,0.07632468210238097,0.08201243570921002,3.68,0.57180287232,fair,Weather not posted; Projected order,25% pull air; Air starter,0.7202685501724767,1.085015728573195,0.97,0.9,1,0.8320000000000001,97,97 air · LHB,1,89,.366,0,35,10,1.6,85.8,38.1,0.087,36.5
228,686780,Pedro Pagés,STL,BAL,True,9,C,R,projected,preview,Chris Bassitt,R,0.94,64% hard · 30% break,0.0787823851601688,0.0760001532181177,0.08111784976902256,3.55,0.656496,fair,Weather not posted; Projected order,104.5 last game,0.831486331405926,0.7748046826417974,0.87,1.0649931837019588,1,1,87,87 air · RHB,4,191,.318,,,,4.7,86.7,38.3,0.115,38
229,602104,Ramón Urías,STL,BAL,True,8,2B,R,projected,preview,Chris Bassitt,R,0.94,64% hard · 30% break,0.07876729951188774,0.07419760562722122,0.08113483577857131,3.68,0.4020192,thin,Short season sample; Weather not posted; Projected order,103 last game,1.0916791146645355,0.792037541985364,0.87,0.72,1,1,87,87 air · RHB,2,72,.311,,,,10,89.6,38,0.185,30
230,595879,Javier Báez,DET,TB,True,9,SS,R,projected,preview,Ian Seymour,L,1.6,42% hard · 30% off,0.07821020185964492,0.07521673877083979,0.08051106135469006,3.55,0.6329975039999999,fair,Weather not posted; Projected order,103.7 last game; Air starter,0.6165677593973792,1.24145104081885,0.97,0.9799707783150456,1,0.8064,97,97 air · RHB,2,153,.363,,,,1.7,85.5,33.1,0.066,44.9
231,592663,J.T. Realmuto,PHI,SEA,False,8,C,R,projected,preview,George Kirby,R,1.09,53% hard · 40% break,0.07772234607677651,0.07511502326865704,0.08002600301049549,3.68,0.69588576,fair,Weather not posted; Projected order,102.9 last game; 33.3% pull air; 66.7% ideal AA; 8.9% solid,0.8849432185968302,0.8832576441840382,0.98,0.8019927296038025,1,0.8998080000000002,98,98 air · RHB,9,372,.359,1,39,10,4.3,89.9,40.7,0.13,43.4
232,681393,Connor Norby,COL,WSH,False,6,2B,R,projected,preview,Andrew Alvarez,L,0.45,43% hard · 53% break,0.07759818958600513,0.07498083767072272,0.07995612013472915,3.96,0.69588576,fair,Weather not posted; Projected order,104.5 last game; 20–30° last 3; 40% pull air; 60% ideal AA,0.9037567748357562,0.701947262817938,1.05,0.7864801709994953,1,0.9358003200000002,105,105 air · RHB,5,273,.349,,,,6.5,87.5,37.9,0.135,40.5
233,665750,Leody Taveras,BAL,STL,False,9,RF,S,projected,preview,,,,,0.07611183419738712,0.0712775563582938,0.07828809910526775,3.55,0.4175314559999999,thin,No established starter; Weather not posted; Projected order,103.2 last game,0.7343703316257187,1,0.87,1,1,0.8400000000000001,87,87 air · switch,7,401,.356,,,,4.2,87.9,32.2,0.109,34.1
234,667472,Dane Myers,CIN,SF,False,3,CF,R,projected,preview,Adrian Houser,R,1.25,67% hard · 17% break,0.07590249596624188,0.07314816939162061,0.0782208628678836,4.32,0.69588576,fair,Weather not posted; Projected order,#3,0.8339114804601548,1.0006662132551705,0.87,0.7,1,0.8056664201680672,87,87 air · RHB,5,258,.359,2,38,10,5.1,89.4,34.8,0.125,23
235,682663,Agustín Ramírez,MIA,BOS,True,4,DH,R,projected,preview,Payton Tolle,L,0.98,88% hard · 9% break,0.07583239453372514,0.07278724826616412,0.07812953066017031,4.22,0.656496,fair,Weather not posted; Projected order,75.7 bat,0.7005765437662647,0.9248016366539429,0.92,0.8840816277869853,1,0.8,92,92 air · RHB,2,176,.342,,,,3.5,89.4,39.8,0.076,41.6
236,805999,A.J. Ewing,NYM,MIL,True,8,CF,L,projected,preview,Kyle Harrison,L,1.19,60% hard · 31% break,0.0755267960652744,0.07274212122175072,0.07769921358046787,3.68,0.69588576,fair,Weather not posted; Projected order,58.3% ideal AA,0.8670690002669449,0.9197337997001355,0.97,0.8222545024507011,1,0.8240000000000001,97,97 air · LHB,7,371,.363,0,42,10,7.6,89.2,42.4,0.142,32.6
237,664702,Myles Straw,TOR,KC,True,9,CF,R,projected,preview,Seth Lugo,R,0.99,52% hard · 39% break,0.07528649633674545,0.07248241057307037,0.0774147489598761,3.55,0.69588576,fair,Weather not posted; Projected order,10.4% vs SI; 100.3 last game; heart vs in-zone,0.6294339184492426,1.036891937521357,0.99,0.7,1,1.22,99,99 air · RHB,3,258,.335,,,,3.4,85.7,25.5,0.1,37.7
238,703520,Brett Bateman,TOR,KC,True,1,RF,L,projected,preview,Seth Lugo,R,0.99,52% hard · 39% break,0.07401493970806063,0.06895420981730449,0.07624675934336442,4.52,0.42614035200000006,thin,Short season sample; Weather not posted; Projected order,8.3% solid; #1,0.6857188053164721,0.896004919278992,0.99,0.7095755319148938,1,0.8,99,99 air · LHB,0,65,.390,0,45,10,0,82.9,16.7,0.055,29.2
239,681082,Bryson Stott,PHI,SEA,False,6,3B,L,projected,preview,George Kirby,R,1.09,53% hard · 40% break,0.07398826583451494,0.07107931166848591,0.07612712258872838,3.96,0.69588576,fair,Weather not posted; Projected order,102.7 last game; 81.3% ideal AA,0.8260780716565818,0.8832576441840382,0.97,0.7326632094743817,1,0.8652000000000001,97,97 air · LHB,9,494,.405,1,41,10,5.9,89.2,38.3,0.131,36.9
240,687462,Spencer Horwitz,PIT,SD,False,8,1B,L,projected,preview,Michael King,R,1.09,47% hard · 28% off,0.07386490285190028,0.07094598367667282,0.075940654920157,3.68,0.69588576,fair,Weather not posted; Projected order,104.3 last game,0.9197010559689875,0.9243445314545731,0.84,0.8597621671504292,1,0.8190000000000001,84,84 air · LHB,10,362,.395,0,46,10,7,86.8,31.3,0.135,41
241,669221,Sean Murphy,ATL,LAD,True,9,C,R,projected,preview,Tyler Glasnow,R,1.13,54% hard · 46% break,0.07229014600785413,0.0662942138872128,0.0742487907610653,3.55,0.3489526656,thin,Short season sample; Weather not posted; Projected order,,0.657003100586778,0.9404473955186446,1.07,0.9,1,0.8,107,107 air · RHB,0,42,.167,0,36,10,0,82.5,26.9,0.03,50
242,595978,Austin Hedges,CLE,LAA,False,8,C,R,projected,preview,Walbert Ureña,R,0.56,52% hard · 15% break,0.07138448855385146,0.06794292807732738,0.07332023490650155,3.68,0.656496,fair,Weather not posted; Projected order,101.5 last game; 55.6% ideal AA,0.7721866615200139,0.7199876947782156,0.85,0.8118752798797699,1,1.22,85,85 air · RHB,5,199,.397,,,,4.8,86.6,32.7,0.095,49.7
243,683227,Cody Freeman,TEX,CWS,False,9,2B,R,projected,preview,Anthony Kay,L,1.13,57% hard · 29% break,0.07059478550258733,0.06505306498743835,0.0724607172089999,3.55,0.42614035200000006,thin,Short season sample; Weather not posted; Projected order,78.6% ideal AA; 114 air,0.6218988202367657,0.8908812786736058,1.14,0.8865000000000001,1,0.8240000000000001,114,114 air · RHB,0,45,.350,,,,0,84,22.6,0.034,48.4
244,608070,José Ramírez,CLE,LAA,False,2,3B,S,projected,preview,Walbert Ureña,R,0.56,52% hard · 15% break,0.07050009099830223,0.06730936920966968,0.07250726704034158,4.42,0.69588576,fair,Weather not posted; Projected order,106 last game; 60% ideal AA; 8% solid; #2,0.8962433523828304,0.7199913863447508,0.85,0.7109847082207442,1,0.8816800000000001,85,85 air · switch,10,423,.374,0,43,10,4.8,89.3,41.8,0.14,50.3
245,694377,Nick Yorke,PIT,SD,False,7,3B,R,projected,preview,Michael King,R,1.09,47% hard · 28% off,0.07013757024559678,0.06578563806716742,0.07203085345459606,3.82,0.564288768,fair,Weather not posted; Projected order,22.2% pull air; 77.8% ideal AA,0.7876922826885828,1.0119207592208188,0.85,0.72,1,0.85696,85,85 air · RHB,1,106,.281,,,,5.3,87.9,44,0.105,33.3
246,671056,Iván Herrera,STL,BAL,True,2,DH,R,projected,preview,Chris Bassitt,R,0.94,64% hard · 30% break,0.06946394705652137,0.06618952768136888,0.07141129336518649,4.42,0.69588576,fair,Weather not posted; Projected order,#2,0.8618173232820322,0.7704262793897547,0.87,0.7421824362695608,1,0.78,87,87 air · RHB,14,586,.379,1,47,10,5.7,89.2,40.2,0.127,38.6
247,683083,Nasim Nuñez,WSH,COL,True,9,SS,S,projected,preview,,,,,0.06833872609531863,0.06239558434020276,0.07008491188059275,3.55,0.4175314559999999,thin,No established starter; Weather not posted; Projected order,63.6% ideal AA,0.510515856468528,1,1.05,1,1,0.8034,105,105 air · switch,1,434,.253,0,38,10,0.3,85,22,0.048,32.3
248,808982,Jung Hoo Lee,SF,CIN,True,3,DH,L,projected,preview,Brady Singer,R,1.71,59% hard · 41% break,0.06784176400283631,0.06443630800138878,0.06968454988364495,4.32,0.69588576,fair,Weather not posted; Projected order,Air starter; #3,0.6692167644383562,1.0687424918061597,0.78,0.7597802339307816,1,0.7828,78,78 air · LHB,9,488,.424,0,42,10,2.4,87,29.5,0.092,36.6
249,690984,Petey Halpin,CLE,LAA,False,7,CF,L,projected,preview,Walbert Ureña,R,0.56,52% hard · 15% break,0.06750906606323562,0.06383913891846016,0.06926027799459951,3.82,0.66942775296,fair,Weather not posted; Projected order,20–30° last 5; 21.4% pull air; 80% ideal AA,0.8773462751961725,0.7199913863447508,0.85,0.8148795400050481,1,0.9091488640000001,85,85 air · LHB,3,152,.321,,,,6.1,85.9,26.3,0.128,34.2
250,656716,Zach McKinstry,DET,TB,True,6,RF,L,projected,preview,Ian Seymour,L,1.6,42% hard · 30% off,0.06634700650078197,0.06282080704824644,0.06805879996711725,3.96,0.69588576,fair,Weather not posted; Projected order,Air starter,0.6186812592038684,1.085015728573195,0.97,0.72,1,0.78,97,97 air · LHB,4,361,.325,,,,2.3,85.6,22.3,0.083,39.2
251,687957,Dustin Harris,SD,PIT,True,9,LF,L,projected,preview,Paul Skenes,R,0.91,52% hard · 23% break,0.06533403517985359,0.058798904272135855,0.06692714805901344,3.55,0.4020192,thin,Short season sample; Weather not posted; Projected order,,0.7005578239622888,0.9021649535476308,0.84,0.7355,1,1,84,84 air · LHB,0,57,.313,,,,0,83.8,14.3,0.064,54.8
252,694197,Angel Genao,CLE,LAA,False,5,2B,S,projected,preview,Walbert Ureña,R,0.56,52% hard · 15% break,0.06493716077662903,0.058599784777536024,0.06659477839727546,4.1,0.42614035200000006,thin,Short season sample; Weather not posted; Projected order,,0.7950548093019039,0.7216912964941034,0.85,0.79032712539963,1,0.8,85,85 air · switch,1,68,.387,0,41,10,5.6,91.7,53.7,0.098,35.2
253,669364,Xavier Edwards,MIA,BOS,True,5,2B,S,projected,preview,Payton Tolle,L,0.98,88% hard · 9% break,0.0641300722330368,0.060424793368653584,0.06574593667312943,4.1,0.69588576,fair,Weather not posted; Projected order,,0.6029373296858269,0.8882162044585425,0.92,0.8440746934109333,1,0.78,92,92 air · switch,6,554,.380,0,44,10,3.4,86.8,28.8,0.101,28.8
254,693304,Nick Gonzales,PIT,SD,False,1,DH,R,projected,preview,Michael King,R,1.09,47% hard · 28% off,0.0632387634291329,0.059461486464174484,0.06485703291596608,4.52,0.69588576,fair,Weather not posted; Projected order,#1,0.6298763945751198,0.9243445314545731,0.85,0.7,1,0.78,85,85 air · RHB,6,513,.397,0,42,10,2.6,86.1,34.1,0.101,37
255,672695,Geraldo Perdomo,AZ,CHC,True,4,SS,S,projected,preview,Clay Holmes,R,0.52,58% hard · 27% break,0.06287297190124289,0.059052352701201904,0.06443937596698747,4.22,0.69449398848,fair,Weather not posted; Projected order,,0.6459256818631263,0.7348038887330389,1.07,0.7528124375533083,1,0.78,107,107 air · switch,9,551,.370,0,44,10,3,87.5,30.2,0.091,44.5
256,676391,Ernie Clement,TOR,KC,True,6,SS,R,projected,preview,Seth Lugo,R,0.99,52% hard · 39% break,0.06278809429810929,0.058974413203314535,0.06431782250311043,3.96,0.69588576,fair,Weather not posted; Projected order,57.9% ideal AA,0.660404917382378,0.896004919278992,0.99,0.7,1,0.8034,99,99 air · RHB,9,515,.402,0,39,10,2.2,84.5,20.4,0.08,42.2
257,805300,Jakob Marsee,MIA,BOS,True,6,CF,L,projected,preview,Payton Tolle,L,0.98,88% hard · 9% break,0.06188512847536149,0.057998507649872466,0.063370352374466,3.96,0.69588576,fair,Weather not posted; Projected order,35.7% pull air,0.6891583750055081,0.8790133841985994,0.92,0.72,1,0.79872,92,92 air · LHB,8,502,.324,2,39,10,3.5,87.2,34.7,0.095,41.6
258,691594,Javier Sanoja,MIA,BOS,True,7,3B,R,projected,preview,Payton Tolle,L,0.98,88% hard · 9% break,0.061764999056948336,0.05786867442295762,0.06322574886706457,3.82,0.69588576,fair,Weather not posted; Projected order,102.5 last game; 21.1% pull air,0.6172726684986128,0.8798956445373877,0.92,0.82786464826095,1,0.8176896,92,92 air · RHB,6,363,.419,2,36,10,2.2,86.7,31,0.075,38.7
259,545121,Ildemaro Vargas,AZ,CHC,True,8,2B,S,projected,preview,Clay Holmes,R,0.52,58% hard · 27% break,0.06020063260021999,0.0561633650933705,0.061568017920582196,3.68,0.69449398848,fair,Weather not posted; Projected order,23.8% pull air,0.7375711745823558,0.7219988056644029,1.07,0.7,1,0.85696,107,107 air · switch,9,407,.407,2,40,10,3.5,87.5,35.5,0.101,40.6
260,630105,Jake Cronenworth,SD,PIT,True,2,2B,L,projected,preview,Paul Skenes,R,0.91,52% hard · 23% break,0.05915923602008329,0.055052423182249344,0.060562631100871143,4.42,0.69588576,fair,Weather not posted; Projected order,#2,0.6186301008878621,0.8475154674833415,0.84,0.7,1,0.8,84,84 air · LHB,4,310,.307,1,44,10,3.4,87.1,29.3,0.088,30.7
261,663538,Nico Hoerner,CHC,AZ,False,6,SS,R,projected,preview,Brandon Pfaadt,R,1.01,55% hard · 29% break,0.058322035587715336,0.05414759541279324,0.05963828471718708,3.96,0.69588576,fair,Weather not posted; Projected order,,0.5669727360901569,0.863993377197579,1.07,0.7,1,0.78,107,107 air · RHB,7,566,.359,0,41,10,1.1,85.9,27.9,0.074,31.1
262,814439,Ryan Waldschmidt,AZ,CHC,True,9,CF,R,projected,preview,Clay Holmes,R,0.52,58% hard · 27% break,0.05808507912603567,0.053876302305990276,0.05933880082750401,3.55,0.69449398848,fair,Weather not posted; Projected order,,0.7792990810286308,0.7219988056644029,1.07,0.72,1,0.78,107,107 air · RHB,2,235,.383,0,38,10,6.3,87.4,31.3,0.121,35.4
263,666023,Freddy Fermin,SD,PIT,True,8,C,R,projected,preview,Paul Skenes,R,0.91,52% hard · 23% break,0.05754197411891208,0.05330452217540904,0.058789244566227486,3.68,0.69588576,fair,Weather not posted; Projected order,101.5 last game; 72.7% ideal AA,0.7566945249269386,0.8475154674833415,0.85,0.7,1,0.8219400000000001,85,85 air · RHB,4,226,.317,,,,3.8,87.2,28.1,0.102,39.4
264,670764,Taylor Walls,TB,DET,False,9,SS,S,projected,preview,Jackson Jobe,R,1.29,55% hard · 33% break,0.05749139104706185,0.05034238246721634,0.05871917757313535,3.55,0.44536688639999994,thin,Starter sample thin; Weather not posted; Projected order,85.7% ideal AA; Air starter,0.5477288321041405,1.01212579779083,0.97,0.7,1,0.8034,97,97 air · switch,2,375,.290,,,,2.1,85.4,21.6,0.064,40.1
265,687859,Troy Johnston,COL,WSH,False,5,DH,L,projected,preview,Andrew Alvarez,L,0.45,43% hard · 53% break,0.05748755011599318,0.05280744190874387,0.05878071668024561,4.1,0.656496,fair,Weather not posted; Projected order,,0.6345226037168152,0.6942103754541971,1.05,0.72,1,0.78,105,105 air · LHB,3,385,.394,,,,2.2,89.6,37,0.102,37.4
266,677587,Brayan Rocchio,CLE,LAA,False,9,SS,S,projected,preview,Walbert Ureña,R,0.56,52% hard · 15% break,0.05584380602117204,0.05146917953506469,0.05700108538603559,3.55,0.69588576,fair,Weather not posted; Projected order,104.5 last game; 4× 100+ last 3; 29.4% pull air; 82.4% ideal AA,0.7338247351398439,0.7199913863447508,0.85,0.7534891700995577,1,0.9268022400000002,85,85 air · switch,10,490,.365,1,38,10,3.2,86.7,31.3,0.106,43
267,802415,Chandler Simpson,TB,DET,False,8,LF,L,projected,preview,Jackson Jobe,R,1.29,55% hard · 33% break,0.05530899906881137,0.0478628594224948,0.056459793974745626,3.68,0.44536688639999994,thin,Starter sample thin; Weather not posted; Projected order,Air starter,0.49485515537190083,1.0025566016281278,0.97,0.7,1,0.78,97,97 air · LHB,0,497,.366,0,42,10,0,83.9,13.5,0.037,29.3
268,702222,Justin Crawford,PHI,SEA,False,9,CF,L,projected,preview,George Kirby,R,1.09,53% hard · 40% break,0.05055912625806921,0.04575761415900126,0.051504742881520925,3.55,0.69588576,fair,Weather not posted; Projected order,,0.5471647872361671,0.8921390358589317,0.97,0.7,1,0.78,97,97 air · LHB,2,386,.354,,,,1.4,87.2,35.2,0.063,26.6
269,669707,Jared Triolo,PIT,SD,False,9,SS,R,projected,preview,Michael King,R,1.09,47% hard · 28% off,0.04932083262595926,0.04441929370220854,0.05022003223631169,3.55,0.69588576,fair,Weather not posted; Projected order,76.5% ideal AA,0.5433689129716672,0.9243445314545731,0.85,0.7,1,0.8240000000000001,85,85 air · RHB,2,305,.305,,,,2.4,87.2,36.6,0.073,39
270,680757,Steven Kwan,CLE,LAA,False,1,LF,L,projected,preview,Walbert Ureña,R,0.56,52% hard · 15% break,0.04889055353707312,0.04395425754934934,0.04984921625746648,4.52,0.69588576,fair,Weather not posted; Projected order,#1,0.49167795537190084,0.7199913863447508,0.85,0.7,1,0.78,85,85 air · LHB,2,507,.324,0,48,10,0.3,83.8,9.4,0.062,27.2
