rank,playerId,name,team,opponent,isHome,battingOrder,position,bats,lineupSource,gameStatus,pitcher,pitcherThrows,pitcherHr9,pitcherMixLabel,pHr,pHrRaw,xHr,expectedPa,confidence,confidenceBand,confidenceNotes,reasons,factor_batter,factor_pitcher,factor_park,factor_platoon,factor_weather,factor_form,parkHrFactor,parkAirLabel,season_hr,season_pa,season_slg,recent_hr,recent_pa,recent_games,barrelPct,evAvg,hardHitPct,xIso,pullPct
1,673357,Luis Robert Jr.,BAL,COL,False,4,LF,R,official,preview,Tomoyuki Sugano,R,1.93,51% hard · 27% break,0.16855824095128286,0.17818370267553862,0.17902957905884387,3,0.97,stable,,20% vs RHP last 10; 12.0% vs hard; trending +4 brl; 104.9 last game,1.1545345169050103,1.363998479219678,1.24,1.3807724320756074,1,1.22,124,124 air · 85°F · out LF 8 · 43° dew · RHB,10,218,.399,3,36,10,8.5,89.5,40.1,0.174,45.1
2,701398,Sal Stewart,CIN,SD,True,3,1B,R,official,live,Casey Mize,R,1.03,45% hard · 32% break,0.16824402674143357,0.17759816080511048,0.1786443707367874,3,0.97,stable,,23.8% vs RHP last 10; 12.6% vs SL; trending +5.9 brl; 107.4 last game,1.4160931016740688,1.0660285517601447,1.26,1.42,1,1.21040160364,126,126 air · 94°F · out LF 6 · 69° dew · RHB,31,606,.486,4,43,10,13.5,90.1,38.6,0.226,32
3,665487,Fernando Tatis Jr.,SD,CIN,False,1,2B,R,official,live,Brandon Williamson,L,1.36,57% hard · 18% break,0.16783668154548048,0.17871933800014883,0.18025393492917097,3,0.8935058,stable,,20% vs LHP last 10; 18.5% vs CH; trending +8.5 brl; 105.3 last game,1.2467211792824815,1.2503428239146088,1.26,1.42,1,1.22,126,126 air · 94°F · out LF 6 · 69° dew · RHB,19,608,.450,4,44,10,12.7,92.8,53.9,0.19,35
4,665742,Juan Soto,NYM,TB,False,2,DH,L,projected,preview,Griffin Jax,R,1.37,42% hard · 34% break,0.163981704878737,0.17470000816694875,0.17387837853527155,3,0.69588576,fair,Weather not posted; Projected order,22.2% vs RHP last 10; 33.3% vs break; trending +5.5 brl; 80% ideal AA,1.5768107677119345,1.1697768546602139,1.01,1.42,1,1.202156701005747,101,101 air · roof closed · LHB,22,372,.534,1,38,10,14.5,92.7,48.6,0.294,39.3
5,624413,Pete Alonso,BAL,COL,False,2,1B,R,official,preview,Tomoyuki Sugano,R,1.93,51% hard · 27% break,0.15998965435575563,0.166819605227442,0.1617022695608218,3,0.97,stable,,107.8 last game; 22.7% pull air; 59.1% ideal AA; 22.8% blast,1.541413253250473,1.2241368258155185,1.24,1.2095060393480668,1,0.9169472000000002,124,124 air · 85°F · out LF 8 · 43° dew · RHB,32,602,.499,2,43,10,13.7,94.1,56.7,0.259,34.6
6,669394,Jake Burger,TEX,ATH,True,5,1B,R,official,live,Jacob Lopez,L,1.36,58% hard · 34% break,0.1579998947174201,0.16016614273363594,0.1695842138721827,3,0.97,stable,,36.4% vs LHP last 10; 28.0% vs FF; trending +14.3 brl; 110.7 last game,1.3153648295753255,1.1414806496723802,1.08,1.42,1,1.22,108,108 air · 74°F · roof closed · RHB,23,524,.425,2,36,10,11.8,90.2,46.9,0.186,44
7,691718,Pete Crow-Armstrong,CHC,MIL,True,1,CF,L,projected,preview,Jacob Misiorowski,R,0.77,77% hard · 22% break,0.15716846721587482,0.1638154975103041,0.16775982226841912,3,0.69588576,fair,Weather not posted; Projected order,23.8% vs RHP last 10; 20.9% vs FF; 5 tanks last 10; trending +10.3 brl,1.5645606873939508,0.9969983547694853,1.07,1.42,1,1.22,107,107 air · 71° dew · LHB,38,622,.569,6,47,10,13,90.2,48.7,0.237,50.5
8,681715,Heriberto Hernández,MIA,KC,False,3,LF,R,projected,preview,Noah Cameron,L,0.9,50% hard · 29% break,0.15354608159974945,0.15990050299951764,0.16375153823361244,3,0.69588576,fair,Weather not posted; Projected order,28.6% vs LHP last 10; 25.1% vs FF; trending +11.2 brl; 108.6 last game,1.5024746712614507,1.1111616547242857,0.96,1.42,1,1.22,96,96 air · 66° dew · RHB,22,399,.460,4,44,10,13.8,91.2,47.6,0.236,47.6
9,701538,Jackson Merrill,SD,CIN,False,3,CF,L,official,live,Brandon Williamson,L,1.36,57% hard · 18% break,0.15290678308360586,0.15641738634363245,0.15928266358386745,3,0.8935058,stable,,22.2% vs LHP last 10; 9.9% vs hard; 3 tanks last 10; 4× 100+ last 3,1.2477741003683032,1.162970459091129,1.25,1.301423650387942,1,1.0858934513274336,125,125 air · 94°F · out LF 6 · 69° dew · LHB,22,575,.419,2,44,10,11.3,90.8,46.8,0.209,37.6
10,547180,Bryce Harper,PHI,AZ,False,3,DH,L,official,preview,Taylor Clarke,R,0.87,41% hard · 31% break,0.15139975271446648,0.15754036757978362,0.15651373578945527,3,0.97,stable,,18.8% vs RHP last 10; trending +3.1 brl; 101.8 last game; 28.6% pull air,1.3188767735855365,1.0158034079987908,1.06,1.42,1,1.22,106,106 air · 72°F · roof closed · LHB,27,595,.509,2,44,10,11.2,90.4,44.4,0.227,38.5
11,656941,Kyle Schwarber,PHI,AZ,False,1,1B,L,official,preview,Taylor Clarke,R,0.87,41% hard · 31% break,0.15029477227114918,0.15634671291902813,0.16101352911998956,3,0.97,stable,,17.6% vs RHP last 10; 9.8% vs break; 76.9% ideal AA; 16.7% blast,1.769279114809228,1.1183710557253073,1.06,1.42,1,0.8652000000000001,106,106 air · 72°F · roof closed · LHB,40,597,.521,3,47,10,17,92.5,49.5,0.255,54.1
12,696100,Hunter Goodman,COL,BAL,True,3,C,R,official,preview,Trevor Rogers,L,1.05,65% hard · 13% break,0.14812057025100922,0.15399803209806007,0.1577204434166558,3,0.97,stable,,12.5% vs LHP last 10; 11.0% vs FF; 81.0% ideal AA; 17.1% blast,1.7143296053369943,1.0245051534970488,1.24,1.3221325491850835,1,0.8652000000000001,124,124 air · 85°F · out LF 8 · 43° dew · RHB,36,492,.538,2,40,10,16.2,90.3,45.5,0.236,47.9
13,695578,James Wood,WSH,ATL,True,1,RF,L,official,live,Grant Holmes,R,1.3,49% hard · 45% break,0.147410670552091,0.14930094248191306,0.16587335645293377,3,0.97,stable,,24.5% blast; 39.2% sweet; 77 bat; 20.8% barrels,1.7937556657519809,1.089848927110349,1.04,1.38,1,0.9641793082181623,104,104 air · 88°F · in RF 7 · 72° dew · LHB,30,536,.534,2,43,10,20.8,95.1,57.6,0.309,32.6
14,691023,Jordan Walker,STL,LAD,False,3,RF,R,projected,preview,Yoshinobu Yamamoto,R,0.91,55% hard · 18% break,0.14574105379142557,0.15146500102256133,0.1530368434827848,3,0.69588576,fair,Weather not posted; Projected order,18.8% vs RHP last 10; 12.6% vs FF; 109.3 last game; 4× 100+ last 3,1.4200494373222665,1.0310729800009406,1.03,1.42,1,1.1572413044705883,103,103 air · 53° dew · RHB,28,577,.505,2,42,10,13.6,92.4,48.3,0.212,38.6
15,665019,Kody Clemens,MIN,DET,True,3,2B,L,projected,preview,Drew Anderson,R,1.36,42% hard · 30% off,0.14503596071973246,0.15070295197593753,0.15392802180815657,3,0.69588576,fair,Weather not posted; Projected order,28.6% vs RHP last 10; 12.6% vs FF; tank last game; trending +5.8 brl,1.4167152450944909,1.132944503256429,0.9,1.42,1,1.22,90,90 air · 65° dew · LHB,24,492,.472,3,40,10,12.4,92.5,47.1,0.215,47.1
16,608369,Corey Seager,TEX,ATH,True,2,SS,L,official,live,Jacob Lopez,L,1.36,58% hard · 34% break,0.1439251360855,0.1457245681061784,0.14781164671385605,3,0.97,stable,,15.4% vs LHP last 10; 19.8% vs SL; 108.5 last game; 5× 100+ last 3,1.3846705336485596,1.0699386775208601,1.11,1.2026449500843244,1,1.1328362226508109,111,111 air · 74°F · roof closed · LHB,13,336,.410,0,45,10,14.8,91.9,49,0.224,44.3
17,682829,Elly De La Cruz,CIN,SD,True,2,DH,S,official,live,Casey Mize,R,1.03,45% hard · 32% break,0.14043149400478,0.14213987481588497,0.1495645793306093,3,0.97,stable,,13.3% vs RHP last 10; 15.4% vs off; 106.7 last game; 66.7% ideal AA,1.3493332521499042,1.072431330374428,1.25,1.223584850676918,1,1.0319929193487316,125,125 air · 94°F · out LF 6 · 69° dew · switch,21,540,.475,0,43,10,13.9,93.9,50.9,0.198,33.6
18,663457,Lars Nootbaar,AZ,PHI,True,1,LF,L,official,preview,Andrew Painter,R,1.56,41% hard · 42% break,0.1395501561778375,0.14123492172396457,0.14659703566758697,3,0.97,stable,,16.7% vs RHP last 10; 19.8% vs FF; trending +6.2 brl; 4× 100+ last 3,1.103438196651855,1.2237957056310045,1.06,1.2657469466548001,1,1.22,106,106 air · 72°F · roof closed · LHB,6,257,.376,,,,10.5,91.7,49.4,0.199,40.1
19,646240,Rafael Devers,SF,PIT,False,2,1B,L,projected,preview,Bubba Chandler,R,0.76,55% hard · 30% break,0.138777031687312,0.1439384394689731,0.1505810435808853,3,0.69588576,fair,Weather not posted; Projected order,31.3% vs RHP last 10; 17.3% vs FF; 3 tanks last 10; trending +9.3 brl,1.4303065075476171,1.0465646293808177,0.93,1.42,1,1.22,93,93 air · 74° dew · LHB,31,593,.494,5,46,10,11.4,92.9,50.7,0.226,33.2
20,693307,Dillon Dingler,DET,MIN,False,3,C,R,projected,preview,Dean Kremer,R,2.15,58% hard · 15% break,0.13853921160722224,0.1438681958162984,0.15087059776903577,3,0.6819680448,fair,Weather not posted; Projected order,16.7% vs RHP last 10; 14.6% vs FF; 106.8 last game; 70% ideal AA,1.3291648494805233,1.2672692432693335,0.9,1.42,1,1.1265463529411766,90,90 air · 65° dew · RHB,26,539,.466,0,39,10,10.3,88.5,42.5,0.206,41.5
21,682998,Corbin Carroll,AZ,PHI,True,2,RF,L,official,preview,Andrew Painter,R,1.56,41% hard · 42% break,0.13698865619805733,0.14197278660815404,0.152536448563806,3,0.97,stable,,13.3% vs RHP last 10; 19.8% vs FF; trending +4.1 brl; 80% ideal AA,1.189997777475435,1.2237957056310045,1.06,1.2524661800513128,1,1.22,106,106 air · 72°F · roof closed · LHB,19,590,.472,1,42,10,11.9,91.7,47.8,0.191,43.6
22,621566,Matt Olson,ATL,WSH,False,3,1B,L,official,live,Brad Lord,R,0.99,61% hard · 34% break,0.13621767690046493,0.1389642960662788,0.13071624993265774,3,0.97,stable,,104 last game; 5× 100+ last 3; 22.2% pull air; 19.3% blast,1.6721056726578238,0.9046799951809877,1.04,1.2941656864813544,1,0.8998080000000002,104,104 air · 88°F · in RF 7 · 72° dew · LHB,37,606,.521,1,41,10,15.2,92.6,50.3,0.268,39.2
23,681508,Mickey Gasper,BOS,SEA,True,2,1B,S,official,preview,Bryce Miller,R,1.63,53% hard · 22% break,0.13615829152478903,0.14118960121696345,0.1426906395933032,3,0.97,stable,,35.7% vs RHP last 10; 19.8% vs FF; tank last game; trending +21.1 brl,1.193070277023268,1.232766559961804,0.83,1.42,1,1.22,83,83 air · 72°F · in RF 11 · 60° dew · switch,7,165,.500,,,,10.2,89,38.1,0.201,44.1
24,808959,Munetaka Murakami,CWS,HOU,False,2,1B,L,projected,preview,Hayden Wesneski,R,0.55,57% hard · 31% break,0.13182830479859167,0.13767810750855436,0.13317516250830597,3,0.59359055328,fair,Weather not posted; Projected order,9.3% vs hard; 106 last game; 35.7% pull air; 23.4% blast,1.7821167471653063,0.9869883225620211,1.06,1.2486804775522464,1,0.8546304000000001,106,106 air · 78° dew · pull × porch · LHB,29,452,.489,0,46,10,19.4,94.1,57.4,0.268,44
25,670541,Yordan Alvarez,HOU,CWS,True,2,DH,L,projected,preview,Davis Martin,R,0.86,58% hard · 28% break,0.1315521120810986,0.13612990564715044,0.13328258043172014,3,0.69588576,fair,Weather not posted; Projected order,109.5 last game; 4× 100+ last 3; 18.2% pull air; 22.3% blast,1.8158702335459584,0.9056959038574091,1.05,1.1921788839885257,1,0.9536250880000002,105,105 air · 78° dew · LHB,37,601,.603,1,44,10,16.7,94.5,53.5,0.334,41.4
26,680777,Ryan Jeffers,MIN,DET,True,4,C,R,projected,preview,Drew Anderson,R,1.36,42% hard · 30% off,0.13154694460992333,0.136124320758232,0.14052844132576936,3,0.69588576,fair,Weather not posted; Projected order,23.1% vs RHP last 10; 9.8% vs FF; tank last game; 20–30° last 5,1.276461216316794,1.0786690274263067,0.9,1.42,1,1.22,90,90 air · 65° dew · RHB,13,300,.510,3,40,10,11.5,88.7,40.4,0.196,37.5
27,699302,Héctor Rodríguez,CIN,SD,True,1,RF,L,official,live,Casey Mize,R,1.03,45% hard · 32% break,0.13044112424796717,0.1357131486364629,0.14353271745540608,3,0.8242560000000001,stable,,13.3% vs RHP last 10; trending +3.2 brl; 106.7 last game; 60.9% ideal AA,1.1564698155607789,0.9448479465581768,1.25,1.309130268848267,1,1.22,125,125 air · 94°F · out LF 6 · 69° dew · LHB,5,80,.493,5,43,10,9.8,88.4,33.3,0.158,41.2
28,660670,Ronald Acuña Jr.,ATL,WSH,False,2,RF,R,official,live,Brad Lord,R,0.99,61% hard · 34% break,0.13002133694353563,0.1324904887267785,0.1399630062960897,3,0.97,stable,,12.5% vs RHP last 10; 18.5% vs FF; 109.3 last game; 59.1% ideal AA,1.250221845149814,1.0655593907763758,1.07,1.1886460628762738,1,1.2093450328083992,107,107 air · 88°F · in RF 7 · 72° dew · RHB,13,380,.405,0,41,10,12.7,90.2,45.1,0.213,36.7
29,669065,Kyle Stowers,MIA,KC,False,1,DH,L,projected,preview,Noah Cameron,L,0.9,50% hard · 29% break,0.127598789688935,0.13185724196502024,0.14178703717507857,3,0.69588576,fair,Weather not posted; Projected order,25% vs LHP last 10; 19.8% vs FF; tank last game; trending +18.4 brl,1.337245477527278,1.1111616547242857,0.96,1.252265098370167,1,1.22,96,96 air · 66° dew · LHB,17,428,.463,1,37,10,12.4,92.3,55.8,0.207,46.7
30,671739,Michael Harris II,ATL,WSH,False,5,CF,L,official,live,Brad Lord,R,0.99,61% hard · 34% break,0.12741846996772488,0.12977106735079302,0.13259507031814866,3,0.97,stable,,16.7% vs RHP last 10; 8.8% vs FF; 103.9 last game; 4× 100+ last 3,1.2912107278171532,0.9670519382385185,1.04,1.42,1,1.0169936462134708,104,104 air · 88°F · in RF 7 · 72° dew · LHB,24,534,.504,4,39,10,10.9,90.5,48.6,0.194,36.5
31,596019,Francisco Lindor,NYM,TB,False,1,SS,S,projected,preview,Griffin Jax,R,1.37,42% hard · 34% break,0.12601948208703972,0.1301503611280549,0.14131793158642814,3,0.69588576,fair,Weather not posted; Projected order,13.0% vs hard; 107.7 last game; 4× 100+ last 3; 20–30° last 5,1.1950273816435382,1.1820546925274535,1.01,1.2450665549546887,1,1.22,101,101 air · roof closed · switch,15,355,.429,3,42,10,9.3,91,47.4,0.202,46.2
32,665161,Jeremy Peña,HOU,CWS,True,1,SS,R,projected,preview,Davis Martin,R,0.86,58% hard · 28% break,0.12547239387279346,0.1295590802478097,0.1363804728452781,3,0.69588576,fair,Weather not posted; Projected order,17.6% vs RHP last 10; 13.8% vs FF; trending +10.4 brl; 83.3% ideal AA,1.0860190724362546,1.0740476411803783,1.01,1.42,1,1.22,101,101 air · 78° dew · RHB,17,384,.477,3,44,10,6.3,88.4,39,0.147,46.8
33,545361,Mike Trout,LAA,NYY,True,2,CF,R,projected,preview,Cam Schlittler,R,0.77,90% hard · 10% break,0.12318157677892683,0.12708321563864733,0.134264761906569,3,0.69588576,fair,Weather not posted; Projected order,20% vs RHP last 10; 20.9% vs SI; 107.2 last game; 4× 100+ last 3,1.4087271775489636,1.0611987880396387,0.84,1.42,1,1.1147355765,84,84 air · 58° dew · RHB,20,536,.424,0,45,10,16,89.9,45.8,0.239,35.9
34,805811,Bryce Eldridge,SF,PIT,False,3,DH,L,projected,preview,Bubba Chandler,R,0.76,55% hard · 30% break,0.12315202313742908,0.12705127471448885,0.1175381281324277,3,0.69588576,fair,Weather not posted; Projected order,15.4% vs RHP last 10; 105.8 last game; 5× 100+ last 3; 14.3% barrels last 10,1.2916957750237914,0.8204646293808178,0.93,1.3195117631348392,1,1.22,93,93 air · 74° dew · LHB,15,385,.448,1,46,10,12,92.5,52.3,0.211,38.3
35,671277,Luis García Jr.,NYY,LAA,False,3,1B,L,projected,preview,Reid Detmers,L,0.99,47% hard · 43% break,0.12230495116993231,0.1261357780075043,0.12618097835722386,3,0.69588576,fair,Weather not posted; Projected order,16.7% vs LHP last 10; 12.6% vs hard; 105.1 last game; 23.3% pull air,1.4444699339890028,1.0708622881392063,0.84,1.2980076771650189,1,1.0610813450037568,84,84 air · 58° dew · LHB,28,476,.550,3,42,10,12.1,91.7,46.5,0.216,43.3
36,695506,Jac Caglianone,KC,MIA,True,3,RF,L,projected,preview,Eury Pérez,R,0.96,56% hard · 35% break,0.12046714762727807,0.12414952045685423,0.12094214451779794,3,0.69588576,fair,Weather not posted; Projected order,15.4% vs RHP last 10; 36.8% pull air; 24.1% blast; 77.2 bat,1.4588825749098362,1.0004424545063546,0.96,1.4172065935652867,1,0.8387089099445157,96,96 air · 66° dew · LHB,23,496,.496,1,41,10,14.2,93.1,54.5,0.229,45.2
37,695600,Carter Jensen,KC,MIA,True,1,C,L,projected,preview,Eury Pérez,R,0.96,56% hard · 35% break,0.12036410772055008,0.12403815719739442,0.12457937444657041,3,0.69588576,fair,Weather not posted; Projected order,15.4% vs RHP last 10; 11.8% vs FF; 101.4 last game; 20% pull air,1.1837666586208548,1.0407087404290443,0.96,1.3873888960371832,1,1.067294117647059,96,96 air · 66° dew · LHB,19,516,.412,3,44,10,10.4,91.1,44.2,0.162,39.7
38,700250,Ben Rice,NYY,LAA,False,1,DH,L,projected,preview,Reid Detmers,L,0.99,47% hard · 43% break,0.12019394891147783,0.12385425330805855,0.12641107115053907,3,0.69588576,fair,Weather not posted; Projected order,19.8% vs FF; 102.9 last game; 26.9% pull air; 92.3% ideal AA,1.6105104196101614,1.0937915623988501,0.84,1.189319576994323,1,1.0200263547945208,84,84 air · 58° dew · LHB,35,572,.519,1,45,10,14.6,92.1,48.7,0.243,46.2
39,677594,Julio Rodríguez,SEA,BOS,False,3,CF,R,official,preview,Patrick Sandoval,L,1.2,42% hard · 34% break,0.11874005743869837,0.12275604997115908,0.11742388136926118,3,0.9531414,stable,,14.3% vs LHP last 10; 17.3% vs FF; trending +3.1 brl; 12.5% barrels last 10,1.1577582011324288,1.0053592834948353,0.82,1.3219763941722986,1,1.22,82,82 air · 72°F · in RF 11 · 60° dew · RHB,20,556,.401,1,43,10,9.4,89.9,43,0.184,39.1
40,665833,Oneil Cruz,PIT,SF,True,5,CF,L,projected,preview,Landen Roupp,R,0.71,53% hard · 26% break,0.1159225990996316,0.11923787260231977,0.12062319629583479,2.8687499999999986,0.69588576,fair,Weather not posted; Projected order,20% vs RHP last 10; 14.6% vs hard; 106.4 last game; 14.3% barrels last 10,1.530803503747912,0.9554740801911479,0.93,1.42,1,0.9226204137931037,93,93 air · 74° dew · LHB,17,334,.488,2,44,10,17.4,95.4,56.1,0.239,41.7
41,641343,Jake Bauers,MIL,CHC,False,4,RF,L,projected,preview,David Peterson,L,0.95,54% hard · 33% break,0.11552792551366882,0.11881131809202183,0.10575467751686485,3,0.69588576,fair,Weather not posted; Projected order,36.4% pull air; 72.7% ideal AA; 20.9% blast; 76.6 bat,1.4403550902301547,0.8490646646236907,1.07,1.1768754768607437,1,0.86060208,107,107 air · 71° dew · LHB,23,498,.495,1,41,10,13.6,92.4,53.1,0.216,43.4
42,687263,Zach Neto,LAA,NYY,True,1,SS,R,projected,preview,Cam Schlittler,R,0.77,90% hard · 10% break,0.1153352215163739,0.11860304786031106,0.12036031917438406,3,0.69588576,fair,Weather not posted; Projected order,15.4% vs RHP last 10; 11.0% vs FF; 3 tanks last 10; 103.6 last game,1.2537963943096384,0.9799357462857322,0.84,1.3119290266905637,1,1.22,84,84 air · 58° dew · RHB,23,599,.434,2,45,10,11.7,89.6,41.3,0.195,47.7
43,668723,Ryan Vilade,TB,NYM,True,2,1B,R,projected,preview,Justin Hagenman,R,,,0.11424117778881968,0.1198560895648334,0.11890564154462901,3,0.4175314559999999,thin,No established starter; Weather not posted; Projected order,trending +10.7 brl; 105.4 last game; 4× 100+ last 3; 18.2% barrels last 10,1.1600722412735691,1,1.01,1.1717756623493052,1,1.22,101,101 air · roof closed · RHB,11,230,.481,,,,7.5,89.9,40.9,0.192,35
44,668227,Randy Arozarena,SEA,BOS,False,1,LF,R,official,preview,Patrick Sandoval,L,1.2,42% hard · 34% break,0.11392436850535584,0.11749941044883905,0.11125649672894256,3,0.9531414,stable,,14.3% vs LHP last 10; tank last game; 4× 100+ last 3; 31.8% pull air,1.1129324995113827,0.9750414186029525,0.82,1.2975300298985126,1,1.22,82,82 air · 72°F · in RF 11 · 60° dew · RHB,22,566,.468,5,45,10,7.9,90.7,41.8,0.16,35.1
45,673548,Seiya Suzuki,CHC,MIL,True,2,RF,R,projected,preview,Jacob Misiorowski,R,0.77,77% hard · 22% break,0.11387278762588085,0.11702248155390205,0.11280162764245405,3,0.69588576,fair,Weather not posted; Projected order,10.4% vs FF; 4× 100+ last 3; 25.8% pull air; 67.7% ideal AA,1.2518812939389554,0.8981246087066803,1.07,1.1448035513499915,1,1.0741925587301588,107,107 air · 71° dew · RHB,24,537,.492,2,49,10,10.5,88.5,38.7,0.182,42.6
46,671732,Lawrence Butler,ATH,TEX,False,3,DH,L,official,live,Cody Bradford,L,0.34,52% hard · 15% break,0.11381885447986553,0.11727626315587825,0.1179584343799821,3,0.6580480000000001,fair,Starter sample thin,16.7% vs LHP last 10; 107.8 last game; 5× 100+ last 3; Air starter,0.9618045883049728,1.042086573234948,1.11,1.1813195708820463,1,1.22,111,111 air · 74°F · roof closed · LHB,12,440,.372,1,44,10,7.8,89.6,46.5,0.138,34.9
47,643217,Andrew Benintendi,CWS,HOU,False,4,DH,L,projected,preview,Hayden Wesneski,R,0.55,57% hard · 31% break,0.11300851885395968,0.11692510233763131,0.12156876740360345,3,0.59359055328,fair,Weather not posted; Projected order,12.6% vs FF; 20–30° last 3; 33.3% pull air; 61.9% ideal AA,1.1016555609532812,1.0205952641628886,1.05,1.1815571018917397,1,1.22,105,105 air · 78° dew · LHB,14,413,.426,1,39,10,8.6,89,44.1,0.161,51.1
48,686948,Drake Baldwin,ATL,WSH,False,1,DH,L,official,live,Brad Lord,R,0.99,61% hard · 34% break,0.11228044520432057,0.11395517337143335,0.11301765621499826,3,0.97,stable,,107.7 last game; heart vs in-zone; 57.7% ideal AA; 19.2% blast,1.3403011162934062,0.8719612759777275,1.04,1.2824943400477622,1,0.9257640000000001,104,104 air · 88°F · in RF 7 · 72° dew · LHB,22,515,.454,1,41,10,12.7,91.8,51.6,0.217,31.1
49,665953,Andrés Chaparro,WSH,ATL,True,5,3B,R,official,live,Grant Holmes,R,1.3,49% hard · 45% break,0.11210848972273008,0.11307871712857742,0.10294982929964425,2,0.97,stable,,13.3% vs RHP last 10; 16.3% vs FF; 27.8% pull air; 57.9% ideal AA,1.4084606314889303,1.1677437130608739,1.07,1.3932704432371608,1,0.9711366534914362,107,107 air · 88°F · in RF 7 · 72° dew · RHB,9,174,.503,,,,13.8,89.6,45.9,0.224,51.4
50,691406,Junior Caminero,TB,NYM,True,3,3B,R,projected,preview,Justin Hagenman,R,,,0.11183470728921738,0.11710632674677335,0.11630477468816902,3,0.4175314559999999,thin,No established starter; Weather not posted; Projected order,103.3 last game; 20–30° last 5; 55.2% ideal AA; 25.1% blast,1.534349117936066,1,1.01,1.1109578432406773,1,0.9357138000000002,101,101 air · roof closed · RHB,37,602,.535,2,43,10,12.9,92.9,50.1,0.222,46.4
51,679822,Justin Foscue,TEX,ATH,True,6,2B,R,official,live,Jacob Lopez,L,1.36,58% hard · 34% break,0.11147286121472366,0.11242652288683064,0.11976491681984364,2.1119999999999983,0.97,stable,,15.4% vs LHP last 10; 14.6% vs FF; trending +4.6 brl; 31.6% pull air,1.3091203827278766,1.1414806496723802,1.08,1.42,1,1.22,108,108 air · 74°F · roof closed · RHB,10,201,.489,,,,11.2,89.3,40.3,0.208,47
52,668709,JJ Bleday,CIN,SD,True,4,LF,L,official,live,Casey Mize,R,1.03,45% hard · 32% break,0.10974770188349764,0.11065640249772124,0.1096531036454648,2.4571428571428555,0.97,stable,,8.8% vs FF; 105.4 last game; 25.9% pull air; 40.2% sweet,1.273234093390519,1.0528692965142818,1.25,1.1601565380132097,1,0.9747075240206948,125,125 air · 94°F · out LF 6 · 69° dew · LHB,21,465,.426,0,40,10,9.9,88.5,39.7,0.185,45.3
53,682987,Spencer Jones,NYY,LAA,False,4,RF,L,projected,preview,Reid Detmers,L,0.99,47% hard · 43% break,0.10875311240828117,0.11148924945274563,0.11389977135480067,3,0.69588576,fair,Weather not posted; Projected order,28.0% vs FF; trending +4.1 brl; 102.6 last game; 35% pull air,1.45622247064195,1.0937915623988501,0.84,0.9214167327867409,1,1.22,84,84 air · 58° dew · LHB,9,206,.451,,,,15.9,94.4,57.1,0.219,32.7
54,683002,Gunnar Henderson,BAL,COL,False,3,SS,L,official,preview,Tomoyuki Sugano,R,1.93,51% hard · 27% break,0.10835503977258859,0.11104133446594489,0.1148186317348846,3,0.97,stable,,Air starter; 13.9% K; 120 air; #3,1.0509478013005216,1.259581695678684,1.2,0.8875200361991267,1,1.050498788077301,120,120 air · 85°F · out LF 8 · 43° dew · LHB,22,618,.404,2,39,10,7.1,89.6,43.8,0.154,42.9
55,607208,Trea Turner,PHI,AZ,False,2,SS,R,official,preview,Taylor Clarke,R,0.87,41% hard · 31% break,0.1081646613332167,0.110835678236608,0.11728382248657021,3,0.97,stable,,13.3% vs RHP last 10; 9.8% vs break; trending +3.7 brl; 103.1 last game,0.9027035381448003,1.0827322877746304,1.06,1.213317323288,1,1.22,106,106 air · 72°F · roof closed · RHB,17,598,.379,0,46,10,6.3,88.3,39.3,0.123,34
56,702616,Jackson Holliday,BAL,COL,False,1,DH,L,official,preview,Tomoyuki Sugano,R,1.93,51% hard · 27% break,0.1076143059277498,0.11024115704052662,0.11594145675202217,3,0.97,stable,,101.5 last game; 63.3% ideal AA; Air starter; 13.9% K,0.8984341137992073,1.2686600191366746,1.2,1.0012871090742606,1,1.0988267984189726,120,120 air · 85°F · out LF 8 · 43° dew · LHB,7,309,.363,1,42,10,6.9,87.1,34.3,0.127,33.8
57,695657,Colson Montgomery,CWS,HOU,False,5,SS,L,projected,preview,Hayden Wesneski,R,0.55,57% hard · 31% break,0.10757187318671138,0.11092998974831614,0.11237185260705164,2.4833333333333343,0.59359055328,fair,Weather not posted; Projected order,9.8% vs FF; 102.4 last game; 31.3% pull air; 81.3% ideal AA,1.415723349109872,0.9725702264248485,1.06,1.228277124320903,1,1.1247600000000002,106,106 air · 78° dew · pull × porch · LHB,29,550,.438,3,44,10,12.5,89,42.3,0.201,49.3
58,607043,Brandon Nimmo,TEX,ATH,True,4,RF,L,official,live,Jacob Lopez,L,1.36,58% hard · 34% break,0.10676050968769774,0.1075913581761535,0.1121733329139546,3,0.97,stable,,10.4% vs SL; 110.6 last game; 4× 100+ last 3; 67.9% ideal AA,1.0919474147775108,1.0641910698227712,1.11,0.9418454851759506,1,1.1733197394957986,111,111 air · 74°F · roof closed · LHB,14,564,.428,1,45,10,10.2,92.3,50.9,0.194,32.1
59,571970,Max Muncy,LAD,STL,True,4,3B,L,projected,preview,,,,,0.10601213072484209,0.11045313712958382,0.11001638812890813,3,0.4175314559999999,thin,No established starter; Weather not posted; Projected order,23.5% pull air; 58.8% ideal AA; 16.5% blast; 13.2% barrels,1.4628536931198142,1,1.12,1,1,0.8912384000000001,112,112 air · 53° dew · pull × porch · LHB,26,476,.490,1,36,10,13.2,90.4,45.6,0.229,52.7
60,664040,Brandon Lowe,PIT,SF,True,2,2B,L,projected,preview,Landen Roupp,R,0.71,53% hard · 26% break,0.10580253133417214,0.10830032647962407,0.11444170471038884,3,0.69588576,fair,Weather not posted; Projected order,11.0% vs hard; tank last game; 4× 100+ last 3; 18.8% pull air,1.3888284457407742,0.9468832445175022,0.93,1.0515,1,1.1790372023360882,93,93 air · 74° dew · LHB,29,569,.484,3,43,10,12.1,91.1,46.1,0.192,47.6
61,695491,Joshua Báez,STL,LAD,False,5,LF,R,projected,preview,Yoshinobu Yamamoto,R,0.91,55% hard · 18% break,0.10540050905464099,0.10969262540896918,0.1054974302654822,3,0.42614035200000006,thin,Short season sample; Weather not posted; Projected order,11.8% vs FF; 104.2 last game; 28.6% pull air; 78.6% ideal AA,1.7331404242668604,0.979626075159342,1.03,0.8275364345674734,1,0.9358003200000002,103,103 air · 53° dew · RHB,6,63,.526,,,,17.1,93.6,54.3,0.287,40
62,694192,Jackson Chourio,MIL,CHC,False,1,LF,R,projected,preview,David Peterson,L,0.95,54% hard · 33% break,0.105059398378293,0.10749716476484139,0.11364277780272525,3,0.69588576,fair,Weather not posted; Projected order,15.7% vs hard; 106.9 last game; 70% ideal AA; 18.8% blast,1.3217168552478864,1.0270447745297522,1.07,1.1053866729332493,1,0.933173467230444,107,107 air · 71° dew · RHB,20,470,.476,3,46,10,12.9,91.9,47.6,0.21,29.2
63,660271,Shohei Ohtani,LAD,STL,True,1,DH,L,projected,preview,,,,,0.10413981492603236,0.10831372824504348,0.10800031625455764,3,0.4175314559999999,thin,No established starter; Weather not posted; Projected order,22.7% pull air; 21.1% blast; 38.4% sweet; 15.8% barrels,1.583608551654777,1,1.1,1,1,0.8112,110,110 air · 53° dew · LHB,30,586,.529,0,46,10,15.8,93.2,51.7,0.27,48.1
64,682985,Riley Greene,DET,MIN,False,4,LF,L,projected,preview,Dean Kremer,R,2.15,58% hard · 15% break,0.10388803985633326,0.10655480544576523,0.1174001864192541,3,0.64336608,fair,Weather not posted; Projected order,16.4% blast; 38.9% sweet; 75.6 bat; 14.5% barrels,1.3067456725282753,1.2385110168961164,0.9,1.2276022833020321,1,0.8910078295230742,90,90 air · 65° dew · LHB,16,496,.446,1,42,10,14.5,90.4,48,0.219,38.2
65,650490,Yandy Díaz,TB,NYM,True,1,DH,R,projected,preview,Justin Hagenman,R,,,0.10371880914126407,0.1078326643577715,0.10754326246264778,3,0.4175314559999999,thin,No established starter; Weather not posted; Projected order,tank last game; trending +5.9 brl; 5× 100+ last 3; 13.3% barrels last 10,1.0594968985214122,1,1.01,1.0873293201398333,1,1.20536,101,101 air · roof closed · RHB,21,592,.469,2,46,10,7.4,90.9,48,0.166,22.9
66,663886,Tyler Stephenson,CIN,SD,True,5,C,R,official,live,Casey Mize,R,1.03,45% hard · 32% break,0.10355663429222257,0.10430398346296332,0.10628592932527225,2,0.97,stable,,18.2% vs RHP last 10; 11.8% vs FF; 33.3% pull air; 66.7% ideal AA,1.279656516667836,1.0810566593831965,1.26,1.3976911095551356,1,1.0299991825396826,126,126 air · 94°F · out LF 6 · 69° dew · RHB,14,396,.425,2,40,10,12.6,91.2,45.7,0.208,35.8
67,668904,Royce Lewis,MIN,DET,True,7,1B,R,projected,preview,Drew Anderson,R,1.36,42% hard · 30% off,0.10355243147536404,0.10586846816041573,0.10939257853788942,3,0.69588576,fair,Weather not posted; Projected order,9.3% vs FF; 107.7 last game; 27.6% pull air; 79.3% ideal AA,1.1744466761314916,1.041397847217456,0.9,1.086964307562953,1,1.1735016191529992,90,90 air · 65° dew · RHB,14,424,.407,1,40,10,11.4,89.8,40.8,0.169,47.5
68,669221,Sean Murphy,ATL,WSH,False,6,C,R,official,live,Brad Lord,R,0.99,61% hard · 34% break,0.10341692127960042,0.10651724049826827,0.11075676910829568,3,0.6296400000000001,fair,Short season sample,19.8% vs FF; trending +14.8 brl; 4× 100+ last 3; 61.5% ideal AA,1.009184366741327,1.0599690452930755,1.07,1.0340555775031104,1,1.22,107,107 air · 88°F · in RF 7 · 72° dew · RHB,2,62,.373,,,,8.3,85.2,36.1,0.137,47.2
69,672960,Kazuma Okamoto,TOR,CLE,False,6,3B,R,projected,preview,Joey Cantillo,L,0.99,40% hard · 35% break,0.1034055779057696,0.10570975206009436,0.10727330995288176,2,0.69588576,fair,Weather not posted; Projected order,33.3% vs LHP last 10; 16.3% vs break; trending +7.8 brl; 100.6 last game,1.4214732504360645,1.0938930573110288,0.97,1.42,1,1.22,97,97 air · 73° dew · RHB,28,546,.444,2,39,10,13.3,90.5,43.6,0.215,50.9
70,664034,Ty France,SD,CIN,False,4,1B,R,official,live,Brandon Williamson,L,1.36,57% hard · 18% break,0.10284812962638215,0.10410645694554088,0.1088441021156095,2.9846153846153847,0.8935058,stable,,38.1% sweet; Air starter; 15.4% K; 126 air,1.2330056747332656,1.0631604463300712,1.26,1.0653567460655442,1,0.7828,126,126 air · 94°F · out LF 6 · 69° dew · RHB,20,416,.514,2,43,10,9.6,91.9,48,0.176,36.3
71,686797,Brooks Lee,MIN,DET,True,2,3B,S,projected,preview,Drew Anderson,R,1.36,42% hard · 30% off,0.10254445904995918,0.10477907378591367,0.10415629155295214,3,0.69588576,fair,Weather not posted; Projected order,18.8% pull air; 65.6% ideal AA; Platoon; #2,0.959811088620308,0.9923743349090909,0.9,1.2347028324278706,1,1.22,90,90 air · 65° dew · switch,22,534,.434,4,42,10,3.9,88.1,33.6,0.116,42.3
72,686527,Dominic Canzone,SEA,BOS,False,2,DH,L,official,preview,Patrick Sandoval,L,1.2,42% hard · 34% break,0.10234372250906772,0.10485837771588957,0.10385787283971337,3,0.9531414,stable,,12.6% vs CH; 3 tanks last 10; 21.7% pull air; 82.6% ideal AA,1.3812421584067054,1.0945777525797997,0.8,0.9223384512045687,1,1.1273431666710616,80,80 air · 72°F · in RF 11 · 60° dew · LHB,21,429,.486,2,43,10,12.3,91.1,45.1,0.218,41
73,677951,Bobby Witt Jr.,KC,MIA,True,2,SS,R,projected,preview,Eury Pérez,R,0.96,56% hard · 35% break,0.10220479011743208,0.10441196709235556,0.1017065016188361,3,0.69588576,fair,Weather not posted; Projected order,21.4% blast; 8.1% solid; 92.3 EV; xSLG 0.510,1.207138275078007,0.9832933148703213,0.96,1.0925371359236933,1,0.9958599124452784,96,96 air · 66° dew · RHB,16,531,.451,0,45,10,11.7,92.3,51,0.206,29.1
74,695734,Daylen Lile,WSH,ATL,True,6,LF,L,official,live,Grant Holmes,R,1.3,49% hard · 45% break,0.1015951611510339,0.10229139045948632,0.10523185166392546,2,0.97,stable,,19.2% vs RHP last 10; 17.3% vs FF; 4 tanks last 10; trending +7.7 brl,1.1317363064198322,1.210651802621727,1.04,1.42,1,1.22,104,104 air · 88°F · in RF 7 · 72° dew · LHB,20,579,.440,5,40,10,9,88.7,38.1,0.182,42
75,805808,Kevin McGonigle,DET,MIN,False,1,DH,L,projected,preview,Dean Kremer,R,2.15,58% hard · 15% break,0.10141569350730176,0.10363698780202146,0.1093644056159937,3,0.6819680448,fair,Weather not posted; Projected order,16.3% vs FF; trending +6.2 brl; 63.3% ideal AA; 13.3% barrels last 10,0.9586767170828959,1.2237071120109027,0.9,1.091070367349921,1,1.22,90,90 air · 65° dew · LHB,14,601,.414,1,41,10,7.1,88.2,36.9,0.173,37
76,676475,Alec Burleson,STL,LAD,False,4,1B,L,projected,preview,Yoshinobu Yamamoto,R,0.91,55% hard · 18% break,0.10040244460505571,0.10246403179908281,0.09863156771518,3,0.69588576,fair,Weather not posted; Projected order,104.9 last game; 63.0% ideal AA; 18.9% blast; 92.1 EV,1.248971816846654,0.8714238009515917,1.1,1.1355738074046535,1,0.8652000000000001,110,110 air · 53° dew · LHB,21,583,.471,0,39,10,10.9,92.1,50,0.231,48.1
77,669257,Will Smith,LAD,STL,True,5,C,R,projected,preview,,,,,0.09956763754792071,0.10322710230853305,0.1029617563088218,2.8000000000000007,0.3938975999999999,thin,No established starter; Weather not posted; Projected order,104.1 last game; 42.9% sweet; 12.9% barrels; xSLG 0.492,1.2384432115024746,1,1.03,1,1,1.14,103,103 air · 53° dew · RHB,6,206,.382,2,40,10,12.9,90.1,40.1,0.217,29.3
78,681297,Colton Cowser,BAL,COL,False,9,CF,L,official,preview,Tomoyuki Sugano,R,1.93,51% hard · 27% break,0.09938484111535548,0.1013512811262095,0.09888508568657639,2,0.97,stable,,101.6 last game; 23.8% pull air; 9.7% solid; Air starter,1.2335086008727894,1.1775353618591848,1.2,1.2535008627029807,1,1.0199775700934581,120,120 air · 85°F · out LF 8 · 43° dew · LHB,13,337,.372,2,36,10,10.7,87.9,40.3,0.202,38.3
79,677800,Wilyer Abreu,BOS,SEA,True,4,RF,L,official,preview,Bryce Miller,R,1.63,53% hard · 22% break,0.09900657353878337,0.10095540512557388,0.09411989641979335,3,0.97,stable,,105.2 last game; 20.7% pull air; 58.6% ideal AA; 12.3% barrels,1.2967273630313585,1.0298620889706165,0.8,1.038334493083056,1,0.9627945600000002,80,80 air · 72°F · in RF 11 · 60° dew · LHB,23,595,.465,1,45,10,12.3,89.8,44,0.219,36.6
80,677649,Ezequiel Duran,TEX,ATH,True,1,CF,R,official,live,Jacob Lopez,L,1.36,58% hard · 34% break,0.09879640375877018,0.09941969192443223,0.10756314663151689,3,0.97,stable,,11.8% vs SL; #1,0.9448235038759862,1.0838137796836023,1.08,0.9860687467779563,1,1.22,108,108 air · 74°F · roof closed · RHB,15,503,.446,2,43,10,6.3,89,37.8,0.131,37.5
81,663993,Nathaniel Lowe,CLE,TOR,True,5,1B,L,projected,preview,Dylan Cease,R,0.6,45% hard · 43% break,0.09838067757955905,0.10027895057203917,0.10762867337086912,3,0.69588576,fair,Weather not posted; Projected order,14.6% vs FF; 58.3% ideal AA,1.154031172453612,0.8822247552720687,0.97,1.2967862860464783,1,1.066382162679426,97,97 air · 73° dew · LHB,15,364,.459,1,43,10,8.8,89.1,41,0.17,36.5
82,687093,Vaughn Grissom,LAA,NYY,True,4,1B,R,projected,preview,Cam Schlittler,R,0.77,90% hard · 10% break,0.0982820716090696,0.10017237941311052,0.1025904862882413,3,0.69588576,fair,Weather not posted; Projected order,15.8% vs RHP last 10; 9.8% vs FF; trending +8.8 brl; 16.1% barrels last 10,0.9255858751586301,1.010631475956377,0.84,1.3125873169826845,1,1.22,84,84 air · 58° dew · RHB,9,376,.385,2,43,10,7.3,88,38.5,0.14,40.4
83,694374,Tim Tawa,AZ,PHI,True,6,1B,R,official,preview,Andrew Painter,R,1.56,41% hard · 42% break,0.09739162278140581,0.0991981078563916,0.13145739177790047,2.6999999999999993,0.97,stable,,26.7% vs RHP last 10; trending +7.9 brl; 68.2% ideal AA; 18.2% barrels last 10,1.1265358085148458,1.0594162174349435,1.06,1.42,1,1.22,106,106 air · 72°F · roof closed · RHB,9,273,.399,1,39,10,10.3,90.9,44.9,0.164,38
84,694249,Cole Carrigg,COL,BAL,True,5,CF,S,official,preview,Trevor Rogers,L,1.05,65% hard · 13% break,0.09718423760919598,0.0989740801110347,0.10687112857128878,3,0.97,stable,,9.3% vs FF; trending +3.1 brl; 20–30° last 5; 68% ideal AA,0.9120675774496355,1.0154566308245048,1.2,0.9708664638758204,1,1.22,120,120 air · 85°F · out LF 8 · 43° dew · switch,6,275,.431,1,39,10,4.9,87.4,34.2,0.132,46.2
85,678246,Miguel Vargas,CWS,HOU,False,3,3B,R,projected,preview,Hayden Wesneski,R,0.55,57% hard · 31% break,0.09691405855770316,0.0991773756241563,0.08833874042363332,3,0.59359055328,fair,Weather not posted; Projected order,26.9% pull air; 57.7% ideal AA; 17.4% blast; 41.5% sweet,1.4783829016456216,0.8426242374638858,1.01,0.9299229194216698,1,0.8355360000000001,101,101 air · 78° dew · RHB,29,601,.488,0,46,10,14,90.6,45.6,0.248,45.5
86,694673,Abimelec Ortiz,WSH,ATL,True,2,DH,L,official,live,Grant Holmes,R,1.3,49% hard · 45% break,0.09629329213214369,0.09731287537836886,0.09370109611727429,3,0.8608896000000001,stable,,40.3% sweet; 75.5 bat; 18.5% K; #2,1.2391223651338021,0.9845518026217268,1.04,1.0509391541038529,1,0.8,104,104 air · 88°F · in RF 7 · 72° dew · LHB,5,96,.407,0,36,10,9,89.9,38.8,0.204,43.3
87,682928,CJ Abrams,WSH,ATL,True,4,2B,L,official,live,Grant Holmes,R,1.3,49% hard · 45% break,0.09574791550417161,0.09629175404776635,0.09199693580608347,2.8062499999999986,0.97,stable,,104.2 last game; 63.2% ideal AA; 18.5% K,1.2945501506002506,0.9845518026217268,1.04,1.0515,1,0.8219400000000001,104,104 air · 88°F · in RF 7 · 72° dew · LHB,29,571,.505,0,42,10,9.7,89.5,40.7,0.181,43.4
88,661531,Brian Serven,ATH,TEX,False,8,C,R,official,live,Cody Bradford,L,0.34,52% hard · 15% break,0.09552240018766288,0.09864970517392002,0.09929796862636109,2,0.38016000000000005,thin,Short season sample; Starter sample thin,17.3% vs hard; trending +11.8 brl; 101.7 last game; 37.5% pull air,1.4211541848839233,1.1619012892009801,1.08,1.08,1,1.22,108,108 air · 74°F · roof closed · RHB,5,53,.519,3,36,10,13.2,87.6,31.6,0.213,36.8
89,621438,Tyrone Taylor,CHC,MIL,True,4,LF,R,projected,preview,Jacob Misiorowski,R,0.77,77% hard · 22% break,0.09459262729240324,0.09618490933722967,0.09766338694120713,3,0.69588576,fair,Weather not posted; Projected order,11.8% vs FF; 102.7 last game; 20–30° last 5; 33.3% pull air,1.2523653546944822,0.9751358171224918,1.07,0.9457932868100667,1,0.9358003200000002,107,107 air · 71° dew · RHB,11,211,.518,,,,9.4,86.7,34.6,0.181,53.5
90,553869,Elias Díaz,TEX,ATH,True,7,DH,R,official,live,Jacob Lopez,L,1.36,58% hard · 34% break,0.09409925090167091,0.09460012199102441,0.09446364073207336,2,0.97,stable,,50% vs LHP last 10; trending +29.1 brl; 107.1 last game; 20–30° last 5,1.0805631590860119,1.0223132695844643,1.08,1.42,1,1.22,108,108 air · 74°F · roof closed · RHB,6,193,.397,,,,9.4,87.5,39.1,0.148,37
91,813841,Jonah Cox,SF,PIT,False,4,CF,R,projected,preview,Bubba Chandler,R,0.76,55% hard · 30% break,0.09244050513008235,0.09491000179965148,0.09459467476191841,3,0.42614035200000006,thin,Short season sample; Weather not posted; Projected order,11.0% vs FF; trending +4.4 brl; 20–30° last 5; 17.6% barrels last 10,1.3208438109364442,1.0083078146754005,0.89,0.7875000000000001,1,1.1940569501466274,89,89 air · 74° dew · pull × porch · RHB,4,75,.559,,,,13.2,91.6,44.7,0.195,15.8
92,681198,TJ Rumfield,COL,BAL,True,4,1B,L,official,preview,Trevor Rogers,L,1.05,65% hard · 13% break,0.09066863322365734,0.0919356012044864,0.09650327753042909,3,0.97,stable,,trending +3.5 brl; 101.8 last game; 20.8% pull air; 120 air,0.8317022548920852,0.9543485770379191,1.2,0.9577705847803717,1,1.22,120,120 air · 85°F · out LF 8 · 43° dew · LHB,14,547,.443,1,42,10,4.8,84.2,28.1,0.124,41.7
93,592885,Christian Yelich,MIL,CHC,False,6,DH,L,projected,preview,David Peterson,L,0.95,54% hard · 33% break,0.0904658089289015,0.0917247350343614,0.09060870457043413,3,0.69588576,fair,Weather not posted; Projected order,105.8 last game; 60.9% ideal AA,1.0020114406523677,0.9258557116636484,1.07,0.9687783279691266,1,1.0571843377040409,107,107 air · 71° dew · LHB,10,424,.388,1,39,10,10.1,89,43.3,0.161,34.7
94,672640,Otto Lopez,MIA,KC,False,6,SS,R,projected,preview,Noah Cameron,L,0.9,50% hard · 29% break,0.08981615296093082,0.09102260118721306,0.09617727587632996,3,0.69588576,fair,Weather not posted; Projected order,15.4% vs LHP last 10; trending +3.4 brl; 18.6% blast,0.833865259667162,0.9871997151207039,0.96,1.1684183758066864,1,1.22,96,96 air · 66° dew · RHB,10,586,.442,1,44,10,6.3,89,41,0.14,32.4
95,694212,Samuel Basallo,BAL,COL,False,5,C,L,official,preview,Tomoyuki Sugano,R,1.93,51% hard · 27% break,0.0897852622337148,0.0909813400628543,0.1181540139733317,2.5599999999999987,0.97,stable,,73.3% ideal AA; 18.3% blast; 12.9% barrels; Air starter,1.3569421952433998,1.1801410735915243,1.2,1.2486804775522464,1,0.8355360000000001,120,120 air · 85°F · out LF 8 · 43° dew · LHB,17,352,.428,1,37,10,12.9,90.4,43.6,0.211,43.1
96,664983,Jake McCarthy,COL,BAL,True,1,LF,L,official,preview,Trevor Rogers,L,1.05,65% hard · 13% break,0.08909512270373068,0.09023581712485185,0.09330026168951011,3,0.97,stable,,9.3% vs FF; 102.2 last game; 20–30° last 5; 21.1% pull air,0.8732694039038353,1.0112922552818921,1.2,0.8142613501535456,1,1.22,120,120 air · 85°F · out LF 8 · 43° dew · LHB,14,495,.475,1,47,10,5.2,85.2,27.7,0.132,38.1
97,691723,Coby Mayo,BAL,COL,False,6,3B,R,official,preview,Tomoyuki Sugano,R,1.93,51% hard · 27% break,0.08902444311629754,0.08939240883504607,0.09109920961438922,2,0.97,stable,,trending +3.8 brl; 55.6% ideal AA; 16.7% barrels last 10; 17.4% blast,1.4501955338841466,1.2677942566865537,1.24,0.7,1,1.22,124,124 air · 85°F · out LF 8 · 43° dew · RHB,19,366,.446,2,39,10,12.9,91.7,48.8,0.219,50.7
98,683748,Victor Mesa Jr.,TB,NYM,True,8,RF,L,projected,preview,Justin Hagenman,R,,,0.08890655796705986,0.0909856734575738,0.0909921425570448,2,0.3938975999999999,thin,No established starter; Weather not posted; Projected order,101.6 last game; Platoon,1.3042391416754961,1,1.01,1.38,1,1.1030229635593756,101,101 air · roof closed · LHB,10,183,.454,2,36,10,11.9,89.5,39.7,0.192,40.5
99,608324,Alex Bregman,CHC,MIL,True,3,3B,R,projected,preview,Jacob Misiorowski,R,0.77,77% hard · 22% break,0.08877513786824215,0.08989749502640587,0.09009267844336144,3,0.69588576,fair,Weather not posted; Projected order,9.3% vs FF; trending +3.1 brl; 25.7% pull air; 80% ideal AA,0.9937798321337052,0.8828971322604884,1.07,0.8789329281438679,1,1.22,107,107 air · 71° dew · RHB,23,624,.438,5,48,10,5.5,88,37.6,0.131,47.3
100,602104,Ramón Urías,STL,LAD,False,7,3B,R,projected,preview,Yoshinobu Yamamoto,R,0.91,55% hard · 18% break,0.08846247188799283,0.08992266985709496,0.09112068745606229,2.793333333333333,0.57180287232,fair,Weather not posted; Projected order,15.4% vs hard; tank last game; 21.4% pull air; 85.7% ideal AA,1.2415830376911319,1.0618943292923295,1.03,0.7,1,1.22,103,103 air · 53° dew · RHB,4,89,.360,,,,11.7,89.7,40,0.216,31.7
101,665052,Griffin Conine,MIA,KC,False,2,1B,L,projected,preview,Noah Cameron,L,0.9,50% hard · 29% break,0.08773923263068079,0.08877791148436276,0.08947046006927162,3,0.69588576,fair,Weather not posted; Projected order,11.0% vs hard; 101.8 last game; 21.4% pull air; 57.1% ideal AA,1.533308161225552,1.0729048400188688,0.96,0.7,1,0.8998080000000002,96,96 air · 66° dew · LHB,14,235,.485,0,37,10,15.4,91.5,50.8,0.24,44.6
102,669392,Samad Taylor,SD,CIN,False,2,LF,R,official,live,Brandon Williamson,L,1.36,57% hard · 18% break,0.08739847802338417,0.08836598374398597,0.09096879074248831,3,0.7357996800000001,fair,,Air starter; 15.4% K; 126 air; Platoon,0.6522398161867489,1.1509120367917056,1.26,1.08,1,1,126,126 air · 94°F · out LF 6 · 69° dew · RHB,1,112,.421,,,,3.1,84.9,24.6,0.07,33.8
103,661388,William Contreras,MIL,CHC,False,3,C,R,projected,preview,David Peterson,L,0.95,54% hard · 33% break,0.08625774637884696,0.08717675380586609,0.09257928158181838,3,0.69588576,fair,Weather not posted; Projected order,19.8% vs SI; 100.3 last game; 20–30° last 3; 18.8% blast,1.0180157040928073,1.0407944251214483,1.07,0.762786949629098,1,1.22,107,107 air · 71° dew · RHB,13,554,.405,1,45,10,8.1,90.1,43.6,0.179,36.5
104,680869,Zack Gelof,ATH,TEX,False,2,LF,R,official,live,Cody Bradford,L,0.34,52% hard · 15% break,0.08624845354272692,0.0872578171193763,0.08104948207280993,3,0.6580480000000001,fair,Starter sample thin,102.5 last game; heart vs in-zone; 73.9% ideal AA; Air starter,1.1124477895578022,0.9567596079105818,1.08,0.8879086856697278,1,0.8219400000000001,108,108 air · 74°F · roof closed · RHB,14,338,.441,0,44,10,7.7,88.8,41.4,0.163,37.4
105,701678,Hao-Yu Lee,DET,MIN,False,5,3B,R,projected,preview,Dean Kremer,R,2.15,58% hard · 15% break,0.08587561767884452,0.08679601864792508,0.08936223935641258,2.0444444444444443,0.6819680448,fair,Weather not posted; Projected order,15.4% vs RHP last 10; 9.8% vs FF; trending +4.0 brl; 106.1 last game,1.092889282880212,1.2006659303144607,0.9,1.3087099336425072,1,1.19377,90,90 air · 65° dew · RHB,8,268,.427,2,38,10,9,89.7,41.3,0.17,28.6
106,701350,Roman Anthony,BOS,SEA,True,1,DH,L,official,preview,Bryce Miller,R,1.63,53% hard · 22% break,0.08563737148226794,0.08659481045338646,0.08335957586368514,3,0.97,stable,,8.8% vs hard; 110.3 last game; 7× 100+ last 3; 25% pull air,0.9382639949484537,1.1260011081974701,0.8,0.9434282312777691,1,1.0963499130434784,80,80 air · 72°F · in RF 11 · 60° dew · LHB,1,144,.369,0,43,10,9.2,92.9,50,0.147,39.8
107,645277,Ozzie Albies,ATL,WSH,False,4,2B,S,official,live,Brad Lord,R,0.99,61% hard · 34% break,0.0855159760427018,0.08599221167134896,0.08912505301726792,3,0.97,stable,,100.2 last game; 20–30° last 5; 32.1% pull air; 60.7% ideal AA,0.9239406165457466,0.9308921962069062,1.07,0.978005691035211,1,1.084631827809524,107,107 air · 88°F · in RF 7 · 72° dew · switch,21,594,.415,1,40,10,4.2,87,27.8,0.125,45.2
108,605141,Mookie Betts,LAD,STL,True,3,SS,R,projected,preview,,,,,0.08535025808221042,0.08684376849049602,0.08791757833653269,3,0.4175314559999999,thin,No established starter; Weather not posted; Projected order,102.1 last game; 23.3% pull air; 70% ideal AA; 39.9% sweet,1.0543927289713366,1,1.03,1,1,0.8998080000000002,103,103 air · 53° dew · RHB,16,428,.411,0,46,10,6.9,90,37,0.147,38.2
109,687637,Dylan Beavers,BAL,COL,False,7,RF,L,official,preview,Tomoyuki Sugano,R,1.93,51% hard · 27% break,0.08459718443769824,0.08537692119822193,0.0652090960021019,2,0.97,stable,,10.2% solid; Air starter; 13.9% K; 120 air,0.9909734942474664,1.269973124382007,1.2,0.9267110275945141,1,0.8,120,120 air · 85°F · out LF 8 · 43° dew · LHB,6,277,.392,,,,7.4,88.4,39.5,0.149,39.5
110,521692,Salvador Perez,KC,MIA,True,4,DH,R,projected,preview,Eury Pérez,R,0.96,56% hard · 35% break,0.08371829489458675,0.08443217062923525,0.08350073556548665,3,0.69588576,fair,Weather not posted; Projected order,4× 100+ last 3; 56% ideal AA,1.0992411705017189,0.9836737829100791,0.96,0.9293741508435829,1,0.9150895133437991,96,96 air · 66° dew · RHB,17,539,.369,1,42,10,9.8,88.6,41.9,0.178,39.3
111,518692,Freddie Freeman,LAD,STL,True,2,1B,L,projected,preview,,,,,0.08370236934592772,0.08496080205642631,0.08617017755942513,3,0.4175314559999999,thin,No established starter; Weather not posted; Projected order,101.6 last game; 39.4% sweet; 8.4% solid; xSLG 0.481,1.0197597736445556,1,1.1,1,1,0.8400000000000001,110,110 air · 53° dew · LHB,15,575,.459,0,43,10,8.2,89.7,42.1,0.182,32.9
112,699024,Leo Bernal,STL,LAD,False,6,C,S,projected,preview,Yoshinobu Yamamoto,R,0.91,55% hard · 18% break,0.08357540278550918,0.08497152788087003,0.08603503965791437,3,0.3424608,thin,Short season sample; Weather not posted; Projected order,107.6 last game; 66.7% sweet; 76.1 bat; 33.3% solid,0.9655172413793103,0.885673091944869,1.07,1.03,1,1,107,107 air · 53° dew · switch,0,5,.200,,,,0,95.7,66.7,0.093,33.3
113,806367,Turner Hill,SF,PIT,False,1,LF,L,projected,preview,Bubba Chandler,R,0.76,55% hard · 30% break,0.08257602939880987,0.08365824349097362,0.08816719466066025,3,0.42614035200000006,thin,Short season sample; Weather not posted; Projected order,15.4% vs FF; 100.3 last game; 20% pull air; 68% ideal AA,0.8683318515614776,1.0465646293808177,0.93,0.952241218396248,1,1.22,93,93 air · 74° dew · LHB,0,47,.474,0,36,10,5.9,89.4,38.2,0.148,50
114,641680,Jonah Heim,ATH,TEX,False,4,1B,S,official,live,Cody Bradford,L,0.34,52% hard · 15% break,0.08159029978734313,0.08218605420034819,0.08247311721049277,3,0.6580480000000001,fair,Starter sample thin,Air starter; 11.4% K; 110 air,1.0097780626768156,0.9358012892009802,1.1,1.0515,1,0.7912554112554111,110,110 air · 74°F · roof closed · switch,12,327,.389,1,37,10,6.6,87.8,33.1,0.144,40.1
115,666211,Taylor Trammell,HOU,CWS,True,8,CF,L,projected,preview,Davis Martin,R,0.86,58% hard · 28% break,0.08142277896813334,0.08195122762540874,0.07973038544078803,2,0.69588576,fair,Weather not posted; Projected order,12.5% vs RHP last 10; 13.2% vs hard; 108.6 last game; 76.4 bat,1.1541409611412192,0.9817007403821412,1.05,1.2240749971763978,1,1.0769032258064517,105,105 air · 78° dew · LHB,7,232,.364,,,,12.5,88.5,38.2,0.189,45.6
116,571448,Nolan Arenado,AZ,PHI,True,5,3B,R,official,preview,Andrew Painter,R,1.56,41% hard · 42% break,0.08132866509402614,0.081846104547177,0.07965630505584165,3,0.97,stable,,65.5% ideal AA,1.0053049116401525,0.9976957056310042,1.06,0.9256946194171793,1,0.8240000000000001,106,106 air · 72°F · roof closed · RHB,21,508,.425,1,40,10,6.2,84.8,31,0.12,47.9
117,691182,Adael Amador,COL,BAL,True,7,DH,S,official,preview,Trevor Rogers,L,1.05,65% hard · 13% break,0.08083944694530723,0.08176481431602589,0.07659849565066978,2,0.5060000000000001,thin,Short season sample,11.1% solid; 120 air,1.3126513672395947,0.9574460849700316,1.2,0.97,1,1,120,120 air · 85°F · out LF 8 · 43° dew · switch,2,17,.857,,,,11.1,81.1,22.2,0.13,33.3
118,694671,Wyatt Langford,TEX,ATH,True,3,LF,R,official,live,Jacob Lopez,L,1.36,58% hard · 34% break,0.08063716594798531,0.08078718852736178,0.07844742018768558,3,0.97,stable,,23.1% pull air; 61.5% ideal AA; #3,1.0650329591429015,0.91538064967238,1.08,0.876322355221802,1,0.85696,108,108 air · 74°F · roof closed · RHB,15,375,.451,1,46,10,6.6,89.1,37.9,0.152,42.6
119,680776,Jarren Duran,BOS,SEA,True,7,LF,L,official,preview,Bryce Miller,R,1.63,53% hard · 22% break,0.08057477928079919,0.08103472825927749,0.07453434727045005,2,0.97,stable,,trending +3.3 brl; 107.7 last game; 13.0% barrels last 10; 17.2% blast,1.1049203776440595,1.0673492130932027,0.8,1.2141813632448013,1,1.22,80,80 air · 72°F · in RF 11 · 60° dew · LHB,19,541,.368,,,,9.7,89.9,40.3,0.153,40.3
120,703607,Henry Bolte,ATH,TEX,False,1,RF,R,official,live,Cody Bradford,L,0.34,52% hard · 15% break,0.08040514410294611,0.0808956655680595,0.07856959152049925,3,0.6580480000000001,fair,Starter sample thin,57.7% ideal AA; 77 bat; Air starter; 11.4% K,0.7917128137095981,0.9540085036385637,1.08,1.1475708605752777,1,0.8487200000000001,108,108 air · 74°F · roof closed · RHB,6,370,.366,0,48,10,6.6,90.8,47.6,0.11,32.5
121,682626,Francisco Alvarez,NYM,TB,False,7,C,R,projected,preview,Griffin Jax,R,1.37,42% hard · 34% break,0.07999657813489897,0.08045251672759302,0.0810849593708145,2,0.656496,fair,Weather not posted; Projected order,14.3% vs RHP last 10; 103.3 last game; 77.8% ideal AA; 18.2% blast,1.311716596258561,1.073314911580698,1.01,1.243991129584495,1,0.9135868863955119,101,101 air · roof closed · RHB,13,359,.392,,,,15.5,90.1,44.9,0.193,40.6
122,672515,Gabriel Moreno,AZ,PHI,True,3,DH,R,official,preview,Andrew Painter,R,1.56,41% hard · 42% break,0.0797633954552547,0.08015522267595632,0.07654839685762871,3,0.97,stable,,20% pull air; 38.1% sweet; xSLG 0.451; #3,0.9599161543079786,1.0120000083096063,1.06,0.8604457457652592,1,0.85696,106,106 air · 72°F · roof closed · RHB,11,457,.463,1,44,10,7.8,89.3,42.6,0.162,36
123,665862,Jazz Chisholm Jr.,NYY,LAA,False,5,2B,L,projected,preview,Reid Detmers,L,0.99,47% hard · 43% break,0.07974126969604267,0.08013388947654732,0.07991261050005538,3,0.69588576,fair,Weather not posted; Projected order,12.5% vs LHP last 10; 68.2% ideal AA; 8% solid,1.135865754798935,0.9603030366481881,0.84,1.1112734969796119,1,0.8034,84,84 air · 58° dew · LHB,19,505,.408,,,,8.7,90.8,42.9,0.155,51.5
124,687401,Joey Ortiz,MIL,CHC,False,8,3B,R,projected,preview,David Peterson,L,0.95,54% hard · 33% break,0.07858877639754695,0.07888830012867576,0.07935155232282154,3,0.69588576,fair,Weather not posted; Projected order,103.4 last game; 20–30° last 5; 59.1% ideal AA,0.7892726094629938,0.9247280476206929,1.07,0.8975681366670745,1,1.1528035465116282,107,107 air · 71° dew · RHB,8,349,.392,,,,4.3,88.6,36.6,0.103,32.7
125,643376,Danny Jansen,TEX,ATH,True,9,C,R,official,live,Jacob Lopez,L,1.36,58% hard · 34% break,0.07818269589264487,0.07826875013690371,0.08023354133911842,2,0.97,stable,,17.3% vs hard; trending +11.2 brl; 18.2% pull air; 18.2% barrels last 10,0.9190553530981969,1.1414806496723802,1.08,1.1421366216194238,1,1.22,108,108 air · 74°F · roof closed · RHB,5,167,.329,,,,7,87.1,32,0.122,56
126,683357,Owen Caissie,MIA,KC,False,5,RF,L,projected,preview,Noah Cameron,L,0.9,50% hard · 29% break,0.0781615149812014,0.07845390580293043,0.07881795067082975,3,0.656496,fair,Weather not posted; Projected order,109.9 last game; 77.8% ideal AA; 44% sweet; 13.9% barrels,1.3840655681415366,0.9471620791554062,0.96,0.72,1,0.8816800000000001,96,96 air · 66° dew · LHB,13,308,.416,,,,13.9,91,45.2,0.19,33.1
127,686611,Dylan Crews,WSH,ATL,True,3,CF,R,official,live,Grant Holmes,R,1.3,49% hard · 45% break,0.07760117665653134,0.07767207536149479,0.0804260072378381,3,0.97,stable,,102 last game; 66.7% ideal AA; 16.7% blast; 8.8% solid,1.0796350910739965,1.0340257210954573,1.07,0.7972470804550612,1,0.8652000000000001,107,107 air · 88°F · in RF 7 · 72° dew · RHB,10,359,.358,0,41,10,9.3,90.2,42.9,0.172,33.2
128,605137,Josh Bell,MIN,DET,True,5,DH,S,projected,preview,Drew Anderson,R,1.36,42% hard · 30% off,0.07715204527458978,0.07733551280674789,0.07726263164077785,3,0.69588576,fair,Weather not posted; Projected order,100 last game; 18.5% pull air; 74.1% ideal AA,1.0924053931280813,0.9288861960533442,0.9,0.9387301017007856,1,0.8998080000000002,90,90 air · 65° dew · switch,17,543,.416,0,44,10,9.4,89.6,41.1,0.181,41.4
129,682657,Angel Martínez,CLE,TOR,True,6,LF,S,projected,preview,Dylan Cease,R,0.6,45% hard · 43% break,0.07708868422131179,0.07726703357729292,0.07325971928214697,2.799999999999997,0.69588576,fair,Weather not posted; Projected order,chase vs expand; 20–30° last 5; 21.1% pull air; 63.2% ideal AA,1.0778611974109773,0.7839148735125165,0.97,0.9793980428145457,1,0.9789421101252527,97,97 air · 73° dew · switch,14,345,.442,2,39,10,7.5,87.7,36.4,0.15,45.7
130,806198,Cooper Pratt,MIL,CHC,False,9,SS,R,projected,preview,David Peterson,L,0.95,54% hard · 33% break,0.07619269716353747,0.0762986705191726,0.07698998381193227,2.6999999999999993,0.69588576,fair,Weather not posted; Projected order,14.3% vs LHP last 10; 29.4% pull air; 39.6% sweet,0.7451397735020511,0.8490646646236907,1.07,1.1004370073326863,1,1.22,107,107 air · 71° dew · RHB,3,191,.368,,,,3.8,87.3,29.1,0.103,34.3
131,650402,Gleyber Torres,DET,MIN,False,2,2B,R,projected,preview,Dean Kremer,R,2.15,58% hard · 15% break,0.07554528786531726,0.07560091460456686,0.07773384744471945,3,0.6819680448,fair,Weather not posted; Projected order,101.3 last game; 4× 100+ last 3; 78.3% ideal AA; #2,0.850846809513348,1.1183818130134804,0.9,0.762602520800725,1,1.19377,90,90 air · 65° dew · RHB,8,353,.382,0,41,10,6.8,86.5,33.3,0.123,25.3
132,543807,George Springer,TOR,CLE,False,4,DH,R,projected,preview,Joey Cantillo,L,0.99,40% hard · 35% break,0.07509442317598881,0.07511168020719372,0.08095122990517646,2.3470588235294088,0.69588576,fair,Weather not posted; Projected order,12.5% vs LHP last 10; 15.4% vs break; 104.8 last game; 18.2% pull air,0.9787988710694927,1.0102972775325565,0.97,1.0625736043285257,1,1.22,97,97 air · 73° dew · RHB,14,444,.416,,,,6.7,88.3,37.3,0.14,41.7
133,672386,Alejandro Kirk,TOR,CLE,False,2,C,R,projected,preview,Joey Cantillo,L,0.99,40% hard · 35% break,0.07416561132322212,0.07410784083433741,0.0729866685497429,3,0.69588576,fair,Weather not posted; Projected order,107 last game; 55% ideal AA; #2,0.8757358637574884,0.916505582679121,0.97,0.7352911925923149,1,1.22,97,97 air · 73° dew · RHB,8,242,.418,1,40,10,3.8,88.6,40.6,0.109,24.1
134,663616,Trevor Larnach,MIN,DET,True,6,LF,L,projected,preview,Drew Anderson,R,1.36,42% hard · 30% off,0.07151815250859207,0.07124652571629198,0.07277212968656988,3,0.69588576,fair,Weather not posted; Projected order,106 last game; 33.3% pull air,0.964832677156382,0.9288861960533442,0.9,0.9315529302957863,1,0.9246910684931509,90,90 air · 65° dew · LHB,11,408,.422,,,,7.3,87.7,37,0.137,43.6
135,606192,Teoscar Hernández,LAD,STL,True,8,LF,R,projected,preview,,,,,0.07142852501519323,0.07093604639003093,0.07276654900087731,2,0.4175314559999999,thin,No established starter; Weather not posted; Projected order,trending +3.3 brl; 110.1 last game; 5× 100+ last 3; 62.5% ideal AA,1.0589031598978833,1,1.03,1,1,1.22,103,103 air · 53° dew · RHB,12,396,.393,1,43,10,9.2,89.8,44,0.167,34
136,679529,Spencer Torkelson,DET,MIN,False,6,1B,R,projected,preview,Dean Kremer,R,2.15,58% hard · 15% break,0.07129943743662331,0.07099963486231475,0.07109740292347899,2,0.6819680448,fair,Weather not posted; Projected order,41.7% pull air; 66.7% ideal AA; 41.8% sweet; 12.2% barrels,1.2508170440144266,1.0685522052969052,0.9,1.2451081490204308,1,0.85696,90,90 air · 65° dew · RHB,20,528,.404,,,,12.2,89.2,40.7,0.179,46.5
137,676356,Jonny DeLuca,TB,NYM,True,4,CF,R,projected,preview,Justin Hagenman,R,,,0.07081289023965216,0.07023258893415629,0.07256455857116328,3,0.4175314559999999,thin,No established starter; Weather not posted; Projected order,101.7 last game; 22.2% pull air; 63.0% ideal AA,0.8320616527078112,1,1.01,0.9088363145090534,1,0.8998080000000002,101,101 air · roof closed · RHB,9,300,.430,1,41,10,3.5,85.7,29.6,0.103,45.1
138,596115,Trevor Story,BOS,SEA,True,8,SS,R,official,preview,Bryce Miller,R,1.63,53% hard · 22% break,0.0704804506750367,0.07008827598555656,0.06899104284238922,2,0.97,stable,,25% vs RHP last 10; trending +17.2 brl; 100.8 last game; 22.2% pull air,0.8161522489001816,1.1464236929438247,0.82,1.3135422087934172,1,1.22,82,82 air · 72°F · in RF 11 · 60° dew · RHB,3,188,.333,1,39,10,5,88.5,41.2,0.106,44.5
139,699013,Esmerlyn Valdez,PIT,SF,True,6,RF,R,projected,preview,Landen Roupp,R,0.71,53% hard · 26% break,0.07033421608615284,0.06996695333329217,0.07611145463851887,2,0.69588576,fair,Weather not posted; Projected order,11.0% vs hard; 101 last game; 63.6% ideal AA; 20% barrels,1.7408577945244523,0.9602558015528266,0.85,1.1765567226564924,1,0.8652000000000001,85,85 air · 74° dew · spray vs wall · RHB,16,264,.527,2,42,10,20,91.8,48.8,0.241,36.8
140,671976,Tristan Peters,CWS,HOU,False,7,CF,L,projected,preview,Hayden Wesneski,R,0.55,57% hard · 31% break,0.07014821790793896,0.06966207555417347,0.06823907537942997,2,0.59359055328,fair,Weather not posted; Projected order,103 last game; 36% pull air; 72% ideal AA; Platoon,0.9343477432492421,0.9177014313570003,1.05,1.0830500156121774,1,1.22,105,105 air · 78° dew · LHB,12,418,.461,5,39,10,5.6,87.4,32.7,0.137,51
141,683737,Michael Busch,CHC,MIL,True,6,1B,L,projected,preview,Jacob Misiorowski,R,0.77,77% hard · 22% break,0.06987647987545409,0.06947224212852798,0.07313789299522866,2,0.69588576,fair,Weather not posted; Projected order,15.4% vs RHP last 10; 13.2% vs FF; 60.9% ideal AA,1.0546813514005693,0.9651806281108235,1.07,1.2007405105501914,1,1.031596851796852,107,107 air · 71° dew · LHB,17,617,.392,2,48,10,9.1,88.3,39.7,0.168,37.7
142,686765,Nick Sogard,BOS,SEA,True,5,2B,S,official,preview,Bryce Miller,R,1.63,53% hard · 22% break,0.06984788050894711,0.06944133256374052,0.06563602625133591,3,0.97,stable,,31.0% pull air; 63.3% ideal AA,0.7649911306654946,1.058127314669479,0.83,0.7177900281057621,1,1.22,83,83 air · 72°F · in RF 11 · 60° dew · switch,3,188,.411,2,42,10,4.7,86.2,28.1,0.104,46.9
143,806956,Ethan Salas,SD,CIN,False,6,C,L,official,live,Brandon Williamson,L,1.36,57% hard · 18% break,0.069656623263141,0.068925531192493,0.07113645018904591,2,0.4397140000000001,thin,Short season sample,Air starter; 15.4% K; 125 air,0.9859154929577464,1.1509120367917056,1.25,0.9,1,1,125,125 air · 94°F · out LF 6 · 69° dew · LHB,0,2,.000,,,,,,,,
144,543510,James McCann,AZ,PHI,True,7,C,R,official,preview,Andrew Painter,R,1.56,41% hard · 42% break,0.06954081967042376,0.06933190999374028,0.07079375873954197,2,0.90288,stable,,4× 100+ last 3,0.9937230178638803,1.114902421626964,1.06,0.9512084230677196,1,1.1468907741251326,106,106 air · 72°F · roof closed · RHB,4,138,.434,,,,8.2,89.7,42.3,0.151,27.8
145,545341,Randal Grichuk,CWS,HOU,False,6,RF,R,projected,preview,Hayden Wesneski,R,0.55,57% hard · 31% break,0.06927154317476589,0.06865381776140145,0.06575101587508647,2,0.559991088,fair,Weather not posted; Projected order,104.6 last game; 38.9% sweet; 12.2% barrels; xSLG 0.474,1.340052337349733,0.8822474491154099,1.01,0.9298911877093803,1,1,101,101 air · 78° dew · RHB,11,215,.544,,,,12.2,91.1,47.8,0.196,45.9
146,691002,Yohandy Morales,WSH,ATL,True,7,1B,R,official,live,Grant Holmes,R,1.3,49% hard · 45% break,0.06926493696306632,0.06857849077496525,0.07006637026306839,2,0.5060000000000001,thin,Short season sample,104.9 last game; 66.7% sweet; 66.7% barrels; 103 EV,1.1852269337555357,1.089848927110349,1.07,0.9,1,1,107,107 air · 88°F · in RF 7 · 72° dew · RHB,1,6,1.167,,,,66.7,103,100,0.651,66.7
147,669134,Luis Campusano,SD,CIN,False,8,DH,R,official,live,Brandon Williamson,L,1.36,57% hard · 18% break,0.06915102447005185,0.06883712126711017,0.07131484233065333,2,0.84293,stable,,103.1 last game; 55.6% ideal AA; 39.6% sweet; Air starter,1.025335527544608,1.1509120367917056,1.26,1.006879516630773,1,0.8652000000000001,126,126 air · 94°F · out LF 6 · 69° dew · RHB,5,179,.451,,,,9.1,88.2,42.3,0.144,41.4
148,807712,Luke Keaschall,MIN,DET,True,1,RF,R,projected,preview,Drew Anderson,R,1.36,42% hard · 30% off,0.06910368679358105,0.06863702440349106,0.06804909265692782,3,0.69588576,fair,Weather not posted; Projected order,101.7 last game; 4× 100+ last 3; 64.5% ideal AA; #1,0.7295317889801426,0.985571228384644,0.9,0.7822802520327807,1,1.22,90,90 air · 65° dew · RHB,9,521,.397,2,46,10,3.7,85.6,29.9,0.116,38.8
149,514888,Jose Altuve,HOU,CWS,True,4,2B,R,projected,preview,Davis Martin,R,0.86,58% hard · 28% break,0.06905211151004484,0.06858128297413091,0.07168152191730848,3,0.69588576,fair,Weather not posted; Projected order,25% pull air; 75% ideal AA,0.8367330398197135,0.8995704912319927,1.01,0.8715940480398046,1,1.021210666666667,101,101 air · 78° dew · RHB,14,475,.394,1,43,10,4.8,85.5,32.9,0.105,42.7
150,686469,Vinnie Pasquantino,KC,MIA,True,5,1B,L,projected,preview,Eury Pérez,R,0.96,56% hard · 35% break,0.06885921736677898,0.06837280723684691,0.06998344049439863,2.2266666666666666,0.69588576,fair,Weather not posted; Projected order,18.2% pull air; 86.4% ideal AA,0.959947317469424,0.977987765522434,0.96,0.962804033627342,1,1.2100592592592592,96,96 air · 66° dew · LHB,9,392,.379,2,43,10,7.5,89.6,41.3,0.16,43.8
151,641355,Cody Bellinger,NYY,LAA,False,2,LF,L,projected,preview,Reid Detmers,L,0.99,47% hard · 43% break,0.06865008377066545,0.06814678025695808,0.06952567999229498,3,0.69588576,fair,Weather not posted; Projected order,13.2% vs FF; 25.7% pull air; 80.6% ideal AA; 40% sweet,0.9142913915876809,1.002144763326008,0.84,0.8313374420085522,1,1.0023622295081966,84,84 air · 58° dew · LHB,12,476,.418,1,42,10,6.1,88.9,36,0.14,42.3
152,670623,Isaac Paredes,HOU,CWS,True,3,3B,R,projected,preview,Davis Martin,R,0.86,58% hard · 28% break,0.06841658746390734,0.06789442259653189,0.06916054354673107,3,0.69588576,fair,Weather not posted; Projected order,102.3 last game; 21.4% pull air; 57.1% ideal AA; #3,0.8950332744653433,0.8479476411803785,1.01,0.9212916048043247,1,0.8998080000000002,101,101 air · 78° dew · RHB,18,561,.421,2,44,10,4.9,85.9,28.2,0.119,49.8
153,665489,Vladimir Guerrero Jr.,TOR,CLE,False,3,1B,R,projected,preview,Joey Cantillo,L,0.99,40% hard · 35% break,0.06812545962135108,0.06757977804282367,0.06592466483191495,3,0.69588576,fair,Weather not posted; Projected order,16.7% vs LHP last 10; 111.8 last game; 4× 100+ last 3; 76.3 bat,0.7686807026490097,0.8677930573110288,0.97,1.0663358411092705,1,0.8464128000000001,97,97 air · 73° dew · RHB,7,524,.348,0,41,10,6.4,90.1,43,0.114,35.6
154,622761,Jorge Mateo,TB,NYM,True,5,2B,R,projected,preview,Justin Hagenman,R,,,0.06783796358862663,0.06683327749742862,0.06938724804094455,2.8000000000000007,0.4175314559999999,thin,No established starter; Weather not posted; Projected order,20–30° last 5; 44.6% sweet,1.0398679204604027,1,1.01,0.8167134358096213,1,0.8240000000000001,101,101 air · roof closed · RHB,5,171,.365,,,,8.9,88.5,41.1,0.165,38.4
155,701785,Kaelen Culpepper,MIN,DET,True,8,SS,R,projected,preview,Drew Anderson,R,1.36,42% hard · 30% off,0.06774197667710295,0.0669597851778958,0.0643528887535333,2.6000000000000014,0.5625052646400001,fair,Weather not posted; Projected order,106.5 last game; 79.3% ideal AA; 8.5% solid,0.9950108759235149,0.9327392699982778,0.9,0.9488312231476581,1,0.8816800000000001,90,90 air · 65° dew · RHB,3,83,.493,2,40,10,5.2,87.6,33.9,0.157,40.7
156,678662,Ezequiel Tovar,COL,BAL,True,9,SS,R,official,preview,Trevor Rogers,L,1.05,65% hard · 13% break,0.06749595094505671,0.06730284165749545,0.06867501537939669,2,0.97,stable,,12.5% vs LHP last 10; trending +5.3 brl; 82.4% ideal AA; 124 air,0.8768255130579561,0.9231160872541809,1.24,0.9964926513451897,1,1.22,124,124 air · 85°F · out LF 8 · 43° dew · RHB,10,448,.334,,,,6.5,87.5,34,0.142,37.3
157,669224,Austin Wells,NYY,LAA,False,9,C,L,projected,preview,Reid Detmers,L,0.99,47% hard · 43% break,0.06673133846828064,0.06607304263692282,0.07157670103922786,2,0.69588576,fair,Weather not posted; Projected order,16.7% vs LHP last 10; 16.3% vs hard; tank last game; trending +4.9 brl,1.0263829690019723,1.045316763048223,0.84,1.1816004673036384,1,1.22,84,84 air · 58° dew · LHB,10,328,.313,,,,6.9,89.3,42.6,0.146,49
158,572233,Christian Walker,HOU,CWS,True,6,1B,R,projected,preview,Davis Martin,R,0.86,58% hard · 28% break,0.06652403947444713,0.06584899845473058,0.07005759232240005,2,0.69588576,fair,Weather not posted; Projected order,9.8% vs FF; 16.2% blast,1.181265024234988,0.9885807897601543,1.01,1.2007568285085042,1,0.8834688346883469,101,101 air · 78° dew · RHB,24,550,.427,1,42,10,9,89.2,41.3,0.159,42.1
159,663757,Trent Grisham,NYY,LAA,False,6,CF,L,projected,preview,Reid Detmers,L,0.99,47% hard · 43% break,0.0664823360249851,0.06580392628599241,0.07094266448198837,2.1151515151515135,0.69588576,fair,Weather not posted; Projected order,12.5% vs LHP last 10; 16.3% vs FF; 107 last game; 61.5% ideal AA,1.2323331728896538,1.110292641743399,0.84,1.0248708184107933,1,0.991980894845361,84,84 air · 58° dew · LHB,18,481,.394,1,43,10,9.7,90.7,45.6,0.185,44.7
160,673237,Yainer Diaz,HOU,CWS,True,7,C,R,projected,preview,Davis Martin,R,0.86,58% hard · 28% break,0.06645202453479694,0.0657711662956777,0.06375332306909964,2,0.69588576,fair,Weather not posted; Projected order,75% ideal AA; Platoon,0.9288261355685344,0.9066148194710397,1.01,1.115860641950925,1,1.1164691358024692,101,101 air · 78° dew · RHB,10,278,.413,,,,5.4,88.1,35.7,0.13,37.1
161,666176,Jo Adell,CLE,TOR,True,4,RF,R,projected,preview,Dylan Cease,R,0.6,45% hard · 43% break,0.06583792357873787,0.06510745952151831,0.06292887444984852,3,0.69588576,fair,Weather not posted; Projected order,20–30° last 5; 19.2% pull air; 16.0% blast; 77.2 bat,1.1712326895158673,0.7726369835594068,0.97,0.7150204333165099,1,0.85696,97,97 air · 73° dew · RHB,20,558,.408,1,46,10,9.5,90.3,44.6,0.19,39.3
162,805805,Walker Jenkins,MIN,DET,True,9,CF,L,projected,preview,Drew Anderson,R,1.36,42% hard · 30% off,0.06578640263551007,0.06437119714383388,0.06583815194224063,2,0.3630084480000001,thin,Short season sample; Weather not posted; Projected order,26.7% pull air; 86.7% ideal AA,1.0883215869704919,1.0061555366650896,0.9,1.044506039348067,1,1.0684434379825014,90,90 air · 65° dew · LHB,1,19,.438,,,,6.7,84.1,26.7,0.123,53.3
163,666182,Bo Bichette,NYM,TB,False,3,3B,R,projected,preview,Griffin Jax,R,1.37,42% hard · 34% break,0.06571720058906166,0.06497698477586888,0.06533137013877544,3,0.69588576,fair,Weather not posted; Projected order,#3,0.872541647225055,0.9824339694687129,1.01,0.8506719535738111,1,0.7803721754541427,101,101 air · roof closed · RHB,14,588,.390,2,40,10,6.1,89.6,41.3,0.134,25.9
164,643446,Jeff McNeil,ATH,TEX,False,5,2B,L,official,live,Cody Bradford,L,0.34,52% hard · 15% break,0.0651922867262325,0.06433202040145158,0.06451056692762404,2.8000000000000007,0.6580480000000001,fair,Starter sample thin,38.1% sweet; Air starter; 11.4% K; 111 air,0.6451476141081056,0.9963212094853429,1.11,0.72,1,1.22,111,111 air · 74°F · roof closed · LHB,7,432,.367,1,44,10,2,86.6,30.4,0.092,41.2
165,668804,Bryan Reynolds,PIT,SF,True,3,LF,S,projected,preview,Landen Roupp,R,0.71,53% hard · 26% break,0.0650447669401553,0.06425023331334723,0.06887326262345494,3,0.69588576,fair,Weather not posted; Projected order,106.1 last game; 5× 100+ last 3; 59.3% ideal AA; 16.7% blast,1.0840227745479232,0.8547779909522613,0.9,0.8767817857162632,1,0.8627238800000001,90,90 air · 74° dew · switch,15,607,.419,0,47,10,10.7,90.7,47.3,0.184,38.5
166,669720,Austin Hays,SD,CIN,False,7,RF,R,official,live,Brandon Williamson,L,1.36,57% hard · 18% break,0.06452655040657387,0.0632555407612535,0.06985204641551124,2,0.516186,thin,Short season sample,Air starter; 15.4% K; 126 air,0.8357340998936658,1.1509120367917056,1.26,1.0210116406000038,1,1,126,126 air · 94°F · out LF 6 · 69° dew · RHB,2,78,.333,,,,3.9,86,39.2,0.087,52.9
167,701807,Carson Benge,NYM,TB,False,4,RF,L,projected,preview,Griffin Jax,R,1.37,42% hard · 34% break,0.06451974779252397,0.0636828041937404,0.06224649689964732,2.4916666666666636,0.69588576,fair,Weather not posted; Projected order,,0.9847776106076236,0.9559546925274537,1.01,0.9360735218012048,1,0.8,101,101 air · roof closed · LHB,16,549,.419,1,42,10,7.4,88.8,39.6,0.156,32.8
168,694376,Shay Whitcomb,SF,PIT,False,8,3B,R,projected,preview,Bubba Chandler,R,0.76,55% hard · 30% break,0.06412477937620115,0.06261211682362167,0.0654105858657803,2,0.42614035200000006,thin,Short season sample; Weather not posted; Projected order,12.6% vs FF; 104.9 last game; 63.6% ideal AA; 13.6% barrels last 10,1.3094098981619453,1.030590878534267,0.87,1.0172840080867984,1,0.9132550178571429,87,87 air · 74° dew · RHB,3,56,.302,,,,14.7,86.1,35.3,0.201,26.5
169,683021,Michael Stefanic,ATH,TEX,False,6,3B,R,official,live,Cody Bradford,L,0.34,52% hard · 15% break,0.06401517237548911,0.062221196953115565,0.06540312393422276,2,0.3238400000000001,thin,Short season sample; Starter sample thin,Air starter; 11.4% K; Platoon,0.9150326797385621,1.014848137232277,1.08,1.08,1,1,108,108 air · 74°F · roof closed · RHB,0,13,.545,,,,0,90.1,22.2,0.068,22.2
170,681393,Connor Norby,COL,BAL,True,2,3B,R,official,preview,Trevor Rogers,L,1.05,65% hard · 13% break,0.06376546280728726,0.0628734626383124,0.09014814931045645,3,0.97,stable,,61.5% ideal AA; 124 air; #2,0.9056619242113838,0.9353200666808006,1.24,0.9006477021159252,1,1.0515329710144927,124,124 air · 85°F · out LF 8 · 43° dew · RHB,6,307,.355,1,42,10,6.9,87.1,36.6,0.134,40
171,663586,Austin Riley,ATL,WSH,False,8,3B,R,official,live,Brad Lord,R,0.99,61% hard · 34% break,0.06367920238763505,0.06317760392842031,0.06466201843384026,2.163636363636364,0.97,stable,,35.3% pull air; 16.0% blast; 75.8 bat; 9.3% solid,1.1649842198036908,0.9128194707526005,1.07,0.9877027846823703,1,0.8652800000000002,107,107 air · 88°F · in RF 7 · 72° dew · RHB,15,547,.358,,,,11.8,91.3,44.5,0.179,38.9
172,683146,Brett Baty,NYM,TB,False,6,2B,L,projected,preview,Griffin Jax,R,1.37,42% hard · 34% break,0.06358916413118866,0.06267704988924638,0.0666959551419275,2,0.69588576,fair,Weather not posted; Projected order,63.6% ideal AA; 75.2 bat; 9.7% solid,1.0009943800070504,1.073314911580698,1.01,1.036949683917197,1,1.0198107526881721,101,101 air · roof closed · LHB,8,415,.337,,,,9.3,89.9,41.3,0.148,36.7
173,592663,J.T. Realmuto,PHI,AZ,False,8,C,R,official,preview,Taylor Clarke,R,0.87,41% hard · 31% break,0.06356842737710644,0.06266061519744437,0.06401020805276203,2,0.97,stable,,trending +3.9 brl; 60.9% ideal AA; 8.4% solid; 15.5% K,0.8988604952828114,1.0368437507273163,1.06,0.9007463911406397,1,1.22,106,106 air · 72°F · roof closed · RHB,10,393,.359,2,40,10,4.8,89.8,40.9,0.133,43.8
174,695681,Christian Moore,LAA,NYY,True,6,2B,R,projected,preview,Cam Schlittler,R,0.77,90% hard · 10% break,0.06353966534730832,0.061944715755843927,0.06526287655213325,2.1705882352941153,0.42614035200000006,thin,Short season sample; Weather not posted; Projected order,14.3% vs RHP last 10; 19.8% vs FF; 12.5% barrels last 10,0.959300988197199,1.0611987880396387,0.84,1.1667603518525118,1,0.9535544807965861,84,84 air · 58° dew · RHB,1,64,.316,1,42,10,11.1,88.5,35.1,0.106,24.3
175,665877,José Fermín,STL,LAD,False,1,2B,R,projected,preview,Yoshinobu Yamamoto,R,0.91,55% hard · 18% break,0.06245695792517415,0.06145338638365683,0.0650727665719365,3,0.69588576,fair,Weather not posted; Projected order,26.9% pull air; 57.7% ideal AA; #1,0.7416027945530952,0.874910951003477,1.03,0.7,1,1.22,103,103 air · 53° dew · RHB,6,313,.355,1,42,10,2.5,86.4,31.7,0.093,50.2
176,691783,Jordan Lawlar,AZ,PHI,True,9,CF,R,official,preview,Andrew Painter,R,1.56,41% hard · 42% break,0.0622330841728173,0.06094265016359901,0.05849517092940126,2,0.8288352000000001,stable,,101.8 last game; 62.5% ideal AA,1.0209032099219042,0.9976957056310042,1.06,0.7902388639935071,1,1.0802983333333334,106,106 air · 72°F · roof closed · RHB,4,82,.479,,,,5.7,87.4,22.6,0.128,41.5
177,668930,Brice Turang,MIL,CHC,False,2,2B,L,projected,preview,David Peterson,L,0.95,54% hard · 33% break,0.061567662635854704,0.060492255641348414,0.06282920764332833,3,0.69588576,fair,Weather not posted; Projected order,9.3% solid; #2,1.0235256842553253,0.8490646646236907,1.07,0.7,1,0.8240000000000001,107,107 air · 71° dew · LHB,17,583,.425,1,46,10,7.5,90.2,41.5,0.17,28.3
178,664774,LaMonte Wade Jr.,HOU,CWS,True,5,LF,L,projected,preview,Davis Martin,R,0.86,58% hard · 28% break,0.06098375989908043,0.0595292973044359,0.06178232400032264,2.2266666666666666,0.5847551999999999,fair,Weather not posted; Projected order,tank last game; 11.3% solid,0.8930314592222468,0.8899962626888538,1.05,1.0002615406223665,1,1,105,105 air · 78° dew · LHB,3,120,.343,,,,4.2,87,36.6,0.112,36.6
179,807726,John Peck,DET,MIN,False,9,SS,R,projected,preview,Dean Kremer,R,2.15,58% hard · 15% break,0.060957793821038636,0.05869897610951369,0.061928434736566285,2,0.335611584,thin,Short season sample; Weather not posted; Projected order,25% solid; xISO 0.251,0.9722222222222221,1.2385110168961164,0.9,0.9,1,1,90,90 air · 65° dew · RHB,0,4,.000,,,,0,81.9,50,0.251,0
180,695336,Thomas Saggese,STL,LAD,False,8,SS,R,projected,preview,Yoshinobu Yamamoto,R,0.91,55% hard · 18% break,0.06068041325149211,0.05906548096775999,0.061641151228936764,2,0.543822336,fair,Weather not posted; Projected order,trending +12.9 brl; 104.8 last game; 87.5% ideal AA; 25% barrels last 10,1.2296107974110524,0.885673091944869,1.03,0.72,1,1.22,103,103 air · 53° dew · RHB,3,92,.381,,,,12.1,88.9,37.9,0.198,39.7
181,680574,Matt McLain,CIN,SD,True,8,SS,R,official,live,Casey Mize,R,1.03,45% hard · 32% break,0.06046293858922294,0.060087180976815535,0.05700719200647453,2,0.97,stable,,103.6 last game; 20–30° last 5; 56.5% ideal AA; 126 air,1.0769041488160422,0.9304167824296988,1.26,0.7955373776605541,1,0.8911560000000001,126,126 air · 94°F · out LF 6 · 69° dew · RHB,13,433,.337,0,39,10,9.7,88.3,37,0.157,37.8
182,807713,Matt Shaw,CHC,MIL,True,9,2B,R,projected,preview,Jacob Misiorowski,R,0.77,77% hard · 22% break,0.060107013859424144,0.058748365972230876,0.06074684467675695,2,0.6432307199999999,fair,Weather not posted; Projected order,trending +5.8 brl; 106.9 last game; 22.2% pull air,0.9269595792038903,0.7771478461326645,1.07,1.040971797392761,1,1.206336,107,107 air · 71° dew · RHB,5,160,.443,,,,5.3,86.7,36,0.128,32.5
183,690022,Ryan Ritter,COL,BAL,True,8,2B,R,official,preview,Trevor Rogers,L,1.05,65% hard · 13% break,0.05898389889466165,0.0570377342810644,0.059880311830903254,2,0.5060000000000001,thin,Short season sample,8.3% solid; 124 air; Platoon,0.880503144654088,0.9574460849700316,1.24,1.08,1,0.8240000000000001,124,124 air · 85°F · out LF 8 · 43° dew · RHB,0,19,.176,,,,0,89.2,33.3,0.064,25
184,573262,Mike Yastrzemski,ATL,WSH,False,7,LF,L,official,live,Brad Lord,R,0.99,61% hard · 34% break,0.058647517361572254,0.05792060388029485,0.0681805315405456,3,0.97,stable,,83.3% ideal AA; 10.3% solid,0.991635861465765,0.8467974341334173,1.04,0.8455473377159772,1,0.8487200000000001,104,104 air · 88°F · in RF 7 · 72° dew · LHB,9,347,.371,,,,6.7,90.7,43.9,0.131,47.5
185,800050,Chase DeLauter,CLE,TOR,True,2,DH,L,projected,preview,Dylan Cease,R,0.6,45% hard · 43% break,0.058391502888504046,0.05705953221154436,0.057969394025529475,3,0.69588576,fair,Weather not posted; Projected order,4× 100+ last 3; 18.3% blast; #2,0.9360419221583773,0.7414610690727395,0.97,0.8849877066351466,1,0.78,97,97 air · 73° dew · LHB,13,484,.450,,,,6.1,91.4,45.8,0.147,37.1
186,678545,Osleivis Basabe,SF,PIT,False,6,2B,R,projected,preview,Bubba Chandler,R,0.76,55% hard · 30% break,0.05832137736058762,0.056620011973303463,0.057736758519983944,2,0.59349729024,fair,Weather not posted; Projected order,101.3 last game; spray vs wall,1.0284268293838446,0.8727625009714651,0.86,1.281482775300037,1,0.8875151515151515,86,86 air · 74° dew · spray vs wall · RHB,4,103,.358,,,,7.8,87.9,37.2,0.132,41
187,703492,Nick Morabito,NYM,TB,False,9,LF,R,projected,preview,Griffin Jax,R,1.37,42% hard · 34% break,0.05808619551617494,0.05538942841980343,0.058967155757713385,2,0.3424608,thin,Short season sample; Weather not posted; Projected order,66.7% sweet,0.9090909090909091,1.073314911580698,1.01,0.9,1,1,101,101 air · roof closed · RHB,0,14,.000,,,,0,87.4,33.3,0.028,33.3
188,808982,Jung Hoo Lee,SF,PIT,False,5,RF,L,projected,preview,Bubba Chandler,R,0.76,55% hard · 30% break,0.05797661908122867,0.05661113493962866,0.0585136450112744,2.767741935483869,0.69588576,fair,Weather not posted; Projected order,100.2 last game; 4× 100+ last 3,0.6738906288129255,0.8204646293808178,0.93,0.8579654737559103,1,1.22,93,93 air · 74° dew · LHB,9,517,.415,0,41,10,2.5,87.4,30.9,0.094,36.6
189,678882,Ceddanne Rafaela,BOS,SEA,True,3,CF,R,official,preview,Bryce Miller,R,1.63,53% hard · 22% break,0.05774987064248156,0.05636607022617779,0.05593565491447505,3,0.97,stable,,57.6% ideal AA; #3,0.8466130393744782,1.006666559961804,0.82,0.7827089361887121,1,0.8240000000000001,82,82 air · 72°F · in RF 11 · 60° dew · RHB,16,566,.444,0,43,10,5.3,86.2,31.5,0.109,34.1
190,683734,Andrew Vaughn,MIL,CHC,False,5,1B,R,projected,preview,David Peterson,L,0.95,54% hard · 33% break,0.057435280285118843,0.05602606790374731,0.05698243904054845,3,0.69588576,fair,Weather not posted; Projected order,105.1 last game; 20–30° last 5,0.7796306507802425,0.8490646646236907,1.07,0.7596116144595233,1,0.837596,107,107 air · 71° dew · RHB,5,295,.451,,,,5.2,90,42.9,0.116,33.5
191,690976,Alex Freeland,LAD,STL,True,9,2B,S,projected,preview,,,,,0.0568816316590125,0.05421351976678224,0.057727277450816405,2,0.3938975999999999,thin,No established starter; Weather not posted; Projected order,102.6 last game,0.8003617641023717,1,1.07,1,1,1,107,107 air · 53° dew · switch,3,227,.308,,,,5.9,88.8,37,0.116,34.8
192,650559,Bryan De La Cruz,PHI,AZ,False,9,RF,R,official,preview,Taylor Clarke,R,0.87,41% hard · 31% break,0.056720936314933044,0.05475481422486561,0.05754890544439495,2,0.5690520000000001,fair,Short season sample,105 last game; 15.5% K,0.9029741364264434,1.0100991616601316,1.06,0.9,1,1,106,106 air · 72°F · roof closed · RHB,2,51,.511,,,,5.6,88.8,41.7,0.119,36.1
193,683227,Cody Freeman,TEX,ATH,True,8,3B,R,official,live,Jacob Lopez,L,1.36,58% hard · 34% break,0.0566200198211618,0.05488728708332735,0.057423336688456006,2,0.6296400000000001,fair,Short season sample,20.7% pull air; 79.3% ideal AA,0.6620827015580036,0.9780893054795317,1.08,1.023060858467828,1,1.22,108,108 air · 74°F · roof closed · RHB,1,73,.391,1,39,10,1.9,83.7,21.8,0.062,41.8
194,681230,BJ Murray Jr.,CHC,MIL,True,8,DH,S,projected,preview,Jacob Misiorowski,R,0.77,77% hard · 22% break,0.05655709718282665,0.0536147973571387,0.057392049065180695,2,0.3424608,thin,Short season sample; Weather not posted; Projected order,,0.9722222222222221,0.7848358151176905,1.07,1.03,1,1,107,107 air · 71° dew · switch,0,4,.250,,,,0,83.1,33.3,0.014,33.3
195,671056,Iván Herrera,STL,LAD,False,2,DH,R,projected,preview,Yoshinobu Yamamoto,R,0.91,55% hard · 18% break,0.05651879275667285,0.05503554838890112,0.05527357550065526,3,0.69588576,fair,Weather not posted; Projected order,59.1% ideal AA; #2,0.844647917073612,0.8357943292923296,1.03,0.730411298878848,1,0.8034,103,103 air · 53° dew · RHB,14,617,.376,0,44,10,5.4,89.2,40.2,0.124,38.1
196,800325,Luis Lara,MIL,CHC,False,7,CF,S,projected,preview,David Peterson,L,0.95,54% hard · 33% break,0.05593266301874185,0.0542586266326861,0.06165963549036013,3,0.66013014528,fair,Weather not posted; Projected order,11.0% vs FF; 39.8% sweet,0.7148707416365252,0.984960056503786,1.07,0.7,1,0.9806326530612245,107,107 air · 71° dew · switch,1,146,.382,,,,4.9,89.7,44.7,0.091,30.1
197,669242,Tommy Edman,LAD,STL,True,7,CF,S,projected,preview,,,,,0.05557597998964625,0.05282207454201715,0.05638255101120082,2,0.4175314559999999,thin,No established starter; Weather not posted; Projected order,101.4 last game; 24% pull air; 68% ideal AA,0.8264318754388462,1,1.07,1,1,0.9281236363636365,107,107 air · 53° dew · switch,5,236,.402,1,46,10,5.5,88,35,0.108,42.3
198,694208,Moisés Ballesteros,LAA,NYY,True,5,DH,L,projected,preview,Cam Schlittler,R,0.77,90% hard · 10% break,0.05550404625623177,0.053938832743448684,0.055612043591118265,3,0.69588576,fair,Weather not posted; Projected order,104 last game,0.9471045548142665,0.8350987880396387,0.84,0.8136872624367513,1,0.798,84,84 air · 58° dew · LHB,6,277,.313,0,41,10,8.5,90.3,45.3,0.132,35.8
199,691788,Joe Mack,MIA,KC,False,7,C,L,projected,preview,Noah Cameron,L,0.9,50% hard · 29% break,0.05549986229752965,0.053934310813127606,0.058661175595034934,2.574193548387097,0.69588576,fair,Weather not posted; Projected order,,1.1399397766918924,0.9471620791554062,0.96,0.7517935381183203,1,0.78,96,96 air · 66° dew · LHB,12,272,.411,,,,8.7,88.2,38.6,0.17,48.4
200,693304,Nick Gonzales,PIT,SF,True,4,DH,R,projected,preview,Landen Roupp,R,0.71,53% hard · 26% break,0.05548276227730778,0.05391582948827778,0.05695080814366138,3,0.69588576,fair,Weather not posted; Projected order,102.6 last game; pull × porch,0.6322424993548472,0.8096107657380787,0.88,0.8291788839885257,1,1.20536,88,88 air · 74° dew · pull × porch · RHB,6,536,.398,0,46,10,2.8,86.1,34.3,0.102,36.8
201,687462,Spencer Horwitz,PIT,SF,True,1,1B,L,projected,preview,Landen Roupp,R,0.71,53% hard · 26% break,0.05538466201076332,0.05380980488302356,0.05636476464686224,3,0.69588576,fair,Weather not posted; Projected order,102 last game; 63.6% ideal AA; #1,0.8852072259780446,0.7724126162582436,0.93,0.8455473377159772,1,0.8219400000000001,93,93 air · 74° dew · LHB,10,387,.382,0,44,10,6.6,86.9,31.5,0.129,40.7
202,677942,Blaze Alexander,BAL,COL,False,8,2B,R,official,preview,Tomoyuki Sugano,R,1.93,51% hard · 27% break,0.055199440303970365,0.05468585967402906,0.05598296335034192,2,0.97,stable,,102.7 last game; 72.7% ideal AA; 40.3% sweet; 92.2 EV,0.8993761212977684,1.1775353618591848,1.24,0.7642560898663722,1,0.8652000000000001,124,124 air · 85°F · out LF 8 · 43° dew · RHB,4,260,.423,1,38,10,6.7,92.2,48.6,0.157,32
203,672695,Geraldo Perdomo,AZ,PHI,True,4,SS,S,official,preview,Andrew Painter,R,1.56,41% hard · 42% break,0.054998141143934726,0.053402567086183295,0.05392349455703227,3,0.97,stable,,102.1 last game,0.645346902014988,0.9976957056310042,1.06,0.7395023604770403,1,0.8400000000000001,106,106 air · 72°F · roof closed · switch,9,584,.370,0,41,10,2.8,87.5,31.1,0.09,44.1
204,663538,Nico Hoerner,CHC,MIL,True,5,SS,R,projected,preview,Jacob Misiorowski,R,0.77,77% hard · 22% break,0.054484040102543485,0.05283643258072679,0.057241039987970185,2.832258064516129,0.69588576,fair,Weather not posted; Projected order,trending +4.8 brl; 101.2 last game,0.6012945816756515,0.8678636624338719,1.07,0.7479578432406773,1,1.19377,107,107 air · 71° dew · RHB,8,596,.361,1,42,10,1.4,85.9,28.2,0.077,30.6
205,701852,Drew Cavanaugh,SF,PIT,False,7,C,L,projected,preview,Bubba Chandler,R,0.76,55% hard · 30% break,0.05446937837931827,0.05251670317521895,0.060734483926146776,2,0.6260389171199999,fair,Weather not posted; Projected order,14.3% vs RHP last 10; 12.6% vs FF; trending +8.9 brl; 28.6% pull air,0.797604112223879,1.0040940858400558,0.93,1.063190460284744,1,1.22,93,93 air · 74° dew · LHB,0,124,.271,,,,5.4,85.9,31.6,0.12,27.6
206,545121,Ildemaro Vargas,AZ,PHI,True,8,2B,S,official,preview,Andrew Painter,R,1.56,41% hard · 42% break,0.05435031692730248,0.0527027552476933,0.039616906959172526,2,0.97,stable,,104.7 last game; 20–30° last 5; 27.3% pull air,0.7287685131363631,0.9976957056310042,1.06,0.7,1,0.8998080000000002,106,106 air · 72°F · roof closed · switch,9,440,.387,0,40,10,3.3,87.4,35.6,0.098,40.1
207,672275,Patrick Bailey,CLE,TOR,True,8,C,S,projected,preview,Dylan Cease,R,0.6,45% hard · 43% break,0.05421564056248068,0.052373884460111486,0.05111970240117558,2,0.656496,fair,Weather not posted; Projected order,103.5 last game,0.9955677745557596,0.7433247216503682,0.97,0.9870867073865399,1,1,97,97 air · 73° dew · switch,8,289,.328,,,,7.3,90.6,42,0.162,34.2
208,803011,Sam Antonacci,CWS,HOU,False,1,LF,L,projected,preview,Hayden Wesneski,R,0.55,57% hard · 31% break,0.05348961022513403,0.051292250711386767,0.05368822949820751,3,0.59359055328,fair,Weather not posted; Projected order,#1,0.7547020206911683,0.8426242374638858,1.05,0.7652859825033909,1,0.78,105,105 air · 78° dew · LHB,8,473,.390,0,43,10,5.1,87.3,32.4,0.116,32.6
209,805300,Jakob Marsee,MIA,KC,False,4,CF,L,projected,preview,Noah Cameron,L,0.9,50% hard · 29% break,0.05327470355246307,0.051529408299771706,0.05141992911955495,3,0.69588576,fair,Weather not posted; Projected order,101.3 last game; 23.5% pull air; 58.8% ideal AA,0.6803576446698361,0.8850616547242857,0.96,0.72,1,0.8998080000000002,96,96 air · 66° dew · LHB,8,526,.323,1,40,10,3.3,87.2,34.7,0.095,42.2
210,608348,Carson Kelly,CHC,MIL,True,7,C,R,projected,preview,Jacob Misiorowski,R,0.77,77% hard · 22% break,0.05322702669132886,0.0514778801993947,0.05526289880941171,2,0.69588576,fair,Weather not posted; Projected order,107.1 last game; 40% pull air; 68% ideal AA,0.8808259888794276,0.8396551864930492,1.07,0.8505837655496966,1,1.22,107,107 air · 71° dew · RHB,10,369,.393,3,40,10,5.6,87.2,36.2,0.136,39.9
211,672016,Denzel Clarke,ATH,TEX,False,9,CF,R,official,live,Cody Bradford,L,0.34,52% hard · 15% break,0.053174635155700936,0.04988604713774947,0.054167862510297704,2,0.38016000000000005,thin,Short season sample; Starter sample thin,76.9 bat; Air starter; 11.4% K; Platoon,0.6373943100573214,1.014848137232277,1.08,1.08,1,1,108,108 air · 74°F · roof closed · RHB,0,62,.182,,,,3,90.3,44.1,0.026,55.9
212,669016,Brandon Marsh,PHI,AZ,False,6,LF,L,official,preview,Taylor Clarke,R,0.87,41% hard · 31% break,0.05305500530442747,0.052485536464976223,0.053778024278245296,2,0.97,stable,,55.6% ideal AA; 42.2% sweet; 8.5% solid; 15.5% K,1.0877744412626913,0.9327144550790856,1.06,0.9162278141644553,1,0.8240000000000001,106,106 air · 72°F · roof closed · LHB,17,513,.424,,,,8.3,89.2,43.6,0.154,37.3
213,642215,Weston Wilson,SEA,BOS,False,7,3B,R,official,preview,Patrick Sandoval,L,1.2,42% hard · 34% break,0.05296261233878383,0.05181486920335665,0.05368308062513494,2,0.8349674399999999,stable,,103.7 last game; Platoon,0.9226995715184694,0.9608607098227636,0.82,1.0936007717157215,1,1,82,82 air · 72°F · in RF 11 · 60° dew · RHB,4,137,.331,,,,5.3,85.4,35.5,0.102,46.1
214,608070,José Ramírez,CLE,TOR,True,3,3B,S,projected,preview,Dylan Cease,R,0.6,45% hard · 43% break,0.05236531238124605,0.05054655837136446,0.05331499963614261,3,0.69588576,fair,Weather not posted; Projected order,29.2% pull air; 70.8% ideal AA; 8.1% solid; #3,0.8898595351431984,0.7414610690727395,0.97,0.7290382074847925,1,0.85696,97,97 air · 73° dew · switch,11,451,.391,1,45,10,4.5,89.5,41.9,0.138,50.5
215,663656,Kyle Tucker,LAD,STL,True,6,RF,L,projected,preview,,,,,0.052235802255256536,0.04900540754308458,0.05294761527780323,2,0.4175314559999999,thin,No established starter; Weather not posted; Projected order,59.1% ideal AA; 110 air,0.8215583291299358,1,1.1,1,1,0.8034,110,110 air · 53° dew · LHB,11,533,.355,0,40,10,5.4,88.7,36.9,0.123,41.7
216,701358,Cam Smith,HOU,CWS,True,9,RF,R,projected,preview,Davis Martin,R,0.86,58% hard · 28% break,0.051968613695554396,0.05011781517792713,0.04805223250583057,2,0.69588576,fair,Weather not posted; Projected order,16.3% blast; 77.8 bat,1.154927644054271,0.8479476411803785,1.01,0.8262430551351134,1,0.78,101,101 air · 78° dew · RHB,17,487,.388,,,,10.9,89.1,44.1,0.184,38.6
217,679845,Nick Loftin,KC,MIA,True,6,2B,R,projected,preview,Eury Pérez,R,0.96,56% hard · 35% break,0.05195682309184044,0.05010507215338178,0.051178085696855335,2,0.69588576,fair,Weather not posted; Projected order,tank last game; 69.6% ideal AA,0.8062260443486604,0.912929426213431,0.96,0.9019932859926181,1,1.121750406033941,96,96 air · 66° dew · RHB,7,358,.393,2,43,10,4.3,87.2,28.3,0.111,45.3
218,676724,Jared Young,NYM,TB,False,5,1B,L,projected,preview,Griffin Jax,R,1.37,42% hard · 34% break,0.05123134672008733,0.049320993285445924,0.05094503048915944,2,0.69588576,fair,Weather not posted; Projected order,20–30° last 5; 66.7% ideal AA; 8% solid,0.9750484201326459,0.9559546925274537,1.01,0.887402910030378,1,0.8487200000000001,101,101 air · roof closed · LHB,8,294,.438,0,38,10,7.1,89.7,44.8,0.149,41
219,640902,Jhonny Pereda,SEA,BOS,False,9,C,R,official,preview,Patrick Sandoval,L,1.2,42% hard · 34% break,0.050250209332920646,0.048407854222833446,0.05089785730241503,2,0.72483984,fair,,102.8 last game; 45% sweet; pull × porch; Platoon,0.8259775330234689,0.9608607098227636,0.83,1.08,1,1,83,83 air · 72°F · in RF 11 · 60° dew · pull × porch · RHB,2,82,.355,,,,3.4,89.6,47.5,0.101,30
220,688363,Graham Pauley,MIA,KC,False,8,3B,L,projected,preview,Noah Cameron,L,0.9,50% hard · 29% break,0.04967508327774072,0.047028958895020456,0.05031740468555235,2,0.583293312,fair,Weather not posted; Projected order,107.9 last game,0.8294993030458506,0.9471620791554062,0.96,0.9,1,1,96,96 air · 66° dew · LHB,2,119,.357,,,,5.8,84.8,25.6,0.105,52.3
221,647304,Josh Naylor,SEA,BOS,False,4,1B,L,official,preview,Patrick Sandoval,L,1.2,42% hard · 34% break,0.04965813485225065,0.047348611996604784,0.048563427249347035,3,0.9531414,stable,,tank last game,0.7605554970856145,0.945264048851096,0.8,0.7032554285435801,1,0.8768185959703075,80,80 air · 72°F · in RF 11 · 60° dew · LHB,10,552,.366,0,42,10,4.6,87.3,36.2,0.116,41.9
222,680779,Henry Davis,PIT,SF,True,9,C,R,projected,preview,Landen Roupp,R,0.71,53% hard · 26% break,0.04946796542236322,0.04720307854933492,0.05033860134043522,2,0.656496,fair,Weather not posted; Projected order,100.1 last game,1.0181137031525274,0.7791485190113376,0.87,0.9980631372630788,1,1,87,87 air · 74° dew · RHB,8,268,.293,,,,8.4,89.9,39.3,0.131,53.9
223,593428,Xander Bogaerts,SD,CIN,False,5,SS,R,official,live,Brandon Williamson,L,1.36,57% hard · 18% break,0.04940786362700249,0.048261766994030064,0.04850753441847866,2,0.8935058,stable,,69.6% ideal AA; Air starter; 15.4% K; 126 air,0.8461471306415238,1.0903776559123328,1.26,0.7,1,0.8278968409393,126,126 air · 94°F · out LF 6 · 69° dew · RHB,11,525,.322,0,36,10,6.1,89.2,41.6,0.131,43.5
224,660688,Keibert Ruiz,WSH,ATL,True,8,C,S,official,live,Grant Holmes,R,1.3,49% hard · 45% break,0.04904278013258408,0.04836939064576806,0.05222253249007358,2,0.97,stable,,101.6 last game; 57.9% pull air; 63.2% ideal AA; 18.5% K,0.9036056452256154,1.089848927110349,1.07,0.8152911965742693,1,0.8998080000000002,107,107 air · 88°F · in RF 7 · 72° dew · switch,9,315,.449,,,,4.6,88.2,36.4,0.119,60.2
225,621493,Taylor Ward,SEA,BOS,False,5,RF,R,official,preview,Patrick Sandoval,L,1.2,42% hard · 34% break,0.0489906601960877,0.04823221542903089,0.049801808693229824,2.9200000000000017,0.9531414,stable,,100.2 last game; 28.6% pull air; 78.6% ideal AA,0.7437563643930953,0.8886604389135065,0.82,0.7926016560239335,1,0.8998080000000002,82,82 air · 72°F · in RF 11 · 60° dew · RHB,7,581,.319,0,39,10,5.4,88.9,38.3,0.123,32.4
226,641857,Ryan McMahon,NYY,LAA,False,7,3B,L,projected,preview,Reid Detmers,L,0.99,47% hard · 43% break,0.04894118374936635,0.046629348100635015,0.04914277537979328,2,0.656496,fair,Weather not posted; Projected order,100.4 last game; 8.9% solid,1.1315268107816119,0.9629117565283061,0.84,0.72,1,1,84,84 air · 58° dew · LHB,10,311,.367,,,,9.6,91.1,48.1,0.16,39.5
227,702284,Cole Young,SEA,BOS,False,6,2B,L,official,preview,Patrick Sandoval,L,1.2,42% hard · 34% break,0.04886535793311897,0.046483244124390866,0.04612512463791796,2,0.9531414,stable,,trending +3.5 brl; 100.5 last game; 62.5% ideal AA,0.8954583893345089,0.9653836670681734,0.8,0.7413153533625575,1,1.22,80,80 air · 72°F · in RF 11 · 60° dew · LHB,16,555,.385,1,41,10,4.8,88.3,37.4,0.13,42.5
228,681082,Bryson Stott,PHI,AZ,False,5,3B,L,official,preview,Taylor Clarke,R,0.87,41% hard · 31% break,0.04878909152286166,0.04669524383546053,0.06702054559492147,2.8000000000000007,0.97,stable,,24% pull air; 68% ideal AA; 15.5% K,0.8359066065210905,0.9732931364688822,1.06,0.8588648956092428,1,0.9191930262068966,106,106 air · 72°F · roof closed · LHB,10,523,.406,1,38,10,5.8,89.2,37.9,0.134,36.8
229,664770,Nathan Lukes,TOR,CLE,False,5,RF,L,projected,preview,Joey Cantillo,L,0.99,40% hard · 35% break,0.048727460209550766,0.046614847948310834,0.04813425809277261,2,0.69588576,fair,Weather not posted; Projected order,trending +8.6 brl,0.7394498910046206,0.9332151964273676,0.97,0.7919003001116695,1,1.206336,97,97 air · 73° dew · LHB,10,368,.384,,,,2.5,86.8,27.7,0.089,34
230,650333,Luis Arraez,PHI,AZ,False,4,2B,L,official,preview,Taylor Clarke,R,0.87,41% hard · 31% break,0.04846204979929042,0.04634195715064793,0.04677071015004808,3,0.97,stable,,39.5% sweet; 15.5% K,0.6031367137890805,0.9327144550790856,1.06,0.7,1,0.8,106,106 air · 72°F · roof closed · LHB,6,572,.432,,,,1.2,86.3,19,0.09,30.8
231,703520,Brett Bateman,TOR,CLE,False,1,CF,L,projected,preview,Joey Cantillo,L,0.99,40% hard · 35% break,0.047456177932269514,0.04453581749372404,0.04804188308364998,3,0.57645167616,fair,Weather not posted; Projected order,#1,0.6509217767838289,0.8677930573110288,0.97,0.7355882352941177,1,0.8,97,97 air · 73° dew · LHB,0,92,.390,0,43,10,0,82.7,17.2,0.049,28.1
232,682877,Juan Brito,CIN,SD,True,7,2B,S,official,live,Casey Mize,R,1.03,45% hard · 32% break,0.047275416034317924,0.04444219149340345,0.05092239375693142,2,0.5940000000000001,fair,Short season sample,125 air,0.7329359611981723,1.0192711129524585,1.25,0.7449086021505377,1,1,125,125 air · 94°F · out LF 6 · 69° dew · switch,1,62,.304,,,,2.7,84.5,29.7,0.078,51.4
233,666139,Josh Lowe,LAA,NYY,True,7,RF,L,projected,preview,Cam Schlittler,R,0.77,90% hard · 10% break,0.046817351385108105,0.04455044444322609,0.045525412607717364,2,0.69588576,fair,Weather not posted; Projected order,61.1% ideal AA,1.0306637694370024,0.8350987880396387,0.84,0.9690792451486459,1,0.8240000000000001,84,84 air · 58° dew · LHB,10,290,.351,,,,7.6,88.6,36.8,0.159,35.7
234,691011,Drew Romo,CWS,HOU,False,9,C,S,projected,preview,Hayden Wesneski,R,0.55,57% hard · 31% break,0.04673125321934683,0.04383965702617265,0.047297742723320324,2,0.59359055328,fair,Weather not posted; Projected order,103.4 last game,0.9143548525253555,0.8426242374638858,1.03,0.9080101098812035,1,0.8400000000000001,103,103 air · 78° dew · switch,7,200,.291,1,36,10,6.1,84.4,26.5,0.106,37.9
235,680757,Steven Kwan,CLE,TOR,True,1,CF,L,projected,preview,Dylan Cease,R,0.6,45% hard · 43% break,0.046673599561413745,0.044395080641489004,0.047429286583396846,3,0.69588576,fair,Weather not posted; Projected order,40% sweet; #1,0.5301418996640103,0.7414610690727395,0.97,0.7263150281057621,1,1.1672727272727272,97,97 air · 73° dew · LHB,2,534,.335,0,48,10,0.5,83.8,9.4,0.063,28.1
236,676609,José Caballero,NYY,LAA,False,8,SS,R,projected,preview,Reid Detmers,L,0.99,47% hard · 43% break,0.046047586793508594,0.04371849984370735,0.044871131045784995,2,0.69588576,fair,Weather not posted; Projected order,20–30° last 5; 67.9% ideal AA,0.8313888453063334,0.9708721862266126,0.84,0.8471055918625947,1,0.978706684385382,84,84 air · 58° dew · RHB,13,410,.373,1,37,10,4.3,83.8,25.7,0.111,43.4
237,695490,Edwin Arroyo,CIN,SD,True,9,3B,S,official,live,Casey Mize,R,1.03,45% hard · 32% break,0.04590734000603412,0.04497237922847075,0.04412301048157996,2,0.94176,stable,,100.2 last game; 43.5% sweet; 125 air,0.630814797181998,1.0192711129524585,1.25,0.72,1,1,125,125 air · 94°F · out LF 6 · 69° dew · switch,0,156,.271,,,,2.9,87.8,26.9,0.082,42.6
238,701675,Nathan Church,STL,LAD,False,9,CF,L,projected,preview,Yoshinobu Yamamoto,R,0.91,55% hard · 18% break,0.045500697030682116,0.04312743344538139,0.046185287712407375,2,0.69588576,fair,Weather not posted; Projected order,110 air,0.8548205450246269,0.8627759253982129,1.1,0.9133946599082841,1,0.8,110,110 air · 53° dew · LHB,10,387,.365,,,,6.1,85.8,29.7,0.12,33.4
239,665926,Andrés Giménez,TOR,CLE,False,7,SS,L,projected,preview,Joey Cantillo,L,0.99,40% hard · 35% break,0.04497658864795331,0.04256098866040148,0.04533045075031916,2,0.69588576,fair,Weather not posted; Projected order,trending +4.9 brl; 83.3% ideal AA,0.6804713940376703,0.9332151964273676,0.97,0.7621935910613674,1,1.22,97,97 air · 73° dew · LHB,8,439,.354,,,,3.4,85.6,24.5,0.093,39.6
240,685133,Wade Meckler,LAA,NYY,True,3,LF,L,projected,preview,Cam Schlittler,R,0.77,90% hard · 10% break,0.04391214877585112,0.04141056551445277,0.044578819706937334,3,0.69588576,fair,Weather not posted; Projected order,101 last game; 73.3% ideal AA; #3,0.6753228095960697,0.8350987880396387,0.84,0.7037256805243932,1,0.8652000000000001,84,84 air · 58° dew · LHB,3,251,.392,0,40,10,2.9,86.9,33.1,0.098,34.9
241,667472,Dane Myers,CIN,SD,True,6,CF,R,official,live,Casey Mize,R,1.03,45% hard · 32% break,0.043123970724370186,0.04229632537979855,0.04264441812625863,2,0.97,stable,,126 air,0.83754367713722,0.9304167824296988,1.26,0.7,1,0.8,126,126 air · 94°F · out LF 6 · 69° dew · RHB,6,279,.368,1,39,10,4.7,89,34.9,0.123,24.6
242,595879,Javier Báez,DET,MIN,False,8,RF,R,projected,preview,Dean Kremer,R,2.15,58% hard · 15% break,0.04306232706789946,0.04039797831058456,0.04323690996746099,2,0.6818555552256,fair,Weather not posted; Projected order,trending +4.4 brl; 107.8 last game,0.6515658508699145,1.055823559948312,0.9,0.7,1,1.206336,90,90 air · 65° dew · RHB,2,169,.360,,,,2.3,85.8,34.6,0.072,43.8
243,694378,Jacob Gonzalez,PIT,SF,True,7,SS,L,projected,preview,Landen Roupp,R,0.71,53% hard · 26% break,0.04225120498514892,0.03961545408446665,0.04271341395946626,2,0.69588576,fair,Weather not posted; Projected order,104 last game; 90.9% ideal AA; 8.9% solid,0.9053096745230358,0.7724126162582436,0.93,0.911945540201005,1,0.8652000000000001,93,93 air · 74° dew · LHB,6,197,.365,,,,3.4,87.8,35.9,0.136,43.2
244,657136,Connor Wong,BOS,SEA,True,9,C,R,official,preview,Bryce Miller,R,1.63,53% hard · 22% break,0.04139262749280796,0.03868752245989404,0.03459925295857369,2,0.97,stable,,105.3 last game,0.7795446865967901,1.006666559961804,0.82,0.7,1,0.8560000000000001,82,82 air · 72°F · in RF 11 · 60° dew · RHB,4,218,.363,1,37,10,4.9,86.2,36.4,0.116,41.3
245,702332,Caleb Durbin,BOS,SEA,True,6,3B,R,official,preview,Bryce Miller,R,1.63,53% hard · 22% break,0.04136732338685717,0.038660174340064746,0.038664312542539526,2.3090909090909086,0.97,stable,,68% ideal AA,0.7118790313890158,1.006666559961804,0.82,0.762869760062103,1,0.8240000000000001,82,82 air · 72°F · in RF 11 · 60° dew · RHB,12,503,.386,0,37,10,2.6,83.5,25.5,0.082,39.8
246,805999,A.J. Ewing,NYM,TB,False,8,CF,L,projected,preview,Griffin Jax,R,1.37,42% hard · 34% break,0.04063157915442408,0.037864998194682586,0.04045379907885427,2,0.69588576,fair,Weather not posted; Projected order,,0.8480035122304145,0.9559546925274537,1.01,0.7259790803348165,1,0.78,101,101 air · roof closed · LHB,7,404,.349,0,42,10,7,89.2,41.5,0.137,30.6
247,663743,Nick Fortes,TB,NYM,True,7,C,R,projected,preview,Justin Hagenman,R,,,0.04014778448615308,0.034999124262490966,0.04056665714016372,2,0.3938975999999999,thin,No established starter; Weather not posted; Projected order,,0.6504472089312063,1,1.01,0.8184377288452311,1,0.78,101,101 air · roof closed · RHB,4,288,.365,,,,2.1,85,34.2,0.086,50.6
248,687597,Jordan Beck,COL,BAL,True,6,RF,R,official,preview,Trevor Rogers,L,1.05,65% hard · 13% break,0.040100633097922694,0.03881817365897677,0.04052877117267277,2.090322580645161,0.91368,stable,,55.6% ideal AA; 124 air,0.6887473484073919,0.8919097786615868,1.24,0.7557379512391353,1,0.8034,124,124 air · 85°F · out LF 8 · 43° dew · RHB,1,143,.311,,,,4.4,86.9,30.8,0.082,37.4
249,630105,Jake Cronenworth,SD,CIN,False,9,3B,L,official,live,Brandon Williamson,L,1.36,57% hard · 18% break,0.04006852620814448,0.03850222720216745,0.04069866364311103,2,0.8935058,stable,,20–30° last 5; Air starter; 15.4% K; 125 air,0.6345955336759818,1.0242428239146086,1.25,0.7620940313546901,1,0.8034,125,125 air · 94°F · out LF 6 · 69° dew · LHB,4,339,.292,0,39,10,3.2,87.2,29.3,0.085,29.7
250,683083,Nasim Nuñez,WSH,ATL,True,9,SS,S,official,live,Grant Holmes,R,1.3,49% hard · 45% break,0.03987820627183079,0.038965969898022035,0.04225008913243444,2,0.97,stable,,trending +3.9 brl; 18.5% K,0.535367007849711,1.0706322744234726,1.07,0.7479578432406773,1,1.1799840000000001,107,107 air · 88°F · in RF 7 · 72° dew · switch,1,456,.250,,,,0.6,85.1,21.5,0.051,32.9
251,703601,Max Clark,DET,MIN,False,7,CF,L,projected,preview,Dean Kremer,R,2.15,58% hard · 15% break,0.03962329995096167,0.03601470328685408,0.0400310218658424,2,0.5952948277248001,fair,Weather not posted; Projected order,38.5% sweet,0.7848573893407178,1.0685522052969052,0.9,0.7463017172450797,1,0.78,90,90 air · 65° dew · LHB,2,112,.396,,,,1.3,86.4,38.5,0.089,35.9
252,675961,Alika Williams,ATH,TEX,False,7,SS,R,official,live,Cody Bradford,L,0.34,52% hard · 15% break,0.039116568389612895,0.035940973585137925,0.039465738402300055,2,0.6580480000000001,fair,Starter sample thin,9.1% solid; Air starter; 11.4% K,0.7106673531089518,0.95110128920098,1.08,0.7673063674380975,1,0.78,108,108 air · 74°F · roof closed · RHB,2,170,.405,,,,0.8,85,34.2,0.078,37.2
253,664728,Kyle Isbel,KC,MIA,True,9,CF,L,projected,preview,Eury Pérez,R,0.96,56% hard · 35% break,0.038789459620466066,0.035874076015786516,0.037316330185063196,2,0.69588576,fair,Weather not posted; Projected order,,0.7289604626501687,0.9001225225395172,0.96,0.8103492088064999,1,0.78,96,96 air · 66° dew · LHB,6,262,.356,2,38,10,3.2,88.5,34.2,0.088,31.6
254,805367,Chase Meidroth,CWS,HOU,False,8,2B,R,projected,preview,Hayden Wesneski,R,0.55,57% hard · 31% break,0.03870169168988056,0.03498527725631195,0.03765002443166643,2,0.59359055328,fair,Weather not posted; Projected order,22.2% pull air; 70.4% ideal AA,0.7434432918870578,0.8426242374638858,1.01,0.717771762602564,1,0.85696,101,101 air · 78° dew · RHB,12,557,.401,0,44,10,4.3,87.6,34.6,0.1,40.8
255,668942,Josh Rojas,KC,MIA,True,7,3B,L,projected,preview,Eury Pérez,R,0.96,56% hard · 35% break,0.03866586671912745,0.03484652106657149,0.03905446901728005,2,0.58110048,fair,Weather not posted; Projected order,41.7% pull air,0.7800697767789488,0.9001225225395172,0.96,0.7425186139028477,1,0.8320000000000001,96,96 air · 66° dew · LHB,2,95,.371,,,,1.3,86.6,30.3,0.08,34.2
256,641487,J.P. Crawford,SEA,BOS,False,8,SS,L,official,preview,Patrick Sandoval,L,1.2,42% hard · 34% break,0.038344414683669385,0.0349989462673953,0.034275765154325066,2,0.9531414,stable,,104.9 last game,0.8719606533656625,0.8935671369022916,0.8,0.72,1,0.8400000000000001,80,80 air · 72°F · in RF 11 · 60° dew · LHB,10,390,.341,,,,6,87.9,35.7,0.121,35.7
257,670764,Taylor Walls,TB,NYM,True,9,SS,S,projected,preview,Justin Hagenman,R,,,0.03724659716371254,0.03187793440771247,0.037609294010684025,2,0.4175314559999999,thin,No established starter; Weather not posted; Projected order,100.3 last game; 33.3% pull air; 80% ideal AA,0.5663773417275814,1,1.01,0.7,1,0.8998080000000002,101,101 air · roof closed · switch,2,398,.294,0,38,10,1.9,85.6,22.1,0.069,40.5
258,683953,Travis Bazzana,CLE,TOR,True,7,2B,L,projected,preview,Dylan Cease,R,0.6,45% hard · 43% break,0.03699748330078586,0.0339373475173691,0.036632172049454015,2,0.69588576,fair,Weather not posted; Projected order,18.8% pull air,0.783171278940816,0.7414610690727395,0.97,0.8201923206133375,1,0.8320000000000001,97,97 air · 73° dew · LHB,9,434,.365,0,41,10,4.5,87.8,36.5,0.114,38.7
259,686555,Isaac Collins,KC,MIA,True,8,LF,S,projected,preview,Eury Pérez,R,0.96,56% hard · 35% break,0.036092095100642936,0.03295882391184479,0.03526993264801437,2,0.69588576,fair,Weather not posted; Projected order,,0.7387974665983728,0.9001225225395172,0.96,0.7,1,0.8,96,96 air · 66° dew · switch,6,455,.350,0,37,10,5.4,88.6,40.1,0.09,39.5
260,669707,Jared Triolo,PIT,SF,True,8,3B,R,projected,preview,Landen Roupp,R,0.71,53% hard · 26% break,0.03544336339032293,0.03225768898198811,0.03594719026895321,2,0.69588576,fair,Weather not posted; Projected order,63.6% ideal AA; pull × porch,0.5936879050079387,0.8310164509589077,0.88,0.7,1,1.22,88,88 air · 74° dew · pull × porch · RHB,3,327,.318,1,36,10,2.6,86.7,34.9,0.077,39.7
261,691594,Javier Sanoja,MIA,KC,False,9,2B,R,projected,preview,Noah Cameron,L,0.9,50% hard · 29% break,0.03457441145533874,0.03131854488853314,0.03409797594233788,2,0.69588576,fair,Weather not posted; Projected order,21.2% pull air,0.6319448570475766,0.8850616547242857,0.96,0.7998633664245138,1,0.78,96,96 air · 66° dew · RHB,6,392,.418,0,41,10,2.1,86.7,30.5,0.075,38.5
262,673490,Ha-Seong Kim,ATL,WSH,False,9,SS,R,official,live,Brad Lord,R,0.99,61% hard · 34% break,0.03432213388123293,0.03175974622753219,0.03356310882204583,2,0.8700480000000002,stable,,109 last game; 20% pull air,0.6222147495741038,0.8467974341334173,1.07,0.7,1,0.8902400000000001,107,107 air · 88°F · in RF 7 · 72° dew · RHB,0,100,.111,,,,3.3,86.8,27,0.056,46
263,676391,Ernie Clement,TOR,CLE,False,8,2B,R,projected,preview,Joey Cantillo,L,0.99,40% hard · 35% break,0.03411755522050146,0.03082478474227912,0.03444422384117485,2,0.69588576,fair,Weather not posted; Projected order,,0.6500292126961722,0.8720191140275628,0.97,0.796480439068499,1,0.78,97,97 air · 73° dew · RHB,9,538,.389,0,36,10,2.2,84.2,20,0.079,40.7
264,802415,Chandler Simpson,TB,NYM,True,6,LF,L,projected,preview,Justin Hagenman,R,,,0.03350945008159122,0.02760766884919552,0.03380340328678644,2,0.4175314559999999,thin,No established starter; Weather not posted; Projected order,,0.5171941094181066,1,1.01,0.7,1,0.78,101,101 air · roof closed · LHB,0,526,.363,0,41,10,0,83.7,12.9,0.037,29.4
265,677587,Brayan Rocchio,CLE,TOR,True,9,SS,S,projected,preview,Dylan Cease,R,0.6,45% hard · 43% break,0.03350671011003569,0.030164596814254985,0.033797630512397925,2,0.69588576,fair,Weather not posted; Projected order,26.9% pull air; 61.5% ideal AA,0.7186317384959675,0.7414610690727395,0.97,0.7434983053125712,1,0.85696,97,97 air · 73° dew · switch,10,512,.361,0,37,10,3,86.7,30.9,0.103,43.3
266,664702,Myles Straw,TOR,CLE,False,9,LF,R,projected,preview,Joey Cantillo,L,0.99,40% hard · 35% break,0.033021013834920974,0.029639666988308555,0.033974857824482285,2,0.69588576,fair,Weather not posted; Projected order,,0.6552158183130188,0.9332151964273676,0.97,0.7190626322670262,1,0.78,97,97 air · 73° dew · RHB,3,275,.340,,,,3.3,85.8,25.6,0.099,35.8
267,672724,Oswald Peraza,LAA,NYY,True,8,3B,R,projected,preview,Cam Schlittler,R,0.77,90% hard · 10% break,0.032948393502868004,0.029211219880860173,0.034269733264347346,2,0.656496,fair,Weather not posted; Projected order,,0.8161259167859213,0.8873827508302132,0.84,0.7,1,0.78,84,84 air · 58° dew · RHB,7,341,.344,,,,6.5,87.2,35.8,0.112,34.9
268,683766,Christian Koss,SF,PIT,False,9,SS,R,projected,preview,Bubba Chandler,R,0.76,55% hard · 30% break,0.03199173733065163,0.02810315625833293,0.03203830243153338,2,0.64928293632,fair,Weather not posted; Projected order,pull × porch,0.6711529395782647,0.8568786317739205,0.88,0.7,1,0.8173573573573575,88,88 air · 74° dew · pull × porch · RHB,1,139,.266,1,37,10,5.4,85.5,30.9,0.073,42.6
269,702222,Justin Crawford,PHI,AZ,False,7,CF,L,official,preview,Taylor Clarke,R,0.87,41% hard · 31% break,0.029750234145810517,0.028573396963009312,0.02997485716127013,2,0.97,stable,,15.5% K,0.5585031973141812,0.9327144550790856,1.06,0.7,1,0.78,106,106 air · 72°F · roof closed · LHB,2,405,.352,,,,1.3,87.1,35.5,0.062,26.7
270,623168,Tyler Heineman,LAA,NYY,True,9,C,S,projected,preview,Cam Schlittler,R,0.77,90% hard · 10% break,0.027741191023685684,0.023933350898741823,0.028798896748778446,2,0.69588576,fair,Weather not posted; Projected order,,0.5757598829323921,0.8873827508302132,0.84,0.7,1,0.8,84,84 air · 58° dew · switch,1,172,.230,,,,0.7,81.3,11.7,0.045,48.9
